request_id,hospital_id,blood_type,units_requested,units_fulfilled,date,urgency_level,fulfillment_rate
1,29,AB+,10,8,2024-06-25,Routine,0.805
2,16,B+,2,2,2022-05-03,Routine,0.99
3,31,B+,2,1,2023-03-17,Routine,0.69
4,78,O+,2,2,2024-08-16,Routine,0.988
5,55,A+,5,4,2024-04-25,Routine,0.794
6,66,AB+,3,2,2022-12-27,Urgent,0.721
7,70,O+,7,5,2023-05-26,Routine,0.78
8,62,O+,1,1,2022-07-30,Urgent,0.772
9,71,O+,4,3,2023-05-29,Urgent,0.813
10,55,AB+,4,3,2023-06-21,Routine,0.677
11,70,B+,6,5,2022-11-06,Urgent,0.881
12,13,A+,10,8,2024-04-29,Routine,0.82
13,13,O+,5,5,2022-02-25,Urgent,0.961
14,19,A+,3,2,2022-09-18,Urgent,0.773
15,61,O+,6,5,2022-11-01,Urgent,0.835
16,49,O+,6,5,2023-05-01,Emergency,0.859
17,65,O+,6,6,2024-11-18,Routine,0.947
18,19,O+,9,6,2023-08-15,Routine,0.626
19,33,O+,4,3,2022-04-07,Urgent,0.7
20,14,A+,8,6,2022-11-12,Routine,0.691
21,71,B+,6,4,2022-01-08,Emergency,0.707
22,78,A+,4,3,2023-04-30,Urgent,0.702
23,45,A+,6,4,2024-08-21,Urgent,0.717
24,46,O+,8,6,2023-03-10,Routine,0.804
25,60,B-,10,7,2023-06-21,Urgent,0.687
26,56,B+,6,5,2023-07-01,Urgent,0.799
27,1,O+,10,8,2022-08-25,Routine,0.761
28,75,A+,2,2,2022-02-25,Routine,0.863
29,11,AB+,3,3,2022-02-26,Urgent,0.898
30,49,A+,7,5,2024-03-14,Urgent,0.698
31,77,A+,3,2,2023-02-06,Routine,0.638
32,46,O+,9,6,2022-10-01,Urgent,0.642
33,17,A+,6,6,2024-10-21,Routine,0.954
34,32,O+,4,3,2023-05-19,Routine,0.653
35,63,A+,3,2,2024-05-10,Urgent,0.735
36,21,A+,7,6,2023-04-17,Urgent,0.892
37,51,B+,6,6,2022-01-04,Urgent,0.967
38,67,O+,1,1,2023-02-19,Routine,0.866
39,13,O+,3,3,2023-11-26,Urgent,0.947
40,28,O+,7,6,2023-02-17,Routine,0.879
41,54,O+,1,1,2023-10-18,Urgent,0.832
42,7,O+,3,3,2024-04-07,Urgent,0.952
43,18,B+,6,3,2024-07-06,Emergency,0.549
44,62,AB-,1,0,2023-07-20,Routine,0.276
45,55,O+,2,2,2024-08-15,Routine,0.838
46,41,B-,7,2,2023-09-08,Routine,0.333
47,18,AB+,7,6,2023-09-06,Routine,0.834
48,31,A+,3,3,2022-10-13,Routine,0.893
49,52,O+,9,8,2022-07-16,Urgent,0.939
50,1,B+,10,9,2024-05-29,Urgent,0.949
51,14,A+,4,4,2022-10-28,Urgent,0.972
52,60,B+,2,1,2022-11-09,Routine,0.655
53,7,A+,2,2,2022-11-14,Routine,0.934
54,44,O+,10,9,2024-11-16,Urgent,0.889
55,17,A+,8,6,2023-08-17,Routine,0.707
56,68,O+,4,3,2024-11-21,Urgent,0.675
57,10,O+,6,5,2022-06-15,Urgent,0.866
58,33,O+,3,2,2024-01-12,Routine,0.603
59,38,O+,6,4,2023-08-03,Urgent,0.67
60,12,A+,4,3,2022-06-03,Urgent,0.685
61,10,O+,5,3,2024-10-10,Routine,0.627
62,11,B+,4,3,2022-02-04,Emergency,0.691
63,6,AB+,2,2,2024-07-27,Urgent,0.878
64,48,A+,3,3,2023-12-10,Routine,0.959
65,6,A+,2,2,2022-06-05,Routine,0.861
66,5,A+,5,5,2022-11-10,Emergency,0.994
67,52,A-,3,2,2023-04-27,Emergency,0.616
68,48,O+,7,5,2024-12-02,Routine,0.693
69,49,A+,9,6,2023-09-01,Routine,0.662
70,54,B+,7,5,2023-05-24,Routine,0.65
71,22,O+,10,9,2024-12-10,Routine,0.858
72,30,O+,4,3,2024-06-03,Routine,0.789
73,31,B+,10,9,2023-03-07,Urgent,0.946
74,44,O+,5,3,2023-12-02,Routine,0.635
75,71,A+,10,8,2022-04-07,Routine,0.799
76,7,O+,9,7,2024-03-08,Urgent,0.751
77,4,A+,9,9,2024-09-17,Urgent,0.954
78,23,O+,7,5,2023-04-09,Routine,0.757
79,6,O+,9,8,2022-05-28,Routine,0.908
80,1,AB-,10,5,2023-07-15,Emergency,0.468
81,28,A+,6,5,2023-10-10,Routine,0.767
82,4,A+,3,3,2022-11-12,Emergency,0.84
83,12,O+,6,6,2024-09-15,Routine,0.981
84,45,A+,7,6,2022-08-28,Routine,0.867
85,8,AB+,7,5,2022-11-04,Routine,0.782
86,14,A-,8,5,2022-03-25,Routine,0.65
87,52,AB-,3,2,2022-09-16,Routine,0.519
88,64,B+,5,3,2023-07-11,Urgent,0.636
89,46,A+,5,4,2023-04-17,Urgent,0.842
90,26,A+,1,1,2022-08-18,Urgent,0.952
91,16,A+,2,2,2023-09-03,Urgent,0.818
92,72,A+,6,5,2024-06-16,Routine,0.769
93,36,A+,7,6,2022-02-17,Routine,0.864
94,68,A+,1,1,2022-12-31,Urgent,0.928
95,19,O+,10,7,2022-12-03,Urgent,0.653
96,3,A+,8,5,2022-06-20,Urgent,0.682
97,79,A+,10,7,2023-02-18,Routine,0.673
98,8,B+,10,9,2024-11-14,Urgent,0.947
99,64,O+,6,3,2024-08-13,Emergency,0.581
100,27,A+,6,6,2024-08-10,Routine,0.923
101,77,O+,9,8,2024-02-22,Routine,0.87
102,76,O+,8,7,2022-01-16,Routine,0.873
103,62,O+,4,3,2023-12-30,Routine,0.838
104,14,O-,5,1,2024-01-01,Routine,0.238
105,43,A+,5,4,2024-04-29,Routine,0.739
106,13,O+,3,2,2023-07-18,Urgent,0.782
107,50,B+,1,1,2023-06-11,Routine,0.808
108,10,O+,6,4,2024-10-17,Urgent,0.63
109,23,O+,3,2,2024-10-20,Urgent,0.789
110,74,AB+,1,1,2023-06-12,Urgent,0.982
111,61,O+,6,5,2022-12-19,Urgent,0.774
112,28,A+,5,4,2023-06-07,Routine,0.723
113,28,O+,8,6,2022-04-14,Routine,0.798
114,53,A+,7,5,2023-08-02,Routine,0.656
115,12,O+,7,6,2024-08-10,Routine,0.908
116,30,B+,8,6,2024-11-04,Routine,0.714
117,44,O+,9,7,2023-06-02,Urgent,0.733
118,65,A+,4,3,2022-11-12,Routine,0.763
119,20,A+,5,5,2023-10-07,Emergency,0.98
120,48,AB+,5,5,2022-08-28,Routine,0.963
121,65,O-,9,6,2022-01-03,Routine,0.696
122,76,AB+,5,4,2023-07-18,Urgent,0.871
123,70,A+,7,6,2024-08-11,Urgent,0.793
124,76,O+,9,6,2022-10-30,Urgent,0.676
125,30,O+,7,6,2023-04-05,Emergency,0.789
126,27,A+,4,3,2022-12-18,Routine,0.633
127,61,B+,10,7,2024-05-14,Urgent,0.748
128,12,A+,3,3,2023-06-29,Routine,0.844
129,75,A+,2,2,2023-10-23,Emergency,0.93
130,71,B+,8,6,2023-01-29,Routine,0.703
131,40,AB-,2,1,2022-12-05,Urgent,0.293
132,21,A+,10,10,2022-07-02,Urgent,0.996
133,66,A+,5,4,2024-03-22,Urgent,0.743
134,18,A+,10,6,2022-08-13,Routine,0.639
135,4,A+,2,1,2022-05-03,Urgent,0.675
136,69,O+,3,2,2022-10-08,Urgent,0.787
137,39,O+,10,8,2023-06-25,Emergency,0.79
138,47,O+,8,8,2022-02-28,Routine,0.985
139,18,B-,5,1,2022-09-14,Routine,0.236
140,64,O+,2,1,2023-02-24,Routine,0.631
141,40,B+,10,9,2023-11-29,Urgent,0.876
142,40,O+,8,5,2024-04-10,Urgent,0.632
143,60,B+,2,1,2024-02-19,Emergency,0.727
144,11,AB+,10,7,2022-08-19,Routine,0.684
145,70,O+,9,8,2023-02-06,Urgent,0.881
146,25,B+,10,9,2023-11-22,Emergency,0.935
147,13,O+,4,3,2023-01-25,Urgent,0.792
148,34,O+,5,3,2024-07-20,Urgent,0.6
149,34,O+,5,5,2023-01-25,Routine,0.949
150,1,A+,8,6,2022-01-29,Urgent,0.695
151,41,AB+,2,1,2022-08-23,Emergency,0.605
152,27,A+,1,1,2023-11-12,Emergency,0.552
153,75,B+,5,4,2023-06-17,Urgent,0.774
154,78,O+,2,2,2022-11-17,Routine,0.941
155,7,B+,6,4,2024-07-18,Urgent,0.728
156,1,O+,5,4,2022-12-08,Urgent,0.749
157,76,A+,9,8,2022-10-25,Urgent,0.875
158,67,A-,5,1,2024-12-02,Routine,0.265
159,72,A+,10,7,2022-02-01,Routine,0.712
160,66,O+,2,1,2023-08-14,Urgent,0.617
161,23,B+,2,2,2024-05-05,Routine,0.829
162,58,A-,6,2,2024-11-13,Urgent,0.308
163,18,A+,9,7,2022-09-01,Emergency,0.78
164,20,A+,10,8,2024-06-18,Routine,0.782
165,65,O+,6,5,2022-06-24,Urgent,0.866
166,70,O+,4,4,2022-04-24,Emergency,0.877
167,10,A+,1,1,2024-06-10,Routine,0.791
168,70,O+,10,8,2022-12-04,Emergency,0.821
169,35,A+,2,2,2023-03-04,Routine,0.755
170,25,A+,2,2,2024-12-16,Routine,0.802
171,50,A+,6,6,2024-02-16,Routine,0.945
172,44,A+,6,6,2022-07-20,Urgent,0.92
173,68,A+,5,3,2022-06-24,Urgent,0.653
174,53,O+,1,1,2023-05-11,Routine,0.762
175,56,A-,3,1,2022-01-10,Routine,0.472
176,62,B+,3,2,2024-10-05,Emergency,0.604
177,47,A+,10,10,2023-06-08,Routine,0.987
178,17,AB+,10,9,2023-06-03,Routine,0.882
179,60,A+,10,9,2023-09-29,Urgent,0.868
180,73,O+,1,1,2022-12-12,Routine,0.802
181,16,B+,8,6,2023-04-21,Urgent,0.74
182,30,O+,10,9,2022-11-08,Urgent,0.87
183,73,B-,10,7,2022-07-01,Routine,0.673
184,20,B+,5,3,2024-06-13,Routine,0.673
185,51,B+,1,1,2023-05-21,Urgent,0.715
186,51,O-,6,1,2024-05-28,Routine,0.209
187,41,AB+,7,6,2023-08-04,Emergency,0.922
188,60,O+,8,6,2022-02-24,Urgent,0.697
189,30,O+,2,2,2022-12-06,Routine,0.998
190,55,B+,3,2,2024-04-22,Emergency,0.659
191,9,O+,6,4,2024-02-17,Routine,0.685
192,42,A+,5,5,2023-10-28,Routine,0.99
193,47,O+,2,1,2024-09-29,Routine,0.669
194,74,B+,4,2,2023-07-28,Emergency,0.553
195,62,O+,1,1,2024-08-22,Emergency,0.556
196,55,A+,2,1,2023-06-04,Urgent,0.623
197,69,A+,1,1,2022-10-12,Urgent,0.931
198,57,O-,2,1,2022-10-13,Urgent,0.506
199,47,AB+,6,5,2022-12-21,Urgent,0.784
200,27,A+,3,2,2022-03-23,Routine,0.798
201,71,O+,3,3,2023-08-16,Urgent,0.928
202,12,O-,6,3,2022-06-14,Urgent,0.542
203,17,A+,9,7,2022-08-25,Urgent,0.751
204,19,A+,10,7,2024-06-30,Routine,0.67
205,42,B+,2,1,2022-12-26,Urgent,0.688
206,27,O+,9,8,2022-07-29,Emergency,0.893
207,11,A+,3,2,2023-12-19,Routine,0.653
208,12,A+,6,6,2022-09-30,Routine,0.996
209,40,AB+,2,2,2023-09-19,Routine,0.8
210,39,O+,2,1,2023-01-21,Emergency,0.676
211,63,B+,7,6,2023-01-25,Routine,0.837
212,26,O+,3,2,2024-09-29,Routine,0.826
213,74,B+,7,5,2022-09-06,Urgent,0.748
214,67,AB+,3,2,2023-10-26,Emergency,0.507
215,68,O+,8,8,2024-01-16,Routine,0.996
216,60,A+,5,5,2024-03-24,Urgent,0.903
217,53,A+,3,2,2023-02-25,Emergency,0.828
218,23,A+,10,9,2022-02-19,Routine,0.889
219,59,O+,1,1,2023-04-12,Urgent,0.655
220,52,A+,9,6,2024-07-29,Routine,0.618
221,5,B+,4,3,2024-05-09,Routine,0.805
222,3,O+,3,3,2023-12-04,Routine,0.896
223,41,B+,6,4,2023-05-15,Emergency,0.647
224,62,O+,6,5,2022-06-17,Routine,0.903
225,35,O+,5,4,2022-01-15,Urgent,0.734
226,11,O+,5,3,2022-05-18,Urgent,0.664
227,8,O+,9,7,2024-12-21,Urgent,0.793
228,72,A+,10,10,2022-03-19,Urgent,0.964
229,47,O+,2,2,2024-05-26,Urgent,0.808
230,39,A+,9,8,2024-11-30,Emergency,0.922
231,42,A+,1,1,2023-05-11,Emergency,0.834
232,24,A+,1,1,2022-08-14,Routine,0.984
233,54,AB+,10,7,2022-02-28,Urgent,0.678
234,37,B+,1,1,2023-12-14,Urgent,0.652
235,11,B+,2,1,2023-09-01,Emergency,0.741
236,10,A+,6,6,2023-11-06,Routine,0.952
237,14,O+,4,3,2022-03-08,Urgent,0.764
238,42,O+,9,7,2023-02-15,Routine,0.776
239,67,O+,10,7,2024-09-16,Urgent,0.73
240,40,O+,8,7,2023-03-21,Emergency,0.857
241,42,A+,4,4,2022-02-14,Routine,0.984
242,66,O+,5,4,2022-09-12,Emergency,0.726
243,51,A+,4,3,2024-01-24,Urgent,0.65
244,27,A+,2,2,2023-08-29,Routine,0.806
245,40,B+,8,6,2022-11-07,Emergency,0.733
246,40,O+,10,8,2023-04-10,Routine,0.808
247,13,O+,3,2,2022-08-19,Routine,0.791
248,72,O+,5,3,2022-05-23,Routine,0.623
249,49,A+,8,8,2022-05-04,Routine,0.955
250,26,B+,4,3,2022-09-11,Urgent,0.76
251,63,A+,10,7,2023-05-12,Routine,0.699
252,75,A+,7,5,2024-05-25,Urgent,0.774
253,3,A+,8,7,2022-07-28,Urgent,0.897
254,68,AB+,5,4,2023-05-14,Routine,0.815
255,1,O+,2,2,2022-11-12,Urgent,0.943
256,35,A+,3,2,2023-05-23,Routine,0.761
257,10,O+,6,5,2022-05-27,Emergency,0.786
258,7,A+,1,1,2023-12-17,Routine,0.65
259,9,O+,3,2,2022-12-05,Routine,0.699
260,73,B+,1,1,2024-06-15,Urgent,0.714
261,43,B+,10,9,2023-05-20,Routine,0.931
262,42,B+,7,7,2022-12-09,Routine,0.954
263,71,B+,9,8,2023-10-06,Urgent,0.927
264,56,AB+,6,4,2023-04-29,Routine,0.706
265,76,O+,8,6,2023-11-12,Routine,0.689
266,69,AB-,1,0,2022-08-08,Routine,0.213
267,40,AB+,1,1,2023-10-30,Emergency,0.792
268,70,O+,8,7,2022-01-20,Routine,0.842
269,36,O+,3,2,2022-06-10,Emergency,0.633
270,42,B+,5,4,2022-02-09,Routine,0.707
271,38,B+,9,8,2023-12-19,Routine,0.936
272,71,O+,7,4,2024-01-19,Emergency,0.599
273,60,A+,5,3,2023-04-02,Urgent,0.696
274,58,AB+,8,7,2024-06-28,Routine,0.912
275,49,O+,7,5,2022-05-20,Routine,0.749
276,40,B+,1,1,2022-11-26,Urgent,0.755
277,57,B+,9,8,2022-11-29,Routine,0.842
278,20,O+,6,5,2022-09-28,Urgent,0.796
279,66,A+,8,8,2022-07-06,Urgent,0.974
280,47,A+,5,5,2023-04-11,Routine,0.98
281,5,B+,8,7,2022-04-24,Routine,0.909
282,78,A+,10,8,2023-12-08,Urgent,0.765
283,59,O+,1,1,2022-05-22,Routine,0.615
284,22,A+,2,1,2022-10-30,Routine,0.726
285,19,A-,10,4,2023-11-18,Urgent,0.381
286,25,O+,2,2,2023-06-22,Routine,0.993
287,63,A+,7,4,2023-04-15,Routine,0.623
288,12,A+,4,3,2022-11-05,Urgent,0.638
289,5,B+,2,1,2022-06-27,Routine,0.644
290,19,O+,9,6,2022-02-01,Urgent,0.616
291,35,A+,6,5,2023-05-22,Routine,0.864
292,69,O+,1,1,2022-03-03,Routine,0.882
293,23,O+,2,2,2022-05-03,Routine,0.913
294,18,A+,5,5,2024-08-28,Routine,0.942
295,61,A+,5,3,2023-01-05,Routine,0.626
296,42,O+,4,4,2022-09-03,Urgent,0.93
297,66,A+,9,8,2024-07-11,Urgent,0.881
298,78,O+,5,4,2023-02-12,Urgent,0.839
299,49,A+,8,6,2022-08-04,Urgent,0.791
300,10,A+,7,7,2024-03-29,Emergency,0.963
301,34,A+,8,8,2022-08-31,Urgent,0.951
302,22,O+,5,4,2024-06-25,Urgent,0.8
303,79,A+,10,8,2022-07-10,Urgent,0.85
304,1,A+,2,1,2023-01-02,Routine,0.632
305,32,B+,8,7,2022-01-31,Routine,0.924
306,46,A+,1,1,2024-09-25,Routine,0.912
307,11,O+,1,1,2022-07-24,Routine,0.659
308,62,O+,4,3,2023-08-17,Urgent,0.725
309,39,A+,8,6,2022-10-26,Urgent,0.752
310,37,O+,10,8,2023-12-06,Urgent,0.751
311,15,O-,1,0,2024-11-17,Routine,0.447
312,10,B-,5,3,2022-02-23,Routine,0.678
313,12,O+,1,1,2024-03-22,Urgent,0.615
314,80,A+,5,4,2023-04-07,Routine,0.88
315,38,O+,9,8,2022-01-27,Routine,0.902
316,27,A+,6,5,2024-12-01,Urgent,0.825
317,33,B+,4,4,2024-03-31,Routine,0.91
318,24,O+,5,5,2022-05-18,Routine,0.96
319,26,B+,8,6,2023-05-06,Routine,0.733
320,13,B+,10,8,2022-02-04,Routine,0.781
321,17,A+,3,3,2022-01-19,Urgent,0.984
322,21,A+,7,6,2024-01-15,Urgent,0.803
323,47,O+,5,4,2022-12-13,Urgent,0.706
324,13,O+,5,4,2022-07-13,Routine,0.733
325,14,AB+,6,5,2023-05-02,Routine,0.89
326,33,A+,8,6,2023-12-22,Routine,0.719
327,32,B+,2,1,2024-02-17,Routine,0.743
328,35,A+,9,6,2023-02-10,Emergency,0.712
329,78,O+,2,1,2023-03-24,Routine,0.749
330,64,A+,3,2,2024-09-06,Urgent,0.623
331,36,O+,4,4,2022-01-13,Urgent,0.936
332,66,A+,6,4,2023-09-29,Routine,0.612
333,72,B+,5,4,2023-01-23,Emergency,0.845
334,55,O+,4,2,2023-10-27,Urgent,0.625
335,9,B+,2,1,2024-12-16,Routine,0.647
336,73,O+,8,6,2022-03-06,Routine,0.798
337,23,O+,1,1,2023-09-18,Routine,0.957
338,52,O+,7,4,2022-01-04,Emergency,0.562
339,47,B+,4,4,2023-05-03,Routine,0.979
340,20,AB+,7,7,2023-08-06,Urgent,0.973
341,37,O+,4,3,2024-06-08,Urgent,0.852
342,80,A-,2,1,2024-01-10,Routine,0.343
343,77,O+,8,7,2024-07-12,Routine,0.828
344,22,A+,5,3,2023-10-04,Routine,0.692
345,3,O+,6,5,2024-07-17,Routine,0.821
346,16,A+,8,5,2023-09-22,Routine,0.672
347,7,AB+,2,2,2022-10-29,Urgent,0.887
348,25,O+,8,7,2024-06-18,Urgent,0.914
349,24,O+,4,4,2022-01-26,Routine,0.982
350,17,A+,3,3,2024-07-17,Urgent,0.868
351,63,A+,5,4,2024-02-12,Routine,0.755
352,51,A+,5,3,2023-09-22,Urgent,0.698
353,65,A-,9,4,2024-09-13,Urgent,0.436
354,73,B+,4,4,2023-07-01,Urgent,0.938
355,5,O+,8,8,2022-10-05,Emergency,0.964
356,53,O+,2,2,2022-02-14,Emergency,0.948
357,12,O+,10,9,2024-06-08,Urgent,0.907
358,76,A+,1,1,2022-04-28,Routine,0.707
359,24,AB+,1,1,2024-09-18,Routine,0.688
360,21,B+,9,9,2022-05-06,Emergency,0.961
361,55,B+,8,5,2024-09-09,Urgent,0.635
362,17,A+,1,1,2024-11-12,Emergency,0.882
363,19,A+,10,9,2022-09-08,Urgent,0.875
364,45,O+,8,8,2023-01-07,Urgent,0.941
365,55,B+,5,4,2023-02-04,Emergency,0.858
366,22,B+,3,2,2022-05-26,Emergency,0.571
367,7,A-,1,1,2024-06-24,Urgent,0.68
368,62,O-,8,2,2023-07-10,Urgent,0.204
369,67,O+,7,6,2024-06-17,Routine,0.823
370,19,A+,1,1,2024-05-11,Routine,0.973
371,15,B+,7,6,2024-04-28,Routine,0.839
372,35,A+,7,6,2024-08-16,Urgent,0.817
373,59,AB+,3,2,2022-06-11,Routine,0.635
374,51,O+,10,8,2023-12-14,Routine,0.764
375,58,O+,1,1,2023-03-25,Routine,0.776
376,43,A+,6,4,2023-12-29,Emergency,0.628
377,34,O-,9,6,2022-11-19,Urgent,0.641
378,72,A+,8,4,2023-11-16,Emergency,0.562
379,63,A+,2,2,2022-03-24,Routine,0.868
380,56,O+,9,6,2023-08-25,Routine,0.712
381,52,O-,9,3,2024-06-15,Urgent,0.312
382,8,B+,2,2,2023-10-11,Routine,0.767
383,24,A+,4,3,2024-01-06,Routine,0.665
384,68,O-,9,6,2022-09-11,Routine,0.653
385,7,A-,4,3,2022-03-13,Routine,0.652
386,71,B+,1,1,2023-03-20,Emergency,0.755
387,59,A+,2,2,2022-07-23,Routine,0.808
388,63,A+,8,7,2022-11-11,Routine,0.817
389,18,O+,1,1,2023-09-04,Urgent,0.914
390,5,A-,3,2,2023-06-29,Routine,0.638
391,70,A+,2,2,2022-05-27,Routine,0.813
392,74,A+,2,2,2024-08-13,Routine,0.789
393,9,B+,3,3,2024-07-07,Emergency,0.981
394,41,O+,3,2,2023-06-02,Urgent,0.766
395,1,A+,6,4,2022-09-16,Routine,0.621
396,35,O+,2,2,2022-03-25,Urgent,0.867
397,51,A+,2,1,2023-05-22,Routine,0.672
398,34,O+,8,5,2024-11-16,Routine,0.675
399,44,A+,6,6,2024-10-12,Urgent,0.982
400,75,A+,8,7,2024-06-11,Urgent,0.892
401,39,O+,4,3,2022-12-19,Urgent,0.775
402,20,A+,8,6,2022-11-14,Urgent,0.704
403,45,O+,2,2,2023-03-01,Emergency,0.861
404,62,AB+,10,10,2024-08-13,Urgent,0.994
405,16,O+,7,4,2022-01-16,Emergency,0.569
406,9,O+,8,6,2022-05-04,Routine,0.734
407,48,A+,10,7,2024-04-17,Routine,0.717
408,62,A+,1,1,2022-03-16,Emergency,0.735
409,34,O+,2,2,2024-01-09,Routine,0.963
410,71,B+,1,1,2022-10-15,Emergency,0.825
411,73,O+,5,5,2023-04-05,Urgent,0.906
412,57,O+,5,4,2023-10-27,Emergency,0.833
413,64,O+,2,2,2023-02-08,Routine,0.979
414,3,B-,8,3,2024-03-13,Emergency,0.413
415,59,A+,9,8,2022-09-15,Emergency,0.868
416,22,B+,7,4,2023-10-22,Routine,0.62
417,5,B+,4,4,2022-02-08,Urgent,0.917
418,57,O+,4,4,2022-01-16,Routine,0.928
419,22,O+,5,3,2023-06-02,Emergency,0.571
420,54,O+,7,5,2022-02-11,Urgent,0.774
421,34,B+,7,7,2024-02-24,Routine,0.981
422,55,O+,9,8,2024-04-13,Urgent,0.902
423,25,O+,1,1,2024-08-23,Routine,0.678
424,50,O+,8,6,2024-06-29,Urgent,0.784
425,27,A+,6,6,2022-07-09,Urgent,0.991
426,20,O+,8,8,2024-05-25,Urgent,0.981
427,76,B-,9,5,2024-10-31,Urgent,0.525
428,15,B+,7,7,2023-02-24,Emergency,0.937
429,42,A+,6,4,2023-07-03,Routine,0.715
430,24,AB+,2,2,2023-10-27,Routine,0.997
431,66,O-,6,1,2022-05-27,Urgent,0.228
432,77,B-,8,4,2024-09-21,Urgent,0.453
433,59,A+,3,2,2023-04-06,Urgent,0.813
434,26,A+,6,4,2023-12-26,Routine,0.631
435,79,B-,6,2,2023-11-02,Urgent,0.318
436,73,O+,9,5,2024-06-05,Routine,0.61
437,74,O+,9,8,2024-12-24,Routine,0.9
438,52,B+,7,6,2024-03-09,Routine,0.892
439,28,B+,6,6,2023-10-13,Urgent,0.99
440,2,O+,1,1,2024-03-28,Emergency,0.76
441,61,O+,10,9,2023-02-13,Routine,0.904
442,36,O+,10,7,2022-09-09,Routine,0.72
443,69,A-,9,3,2022-12-19,Urgent,0.319
444,42,O+,5,4,2022-09-02,Routine,0.739
445,66,O+,6,3,2024-01-09,Emergency,0.579
446,57,O+,10,8,2022-07-11,Emergency,0.809
447,4,O+,7,6,2022-09-16,Urgent,0.843
448,9,O+,4,3,2022-07-31,Urgent,0.817
449,80,A-,9,3,2024-10-20,Routine,0.353
450,13,B+,3,3,2022-10-23,Urgent,0.985
451,67,A+,1,1,2022-12-25,Routine,0.715
452,55,A+,7,6,2023-09-30,Routine,0.812
453,78,O+,4,3,2022-04-13,Urgent,0.681
454,11,O+,1,1,2023-04-09,Routine,0.848
455,36,A+,5,4,2022-04-19,Routine,0.858
456,51,O+,4,3,2024-10-14,Routine,0.787
457,38,O+,1,1,2024-02-23,Urgent,0.641
458,41,O+,10,9,2023-12-30,Urgent,0.905
459,60,O+,1,1,2023-05-30,Urgent,0.767
460,38,O+,2,2,2023-12-05,Urgent,0.895
461,14,B+,4,3,2022-01-19,Urgent,0.651
462,43,O+,7,5,2023-07-05,Routine,0.755
463,17,O+,5,5,2024-06-10,Routine,0.983
464,54,O+,7,6,2023-02-24,Routine,0.791
465,56,O+,10,7,2023-02-23,Routine,0.665
466,22,AB+,4,3,2024-07-25,Routine,0.65
467,63,B+,5,5,2024-05-21,Emergency,0.929
468,73,O+,1,1,2024-04-14,Emergency,0.885
469,74,B-,5,3,2022-12-06,Routine,0.566
470,9,A+,6,5,2024-07-16,Routine,0.83
471,76,AB-,5,2,2023-05-08,Routine,0.349
472,70,O+,4,3,2024-08-29,Urgent,0.813
473,41,A+,1,1,2023-05-28,Emergency,0.829
474,6,B+,3,3,2024-05-06,Emergency,0.966
475,15,A+,1,1,2023-03-11,Emergency,0.729
476,66,O+,10,10,2023-12-08,Routine,0.963
477,67,A+,1,1,2022-11-21,Routine,0.921
478,17,O+,7,7,2024-12-15,Routine,0.971
479,69,AB+,4,3,2024-04-20,Routine,0.744
480,2,O+,2,2,2023-06-09,Routine,0.902
481,69,O+,4,4,2022-06-20,Urgent,0.911
482,61,A+,9,7,2023-11-15,Routine,0.831
483,27,B+,5,5,2022-04-16,Routine,0.996
484,66,A+,3,3,2022-04-08,Emergency,0.972
485,59,AB+,3,2,2023-04-06,Urgent,0.663
486,69,A+,1,1,2024-11-12,Urgent,0.845
487,40,B+,10,8,2024-07-03,Routine,0.792
488,44,B+,7,4,2022-05-28,Urgent,0.61
489,63,O+,6,5,2023-09-28,Urgent,0.885
490,48,A+,9,6,2023-09-05,Routine,0.624
491,67,O+,2,2,2022-04-14,Urgent,0.774
492,66,B+,6,5,2023-06-22,Routine,0.797
493,3,O+,10,7,2022-07-27,Emergency,0.685
494,68,A+,5,4,2023-03-15,Urgent,0.886
495,46,O+,1,1,2022-11-13,Urgent,0.668
496,42,AB+,8,8,2024-07-07,Urgent,0.995
497,72,O+,8,6,2022-08-14,Urgent,0.795
498,57,O+,9,6,2023-11-29,Routine,0.616
499,13,A-,5,1,2024-04-25,Routine,0.205
500,10,O-,10,7,2023-02-23,Emergency,0.698
501,47,A+,4,3,2022-06-23,Urgent,0.648
502,78,O+,3,2,2023-07-18,Urgent,0.685
503,40,A-,3,1,2022-01-19,Urgent,0.276
504,47,A+,6,5,2022-11-29,Routine,0.818
505,79,A-,8,4,2023-06-21,Urgent,0.504
506,14,O+,8,8,2023-01-05,Routine,0.973
507,26,AB+,6,6,2022-07-29,Routine,0.928
508,43,O-,6,1,2023-07-06,Routine,0.249
509,78,B+,9,7,2024-09-22,Emergency,0.771
510,63,O+,8,7,2023-06-24,Routine,0.933
511,35,O+,10,8,2023-03-20,Routine,0.752
512,9,O+,7,5,2022-02-21,Urgent,0.699
513,15,A+,4,4,2022-09-07,Routine,0.95
514,38,AB+,1,1,2024-11-11,Urgent,0.675
515,53,A+,2,1,2023-03-22,Urgent,0.719
516,12,O+,6,5,2023-08-01,Routine,0.81
517,45,O+,8,6,2024-07-24,Routine,0.697
518,10,A+,6,5,2024-03-02,Routine,0.792
519,64,B+,4,4,2024-07-29,Routine,0.936
520,11,A+,8,5,2024-06-20,Routine,0.633
521,8,AB+,8,5,2023-08-24,Emergency,0.684
522,64,B+,4,2,2023-07-09,Routine,0.621
523,33,AB+,8,5,2023-03-21,Emergency,0.606
524,11,O-,7,4,2022-09-19,Urgent,0.622
525,60,A+,3,2,2023-04-21,Emergency,0.83
526,60,O+,6,5,2022-05-03,Routine,0.777
527,16,B+,8,7,2023-06-22,Routine,0.922
528,13,B+,8,6,2022-07-21,Routine,0.73
529,32,B+,6,5,2022-05-28,Urgent,0.904
530,10,B+,6,5,2024-06-27,Routine,0.905
531,58,O+,2,1,2024-12-24,Routine,0.701
532,26,O+,9,8,2024-08-04,Urgent,0.891
533,3,B+,7,4,2024-11-19,Routine,0.633
534,46,A+,8,6,2023-09-28,Emergency,0.777
535,39,AB+,3,3,2022-09-02,Routine,0.89
536,43,O+,10,9,2022-08-11,Urgent,0.862
537,66,AB+,1,1,2024-06-05,Routine,0.778
538,50,B+,4,3,2022-12-26,Routine,0.743
539,12,O+,4,3,2023-12-30,Urgent,0.672
540,36,O+,5,3,2024-08-04,Urgent,0.633
541,35,O+,7,5,2022-08-30,Routine,0.651
542,52,A+,6,6,2023-07-08,Routine,0.95
543,72,A+,8,7,2024-02-19,Routine,0.839
544,46,O+,8,8,2022-10-12,Urgent,0.975
545,2,O+,8,7,2023-07-29,Urgent,0.874
546,29,B+,6,5,2024-06-22,Routine,0.855
547,69,O-,2,1,2024-06-25,Routine,0.427
548,69,O+,4,2,2022-06-17,Routine,0.602
549,22,A+,1,1,2024-05-14,Urgent,0.676
550,30,O+,6,5,2022-12-16,Routine,0.881
551,67,B+,6,6,2024-10-14,Urgent,0.963
552,34,O+,3,2,2023-06-08,Routine,0.656
553,15,B+,5,4,2024-02-18,Routine,0.77
554,27,O+,5,4,2022-03-02,Routine,0.725
555,16,A+,2,2,2023-08-28,Routine,0.835
556,66,B+,5,3,2024-08-23,Urgent,0.652
557,76,O+,5,5,2024-05-20,Routine,0.967
558,79,O+,8,7,2024-03-11,Routine,0.893
559,17,O+,9,7,2022-05-21,Routine,0.807
560,17,A+,3,3,2023-07-24,Urgent,0.889
561,26,O+,7,7,2024-11-06,Routine,0.963
562,56,O-,7,1,2022-05-17,Urgent,0.206
563,43,O+,7,5,2024-05-07,Routine,0.784
564,72,O+,10,6,2023-03-25,Emergency,0.603
565,54,B+,4,3,2024-09-16,Routine,0.722
566,25,A-,8,5,2024-06-16,Emergency,0.566
567,1,A+,9,8,2024-10-28,Urgent,0.837
568,48,O+,4,3,2022-08-29,Urgent,0.711
569,71,O+,10,9,2022-07-30,Routine,0.928
570,37,O+,3,2,2024-01-10,Routine,0.626
571,20,O+,3,2,2023-11-16,Urgent,0.61
572,67,O+,2,1,2022-01-18,Routine,0.689
573,24,O+,6,5,2024-07-07,Emergency,0.796
574,37,A+,4,2,2024-04-18,Urgent,0.625
575,32,O-,6,4,2024-11-18,Routine,0.63
576,54,O+,9,6,2022-03-21,Routine,0.667
577,21,A+,7,4,2024-09-22,Routine,0.633
578,56,O+,8,6,2024-03-09,Routine,0.782
579,49,O+,1,1,2022-05-07,Emergency,0.668
580,70,A+,5,4,2024-01-28,Emergency,0.806
581,61,B+,1,1,2024-04-25,Routine,0.975
582,79,B+,7,5,2024-09-23,Routine,0.779
583,52,A+,7,5,2022-06-07,Urgent,0.659
584,58,O-,3,1,2022-08-08,Urgent,0.202
585,15,A+,7,5,2023-12-17,Urgent,0.662
586,3,O+,6,5,2022-11-18,Urgent,0.751
587,14,O+,7,6,2023-07-16,Routine,0.789
588,11,A+,2,2,2024-10-05,Urgent,0.758
589,13,A+,3,2,2024-12-02,Emergency,0.694
590,16,O+,8,6,2024-07-28,Emergency,0.78
591,47,O+,9,6,2022-01-18,Routine,0.628
592,51,B+,6,4,2023-10-16,Urgent,0.602
593,41,B+,8,8,2023-01-02,Emergency,0.994
594,9,O+,7,5,2023-11-03,Routine,0.702
595,77,AB+,6,5,2022-05-23,Routine,0.915
596,36,A+,8,7,2023-12-12,Urgent,0.824
597,27,A+,8,7,2024-12-06,Routine,0.868
598,33,A+,2,2,2022-04-01,Urgent,0.877
599,73,B+,10,9,2023-09-02,Routine,0.912
600,12,B+,6,5,2024-10-07,Routine,0.861
601,12,B+,9,6,2024-04-04,Routine,0.636
602,47,A+,2,2,2024-05-30,Urgent,0.795
603,36,AB+,2,2,2023-02-16,Urgent,0.764
604,14,B+,10,9,2024-10-05,Emergency,0.86
605,30,O+,1,1,2022-10-27,Routine,0.987
606,9,A+,3,3,2023-08-05,Routine,0.854
607,37,B+,3,2,2024-06-20,Routine,0.702
608,52,A+,7,6,2023-12-30,Emergency,0.796
609,58,O+,1,1,2024-02-18,Urgent,0.671
610,4,A+,5,3,2022-01-24,Routine,0.629
611,73,B+,2,2,2023-07-16,Urgent,0.915
612,21,A+,6,5,2022-05-10,Routine,0.824
613,53,A+,1,1,2023-05-04,Urgent,0.93
614,53,B+,1,1,2022-09-14,Routine,0.829
615,7,AB+,7,6,2023-06-10,Urgent,0.883
616,78,B+,1,1,2024-10-14,Urgent,0.944
617,15,O+,8,4,2024-02-07,Emergency,0.531
618,23,O+,9,8,2022-04-07,Urgent,0.925
619,41,O+,8,7,2024-12-22,Urgent,0.916
620,71,O+,2,2,2023-01-17,Emergency,0.769
621,58,O-,6,4,2024-01-05,Routine,0.691
622,22,A+,7,5,2023-02-11,Urgent,0.778
623,68,A+,5,5,2022-04-08,Routine,0.94
624,2,A+,5,3,2023-10-08,Urgent,0.685
625,68,B+,8,6,2023-11-30,Emergency,0.733
626,52,A+,4,4,2023-02-14,Emergency,0.938
627,71,O+,2,1,2023-01-17,Routine,0.604
628,76,O+,9,9,2022-10-15,Routine,0.976
629,22,O+,7,7,2024-12-31,Emergency,0.935
630,24,O+,7,6,2024-06-30,Routine,0.86
631,36,A+,7,6,2022-05-25,Urgent,0.912
632,34,B+,1,1,2023-07-11,Routine,0.803
633,30,O-,3,1,2022-05-17,Routine,0.443
634,3,O-,9,4,2024-12-27,Routine,0.442
635,64,A+,1,1,2024-12-28,Routine,0.683
636,46,O+,2,2,2022-11-09,Urgent,0.758
637,49,A+,5,5,2023-07-16,Routine,0.968
638,70,B+,10,8,2024-08-20,Routine,0.787
639,29,A-,10,3,2024-12-12,Emergency,0.306
640,3,O+,2,2,2022-01-20,Urgent,0.948
641,50,O+,6,5,2023-03-01,Urgent,0.827
642,27,B+,5,4,2022-12-25,Routine,0.803
643,32,AB+,10,8,2024-05-23,Urgent,0.831
644,49,B+,10,7,2024-05-12,Routine,0.667
645,58,O+,5,4,2022-06-01,Emergency,0.724
646,73,AB-,8,4,2023-04-18,Urgent,0.468
647,18,A+,1,1,2024-03-11,Routine,0.812
648,22,O+,2,2,2023-02-28,Routine,0.808
649,72,B+,2,1,2024-07-09,Urgent,0.708
650,77,AB+,10,10,2023-05-07,Routine,0.985
651,7,B+,6,4,2023-08-03,Urgent,0.673
652,46,AB+,10,8,2022-11-03,Urgent,0.85
653,5,B+,3,2,2022-01-03,Urgent,0.692
654,40,O+,4,2,2023-08-07,Emergency,0.572
655,62,A+,2,1,2024-09-16,Routine,0.721
656,41,A+,3,2,2024-01-18,Routine,0.743
657,67,B+,1,1,2023-07-27,Emergency,0.844
658,39,O+,1,1,2022-11-04,Routine,0.718
659,6,O+,5,3,2023-04-12,Urgent,0.664
660,32,A+,9,7,2023-05-21,Routine,0.741
661,63,O+,9,9,2023-01-15,Routine,0.993
662,73,B+,7,5,2023-09-08,Urgent,0.728
663,69,B+,9,8,2023-11-14,Emergency,0.834
664,80,B+,2,1,2023-11-15,Routine,0.74
665,23,A+,7,4,2023-08-04,Routine,0.61
666,25,O+,2,2,2023-01-02,Routine,0.904
667,66,B+,6,4,2022-01-10,Urgent,0.708
668,63,O-,8,5,2024-12-03,Routine,0.675
669,45,B+,9,6,2022-04-08,Routine,0.631
670,51,O+,9,6,2022-04-17,Urgent,0.655
671,24,B-,8,3,2024-11-10,Routine,0.366
672,70,O+,6,4,2023-05-08,Routine,0.656
673,3,B+,3,3,2024-12-26,Routine,0.9
674,45,O+,3,2,2022-10-05,Routine,0.747
675,23,O+,10,10,2023-12-05,Routine,0.988
676,38,A+,3,3,2022-07-30,Urgent,0.979
677,24,AB+,2,2,2022-08-11,Urgent,0.932
678,52,O+,6,3,2024-08-28,Emergency,0.559
679,64,O+,5,5,2024-06-01,Emergency,0.91
680,6,AB+,3,3,2022-12-25,Urgent,0.859
681,32,O+,5,4,2024-12-24,Urgent,0.722
682,57,A+,4,3,2023-11-11,Emergency,0.634
683,63,A+,4,2,2022-02-03,Routine,0.601
684,19,O+,3,2,2022-12-03,Urgent,0.609
685,46,A+,2,2,2022-11-03,Routine,0.849
686,14,B+,4,3,2023-05-31,Routine,0.741
687,13,O+,7,5,2022-03-18,Urgent,0.684
688,12,A+,10,7,2022-12-10,Emergency,0.7
689,10,O+,6,5,2022-05-11,Routine,0.816
690,35,O+,3,3,2022-10-25,Urgent,0.836
691,12,A+,5,3,2024-07-14,Routine,0.628
692,51,B+,4,3,2022-02-03,Urgent,0.862
693,13,O+,1,1,2024-10-10,Urgent,0.649
694,54,O+,8,5,2023-03-04,Routine,0.622
695,20,B+,4,3,2022-08-06,Urgent,0.78
696,67,B+,10,9,2024-10-06,Routine,0.882
697,66,B+,2,2,2023-10-03,Routine,0.995
698,36,O+,7,5,2024-12-26,Emergency,0.736
699,30,AB+,10,6,2023-01-12,Urgent,0.627
700,30,O+,2,2,2024-01-13,Routine,0.788
701,4,AB+,9,8,2024-06-12,Routine,0.903
702,77,O+,2,2,2022-08-19,Routine,0.927
703,49,A+,10,7,2023-05-08,Routine,0.701
704,65,B+,6,4,2022-11-19,Urgent,0.609
705,54,A+,4,3,2022-01-19,Routine,0.646
706,52,AB+,10,9,2024-03-09,Routine,0.861
707,8,AB+,7,6,2024-01-20,Routine,0.89
708,44,A+,3,3,2023-02-07,Routine,0.983
709,35,A+,2,2,2022-11-11,Urgent,0.846
710,47,A+,9,7,2022-07-13,Routine,0.726
711,63,AB+,8,7,2022-11-26,Emergency,0.931
712,11,A+,5,4,2023-08-02,Urgent,0.81
713,37,O+,3,3,2023-12-16,Routine,0.994
714,63,A+,10,9,2023-07-13,Urgent,0.95
715,22,B+,7,6,2022-08-02,Urgent,0.894
716,43,A+,8,8,2024-07-03,Urgent,0.997
717,79,B+,1,1,2022-08-25,Routine,0.789
718,78,A+,4,2,2024-03-10,Emergency,0.504
719,74,O+,9,7,2024-01-27,Routine,0.804
720,52,A+,9,8,2023-07-07,Urgent,0.862
721,75,B+,6,6,2024-05-26,Urgent,0.923
722,15,O+,9,7,2024-12-23,Emergency,0.745
723,23,AB+,10,8,2023-01-26,Emergency,0.756
724,3,AB+,2,2,2024-01-30,Urgent,0.986
725,43,A+,1,1,2023-12-27,Routine,0.87
726,14,A+,5,4,2022-11-15,Urgent,0.831
727,66,O+,2,1,2022-03-26,Routine,0.736
728,66,AB+,2,1,2023-07-07,Emergency,0.68
729,8,A+,3,3,2023-06-11,Urgent,0.963
730,77,O+,2,2,2024-08-10,Emergency,0.927
731,21,A+,3,3,2023-10-17,Urgent,0.871
732,75,A+,1,1,2023-02-20,Urgent,0.607
733,23,B+,8,8,2024-02-24,Routine,0.941
734,24,O+,1,1,2023-02-18,Urgent,0.814
735,43,A+,6,5,2024-04-06,Routine,0.872
736,18,A+,5,4,2022-05-02,Urgent,0.77
737,49,O+,7,6,2023-11-20,Routine,0.911
738,71,A+,1,1,2022-07-07,Routine,0.947
739,9,A+,6,5,2024-05-01,Urgent,0.88
740,26,O+,2,2,2023-02-17,Routine,0.971
741,7,O+,8,7,2024-11-03,Routine,0.898
742,57,A+,10,8,2022-04-15,Routine,0.793
743,16,O+,3,3,2023-12-02,Routine,0.953
744,78,O+,1,1,2024-01-18,Routine,0.767
745,40,A+,5,4,2022-08-21,Urgent,0.84
746,47,O+,2,1,2022-08-08,Urgent,0.687
747,31,B+,9,6,2023-08-21,Routine,0.714
748,14,O+,3,3,2023-05-19,Routine,0.961
749,54,O+,9,6,2023-03-23,Routine,0.669
750,71,O+,4,2,2024-08-15,Routine,0.623
751,16,B+,6,5,2022-08-05,Routine,0.84
752,40,A+,8,6,2024-01-10,Urgent,0.785
753,72,A+,6,5,2023-11-03,Urgent,0.86
754,15,A+,5,3,2024-04-29,Routine,0.638
755,8,O+,9,9,2023-11-16,Urgent,0.98
756,63,O+,7,6,2023-08-05,Emergency,0.915
757,73,B+,4,3,2024-12-29,Urgent,0.834
758,39,B+,10,7,2023-05-02,Routine,0.738
759,74,B+,2,2,2024-10-21,Routine,0.827
760,69,B+,1,1,2022-05-17,Routine,0.651
761,49,O+,4,4,2024-10-30,Emergency,0.883
762,14,A+,4,3,2024-04-20,Routine,0.868
763,50,B+,7,5,2024-11-10,Routine,0.754
764,63,B+,4,4,2024-05-26,Routine,0.89
765,57,O-,2,1,2022-12-15,Emergency,0.484
766,12,B+,2,2,2024-04-13,Urgent,0.988
767,31,O+,9,7,2023-12-09,Routine,0.744
768,67,O+,8,6,2023-11-25,Urgent,0.77
769,18,O-,5,2,2024-04-03,Urgent,0.431
770,45,A+,6,4,2024-11-16,Emergency,0.609
771,21,A+,1,1,2023-10-15,Urgent,0.687
772,40,O+,6,5,2024-09-21,Urgent,0.792
773,24,B+,10,6,2023-01-02,Routine,0.617
774,67,B+,3,3,2022-04-22,Routine,0.914
775,5,O+,4,3,2022-09-24,Urgent,0.796
776,15,O-,5,3,2024-11-06,Routine,0.68
777,20,A+,9,7,2024-12-09,Routine,0.73
778,15,B-,7,3,2023-06-05,Urgent,0.417
779,72,O-,2,1,2022-02-01,Emergency,0.493
780,1,O+,10,7,2022-05-25,Urgent,0.731
781,20,A+,9,6,2024-01-08,Emergency,0.636
782,10,A+,7,5,2024-09-20,Routine,0.726
783,13,A+,9,6,2024-08-29,Urgent,0.628
784,51,O+,6,4,2022-11-06,Routine,0.643
785,78,B+,10,7,2022-07-29,Routine,0.737
786,54,AB+,8,6,2023-09-29,Urgent,0.763
787,27,AB+,1,1,2022-12-09,Routine,0.652
788,69,B+,3,3,2024-01-29,Routine,0.911
789,69,B+,8,5,2022-11-18,Emergency,0.577
790,44,A+,10,7,2024-08-18,Routine,0.656
791,51,A+,6,4,2022-04-18,Routine,0.722
792,44,O+,10,9,2022-02-19,Urgent,0.927
793,75,A+,5,3,2022-12-21,Routine,0.643
794,78,O+,8,6,2024-06-20,Emergency,0.726
795,31,A+,8,8,2022-03-08,Routine,0.975
796,64,B+,1,1,2023-07-30,Routine,0.854
797,62,O+,6,3,2022-03-16,Emergency,0.544
798,63,O+,4,4,2023-04-02,Routine,0.887
799,43,A-,4,1,2023-06-02,Urgent,0.238
800,32,O+,1,1,2023-07-27,Routine,0.963
801,17,B-,8,2,2024-10-06,Emergency,0.29
802,42,O+,10,9,2022-10-25,Emergency,0.912
803,35,O+,2,2,2022-02-09,Routine,0.836
804,2,O+,5,4,2024-07-15,Emergency,0.78
805,23,O+,9,6,2024-07-31,Urgent,0.645
806,51,A+,8,7,2022-12-20,Emergency,0.815
807,79,AB+,3,2,2023-09-03,Urgent,0.612
808,75,O+,2,1,2022-06-21,Routine,0.673
809,4,O+,1,1,2024-04-14,Urgent,0.708
810,76,O+,9,7,2024-11-01,Urgent,0.767
811,66,A-,8,3,2024-03-17,Routine,0.371
812,25,O+,7,4,2023-10-31,Routine,0.609
813,52,O+,5,5,2022-02-26,Routine,0.926
814,76,O+,4,3,2024-08-20,Routine,0.823
815,64,B+,9,9,2022-05-21,Urgent,0.989
816,68,O+,1,1,2023-03-08,Routine,0.961
817,72,O+,8,8,2023-03-08,Routine,0.948
818,7,A+,2,2,2024-12-01,Routine,0.852
819,1,A+,5,5,2024-07-06,Routine,0.94
820,19,O+,1,1,2024-03-10,Emergency,0.664
821,26,O+,4,3,2023-09-01,Urgent,0.693
822,2,O+,8,7,2023-12-25,Urgent,0.874
823,50,O+,7,6,2024-03-14,Routine,0.819
824,27,B+,7,5,2022-05-11,Routine,0.776
825,24,O+,5,3,2024-03-23,Routine,0.692
826,73,O+,8,8,2024-07-09,Routine,0.972
827,47,A+,1,1,2023-01-05,Routine,0.776
828,34,O+,6,5,2023-01-13,Routine,0.903
829,16,O+,7,5,2023-05-04,Routine,0.731
830,48,O+,5,4,2022-08-17,Routine,0.869
831,27,B+,4,3,2023-10-19,Routine,0.769
832,18,A+,9,6,2023-03-14,Routine,0.631
833,48,A+,1,1,2022-07-26,Routine,0.801
834,29,O+,4,4,2024-04-17,Emergency,0.981
835,70,O+,2,2,2023-07-15,Routine,0.877
836,22,O+,8,6,2024-07-18,Urgent,0.728
837,78,B+,10,9,2022-01-16,Urgent,0.902
838,14,B+,1,1,2023-11-17,Routine,0.629
839,72,B+,6,4,2023-04-14,Routine,0.734
840,57,B+,1,1,2022-05-24,Urgent,0.64
841,64,B+,9,9,2022-03-29,Emergency,0.992
842,36,A+,8,6,2024-08-18,Routine,0.763
843,71,A+,4,4,2023-05-06,Routine,0.895
844,28,O+,10,6,2023-04-17,Routine,0.615
845,19,A+,2,1,2024-07-11,Routine,0.662
846,71,B+,3,2,2023-01-10,Urgent,0.635
847,46,B+,8,7,2022-02-23,Emergency,0.921
848,30,B+,2,2,2022-12-13,Urgent,0.822
849,70,O+,6,4,2023-03-18,Routine,0.633
850,25,A-,9,5,2023-03-16,Routine,0.511
851,33,O-,7,3,2022-10-18,Routine,0.404
852,62,O+,1,1,2023-07-26,Urgent,0.642
853,34,B+,6,4,2024-09-10,Urgent,0.713
854,28,O+,4,4,2024-03-29,Urgent,0.954
855,67,A+,1,1,2022-02-06,Routine,0.665
856,53,B+,10,7,2022-02-08,Urgent,0.739
857,72,O+,5,3,2023-08-28,Emergency,0.656
858,3,A+,8,7,2022-03-17,Emergency,0.849
859,69,O+,6,5,2024-04-27,Urgent,0.823
860,16,AB+,8,7,2024-06-07,Urgent,0.818
861,70,O+,1,1,2023-01-31,Routine,0.969
862,25,B+,10,8,2024-03-19,Routine,0.752
863,52,AB+,8,8,2023-03-17,Emergency,0.987
864,60,O+,3,2,2023-12-29,Urgent,0.781
865,23,B+,4,4,2022-08-08,Routine,0.984
866,72,B+,4,3,2024-02-16,Routine,0.69
867,63,B+,8,7,2023-08-04,Urgent,0.926
868,18,A-,3,2,2023-11-02,Routine,0.686
869,32,O+,7,6,2024-04-04,Emergency,0.825
870,79,AB+,4,3,2022-10-06,Urgent,0.868
871,73,O+,10,8,2024-03-16,Routine,0.793
872,12,O+,4,4,2023-10-06,Routine,0.922
873,76,B+,10,9,2024-06-04,Urgent,0.927
874,40,A+,10,9,2024-07-15,Routine,0.865
875,74,O+,7,6,2023-08-11,Routine,0.899
876,72,B+,6,4,2023-05-27,Urgent,0.722
877,77,B+,1,1,2022-04-21,Urgent,0.803
878,38,A+,6,5,2022-05-01,Routine,0.866
879,50,B+,4,4,2022-12-02,Urgent,0.935
880,46,A+,5,3,2023-11-28,Urgent,0.619
881,77,O-,6,3,2024-01-21,Routine,0.577
882,5,A+,3,2,2023-10-27,Urgent,0.751
883,58,A+,7,5,2022-06-12,Routine,0.656
884,10,AB+,10,8,2024-10-14,Routine,0.821
885,20,O+,4,3,2023-06-27,Routine,0.819
886,6,B+,10,9,2023-10-27,Routine,0.929
887,51,B+,1,1,2023-11-20,Urgent,0.937
888,24,O+,8,7,2023-05-31,Emergency,0.903
889,4,A+,2,2,2023-12-20,Emergency,0.875
890,50,O+,3,3,2023-05-24,Routine,0.837
891,28,A+,7,5,2024-02-13,Urgent,0.745
892,67,O+,7,5,2022-08-04,Urgent,0.748
893,62,A+,1,1,2022-04-11,Routine,0.858
894,14,B+,8,5,2022-08-08,Urgent,0.65
895,76,A-,7,4,2024-06-07,Routine,0.531
896,47,O+,8,6,2022-02-12,Routine,0.706
897,22,A+,2,2,2023-12-27,Routine,0.778
898,23,A+,9,6,2024-11-18,Routine,0.697
899,75,A+,5,4,2022-02-24,Emergency,0.826
900,67,O+,7,4,2022-10-20,Routine,0.627
901,5,A+,5,3,2023-07-25,Urgent,0.616
902,25,O+,4,3,2022-04-02,Urgent,0.788
903,62,O+,7,6,2024-08-08,Urgent,0.871
904,61,A+,1,1,2023-06-03,Routine,0.903
905,19,O-,10,7,2022-06-05,Urgent,0.687
906,69,O+,10,10,2022-10-27,Routine,0.961
907,62,A+,8,7,2023-05-26,Routine,0.852
908,5,B+,10,10,2024-09-18,Urgent,0.956
909,54,O+,9,8,2024-09-15,Routine,0.905
910,77,O+,5,4,2022-01-08,Emergency,0.825
911,29,A+,10,8,2024-06-22,Routine,0.836
912,65,O+,10,10,2024-02-05,Routine,0.953
913,45,O+,2,2,2022-04-26,Routine,0.917
914,70,O+,4,4,2023-08-19,Emergency,0.921
915,60,A+,2,2,2022-07-02,Urgent,0.992
916,66,A+,4,4,2022-11-14,Routine,0.913
917,12,AB+,10,9,2023-03-10,Urgent,0.918
918,19,B+,3,3,2024-01-02,Routine,0.887
919,41,A+,3,3,2023-10-11,Routine,0.975
920,23,O+,4,4,2022-10-14,Routine,0.954
921,63,A+,1,1,2024-02-24,Emergency,0.555
922,8,A+,6,4,2024-01-02,Routine,0.72
923,71,O+,2,2,2024-05-31,Routine,0.926
924,52,A+,1,1,2023-04-30,Urgent,0.644
925,14,O+,4,2,2023-09-22,Routine,0.607
926,39,O+,10,6,2023-08-28,Routine,0.606
927,12,A+,6,4,2022-04-17,Urgent,0.651
928,8,O+,10,9,2024-07-29,Urgent,0.943
929,19,A+,6,5,2024-08-19,Urgent,0.791
930,54,O+,4,3,2024-01-18,Routine,0.856
931,16,A+,3,2,2022-11-03,Urgent,0.756
932,34,B+,9,7,2023-12-02,Urgent,0.814
933,30,O+,10,8,2023-04-09,Routine,0.833
934,55,A+,5,3,2024-09-07,Routine,0.672
935,2,O+,3,2,2024-09-20,Urgent,0.783
936,49,O+,4,3,2024-09-03,Urgent,0.633
937,66,B+,1,1,2024-12-14,Routine,0.692
938,80,A+,6,5,2022-08-23,Emergency,0.78
939,45,A+,6,5,2022-10-30,Routine,0.883
940,29,O+,10,7,2023-05-23,Routine,0.737
941,9,A+,7,5,2022-04-07,Urgent,0.77
942,76,A-,6,3,2024-12-13,Routine,0.525
943,74,O+,10,9,2024-06-27,Urgent,0.877
944,69,B+,5,5,2024-03-19,Routine,0.956
945,60,B+,4,4,2023-11-22,Emergency,0.992
946,6,A-,1,0,2023-02-01,Emergency,0.384
947,17,B+,9,6,2023-10-28,Routine,0.683
948,17,O+,5,4,2024-12-24,Emergency,0.741
949,52,B+,8,5,2024-12-05,Routine,0.667
950,12,A+,9,5,2022-07-25,Emergency,0.572
951,29,B+,6,5,2023-02-26,Urgent,0.814
952,70,A+,3,2,2024-03-02,Urgent,0.748
953,77,B+,6,6,2023-12-08,Urgent,0.928
954,28,A+,3,2,2022-05-04,Routine,0.757
955,31,B+,1,1,2022-08-13,Routine,0.614
956,56,O+,8,5,2022-04-09,Routine,0.644
957,18,O+,10,7,2024-12-14,Routine,0.689
958,39,O+,3,3,2023-07-31,Urgent,0.921
959,23,B+,5,5,2024-04-10,Routine,0.912
960,50,AB-,10,2,2023-05-12,Routine,0.218
961,52,AB+,7,4,2023-04-11,Routine,0.635
962,61,O+,6,4,2022-01-25,Routine,0.721
963,47,A+,1,1,2023-09-29,Urgent,0.8
964,67,O+,2,2,2024-09-24,Emergency,0.796
965,19,A+,2,2,2022-06-17,Routine,0.885
966,36,AB+,9,6,2023-10-19,Urgent,0.693
967,18,B+,4,3,2023-03-08,Urgent,0.644
968,24,A-,3,1,2022-10-31,Urgent,0.362
969,40,O+,2,2,2023-05-09,Routine,0.799
970,13,A+,10,6,2022-07-10,Routine,0.603
971,64,O+,5,5,2022-10-15,Urgent,0.912
972,64,B+,5,3,2024-09-23,Emergency,0.63
973,51,A+,10,7,2022-03-30,Urgent,0.666
974,66,A+,3,2,2022-06-24,Emergency,0.702
975,24,B+,6,4,2022-06-13,Routine,0.695
976,36,A+,10,8,2022-05-26,Emergency,0.774
977,3,A+,2,2,2022-08-27,Routine,0.93
978,60,O-,6,4,2024-07-06,Urgent,0.666
979,34,O+,8,6,2024-08-26,Routine,0.708
980,60,A+,9,5,2023-03-19,Emergency,0.571
981,2,A+,10,7,2023-12-25,Routine,0.745
982,21,A+,5,4,2022-02-03,Urgent,0.874
983,20,O+,5,5,2024-12-07,Routine,0.967
984,44,B+,6,4,2022-12-05,Urgent,0.748
985,18,O-,10,6,2022-04-17,Routine,0.584
986,45,B+,10,7,2024-12-25,Routine,0.661
987,74,A-,5,3,2022-07-04,Routine,0.519
988,64,O+,8,4,2022-10-03,Emergency,0.519
989,52,O+,5,5,2023-03-30,Routine,0.99
990,37,O+,8,8,2023-10-19,Urgent,0.941
991,79,B+,4,2,2024-09-25,Routine,0.603
992,22,O+,6,4,2023-07-13,Routine,0.739
993,65,B+,3,2,2024-08-19,Urgent,0.826
994,51,A+,1,1,2024-05-21,Urgent,0.617
995,53,O+,10,9,2023-08-26,Routine,0.931
996,58,O+,3,3,2022-01-20,Urgent,0.939
997,47,O+,5,5,2022-05-15,Routine,0.947
998,57,B+,6,4,2024-09-25,Urgent,0.644
999,49,O-,8,4,2022-06-20,Emergency,0.458
1000,65,A+,4,4,2024-07-15,Urgent,0.932
1001,75,O+,3,2,2022-06-24,Routine,0.62
1002,22,O+,10,6,2023-04-23,Emergency,0.62
1003,56,O+,3,2,2023-03-12,Routine,0.775
1004,27,O+,8,7,2022-09-11,Routine,0.852
1005,78,B+,7,6,2024-07-02,Urgent,0.821
1006,18,A+,4,4,2023-04-18,Routine,0.887
1007,52,O+,5,4,2023-06-07,Urgent,0.735
1008,64,AB+,10,10,2022-03-17,Routine,0.981
1009,62,O+,1,1,2022-07-12,Routine,0.971
1010,79,B+,7,4,2023-12-13,Routine,0.615
1011,12,A+,3,2,2022-06-12,Routine,0.625
1012,28,B+,10,7,2022-06-08,Routine,0.693
1013,50,B+,6,5,2024-12-29,Emergency,0.893
1014,75,O+,5,4,2022-08-22,Urgent,0.772
1015,19,O+,7,6,2024-04-03,Routine,0.924
1016,69,B+,2,1,2022-10-20,Routine,0.705
1017,74,A+,5,5,2023-11-18,Urgent,0.945
1018,6,O+,6,4,2022-12-28,Routine,0.719
1019,51,O+,10,7,2022-02-23,Routine,0.673
1020,28,B+,7,6,2022-09-10,Emergency,0.846
1021,80,AB+,4,4,2024-04-19,Urgent,0.908
1022,11,AB+,8,5,2023-06-25,Routine,0.625
1023,5,O+,3,2,2023-09-30,Urgent,0.652
1024,50,B+,4,3,2022-12-22,Urgent,0.855
1025,57,O+,6,4,2022-10-13,Routine,0.708
1026,60,O-,8,5,2023-02-16,Routine,0.571
1027,56,B+,5,4,2024-09-11,Routine,0.727
1028,32,B+,5,4,2023-11-24,Urgent,0.821
1029,57,B+,2,1,2023-05-21,Urgent,0.65
1030,48,A+,7,5,2023-02-24,Routine,0.771
1031,37,B+,8,6,2023-06-26,Routine,0.727
1032,51,AB+,6,5,2022-03-09,Routine,0.75
1033,77,A+,7,5,2023-06-05,Routine,0.722
1034,38,O+,2,1,2024-05-21,Urgent,0.635
1035,78,AB+,8,6,2023-08-31,Routine,0.757
1036,9,O+,2,2,2023-04-26,Urgent,0.867
1037,61,O+,4,4,2024-01-26,Urgent,0.889
1038,14,O+,1,1,2022-01-02,Urgent,0.957
1039,80,A+,9,7,2024-01-15,Urgent,0.806
1040,52,O+,8,6,2024-09-20,Urgent,0.789
1041,13,A+,9,8,2024-04-20,Emergency,0.884
1042,14,AB+,3,2,2022-07-23,Routine,0.705
1043,35,B-,3,1,2022-01-22,Emergency,0.321
1044,59,O+,5,4,2022-09-23,Routine,0.717
1045,23,B+,2,2,2023-10-17,Emergency,0.868
1046,74,A+,7,6,2023-12-24,Emergency,0.901
1047,45,A+,2,1,2023-05-07,Routine,0.676
1048,28,O+,10,8,2023-03-15,Routine,0.761
1049,61,A+,10,9,2024-08-29,Routine,0.901
1050,50,A+,8,6,2022-07-28,Urgent,0.797
1051,33,O+,7,7,2022-11-24,Routine,0.975
1052,53,O+,2,2,2022-03-14,Routine,0.921
1053,31,O+,5,5,2024-04-25,Routine,0.989
1054,55,A+,3,2,2022-06-28,Routine,0.754
1055,58,O+,3,2,2023-07-13,Urgent,0.632
1056,75,O+,9,9,2023-05-18,Urgent,0.997
1057,11,O+,8,5,2022-03-05,Routine,0.623
1058,68,A+,1,1,2023-11-14,Routine,0.9
1059,23,A+,4,3,2023-07-25,Routine,0.756
1060,9,O+,6,4,2023-04-01,Routine,0.747
1061,56,B-,3,1,2023-11-14,Routine,0.267
1062,7,O+,9,7,2023-12-28,Routine,0.791
1063,36,A+,5,4,2023-10-30,Urgent,0.892
1064,16,A+,9,6,2023-06-13,Urgent,0.71
1065,36,A+,6,4,2023-12-07,Routine,0.605
1066,71,B+,2,1,2023-09-26,Routine,0.671
1067,48,O+,7,7,2024-03-06,Routine,0.987
1068,20,A+,5,3,2024-07-13,Routine,0.691
1069,40,A+,2,2,2023-11-12,Routine,0.89
1070,22,B+,2,1,2022-02-16,Urgent,0.733
1071,40,O+,1,1,2023-12-18,Routine,0.679
1072,69,A+,8,8,2022-09-28,Routine,0.975
1073,22,AB+,6,4,2022-05-29,Routine,0.689
1074,72,O+,7,6,2022-06-05,Routine,0.791
1075,29,AB+,5,4,2024-01-25,Routine,0.841
1076,34,B+,8,8,2024-06-24,Urgent,0.945
1077,49,A+,6,4,2024-10-12,Routine,0.719
1078,32,O+,5,3,2024-10-21,Urgent,0.686
1079,23,B+,8,5,2024-10-10,Urgent,0.68
1080,19,B-,9,6,2023-02-20,Routine,0.683
1081,61,B+,5,4,2022-05-27,Routine,0.852
1082,30,B+,6,5,2022-11-17,Routine,0.861
1083,15,O+,4,3,2023-09-24,Routine,0.679
1084,32,O+,1,1,2023-08-06,Routine,0.793
1085,43,B+,4,3,2024-03-09,Routine,0.793
1086,38,O+,6,5,2022-09-17,Routine,0.892
1087,43,A+,3,2,2022-11-09,Routine,0.703
1088,4,B+,1,1,2024-09-18,Urgent,0.769
1089,28,O+,9,7,2022-06-04,Urgent,0.778
1090,17,B+,7,4,2023-08-13,Routine,0.632
1091,26,AB+,1,1,2024-05-09,Urgent,0.771
1092,57,O+,3,2,2024-01-04,Routine,0.644
1093,46,B+,5,4,2022-11-23,Urgent,0.79
1094,75,A+,2,2,2023-03-07,Urgent,0.863
1095,52,O+,10,8,2023-04-09,Urgent,0.805
1096,43,O+,3,2,2024-11-24,Routine,0.691
1097,3,B+,3,3,2023-04-25,Routine,0.929
1098,36,B+,6,4,2023-07-06,Urgent,0.604
1099,7,B+,9,6,2022-06-10,Routine,0.62
1100,7,A+,4,2,2023-09-30,Routine,0.623
1101,69,B+,3,3,2023-03-23,Routine,0.835
1102,25,AB+,7,4,2023-01-25,Urgent,0.616
1103,10,O+,6,5,2023-06-26,Routine,0.894
1104,5,AB+,1,1,2022-11-13,Routine,0.645
1105,73,O+,10,9,2023-05-26,Urgent,0.928
1106,64,B+,5,3,2022-08-21,Urgent,0.642
1107,24,A+,6,4,2023-08-25,Routine,0.679
1108,24,O+,6,6,2024-07-30,Urgent,0.927
1109,73,A+,7,6,2023-01-07,Routine,0.871
1110,35,O-,6,2,2022-12-03,Routine,0.277
1111,74,O+,5,4,2023-10-25,Urgent,0.778
1112,77,A+,3,2,2024-05-12,Routine,0.832
1113,67,A+,9,6,2023-01-04,Emergency,0.664
1114,17,A+,8,8,2023-07-05,Routine,0.964
1115,29,O+,6,6,2022-06-15,Routine,0.995
1116,71,A+,8,7,2024-11-22,Routine,0.82
1117,12,AB+,5,5,2022-02-11,Urgent,0.988
1118,42,A+,3,2,2022-06-12,Emergency,0.703
1119,56,A+,1,1,2023-06-11,Urgent,0.766
1120,20,O+,1,1,2024-07-07,Urgent,0.734
1121,71,A-,6,4,2023-06-06,Urgent,0.682
1122,66,O+,7,7,2023-12-10,Routine,0.967
1123,25,B+,2,2,2024-11-17,Routine,0.852
1124,31,O+,7,5,2024-12-05,Urgent,0.781
1125,22,O+,4,3,2024-10-08,Routine,0.736
1126,26,B+,7,4,2022-07-28,Emergency,0.561
1127,43,B+,7,5,2024-10-23,Urgent,0.649
1128,35,B+,6,4,2024-10-30,Urgent,0.601
1129,72,AB+,1,1,2024-07-04,Emergency,0.934
1130,16,B-,9,2,2022-01-25,Urgent,0.221
1131,45,B-,8,3,2023-07-17,Urgent,0.396
1132,8,O+,7,7,2022-05-10,Routine,0.968
1133,43,A+,4,3,2024-03-25,Routine,0.815
1134,78,O+,9,8,2022-04-24,Urgent,0.856
1135,29,O+,4,3,2023-07-06,Urgent,0.739
1136,20,A+,1,1,2023-08-23,Emergency,0.953
1137,29,B+,4,4,2022-03-30,Routine,0.997
1138,24,A+,6,5,2023-04-23,Urgent,0.898
1139,28,O-,5,2,2024-08-23,Urgent,0.5
1140,76,O-,7,2,2023-11-04,Urgent,0.318
1141,63,A+,1,1,2023-01-21,Urgent,0.905
1142,57,B+,7,7,2023-05-29,Routine,0.973
1143,5,A+,1,1,2023-07-02,Routine,0.634
1144,7,AB+,10,10,2022-06-23,Emergency,0.965
1145,14,A+,4,3,2023-06-09,Routine,0.799
1146,3,O+,1,1,2022-01-26,Emergency,0.658
1147,37,A+,6,5,2022-03-23,Urgent,0.854
1148,9,O+,5,4,2024-01-17,Routine,0.848
1149,60,B+,5,5,2023-08-24,Routine,0.964
1150,35,O-,6,4,2023-06-05,Routine,0.674
1151,7,A+,3,3,2023-10-11,Routine,0.94
1152,24,B+,2,1,2024-04-28,Routine,0.747
1153,26,B+,5,4,2024-07-01,Routine,0.824
1154,51,O+,10,8,2022-05-05,Emergency,0.774
1155,4,O+,7,5,2024-05-17,Routine,0.71
1156,62,A+,9,6,2024-06-18,Routine,0.616
1157,13,A+,4,2,2023-08-29,Emergency,0.582
1158,43,A+,8,8,2023-10-13,Routine,0.943
1159,76,B+,5,4,2022-09-01,Emergency,0.869
1160,36,O+,7,5,2024-10-06,Routine,0.696
1161,9,O+,3,2,2023-08-14,Urgent,0.832
1162,74,O+,6,3,2024-06-19,Emergency,0.501
1163,20,O+,8,7,2022-03-22,Routine,0.898
1164,6,B+,4,3,2024-04-04,Routine,0.671
1165,66,O+,4,3,2024-04-28,Urgent,0.692
1166,72,O+,10,9,2023-04-19,Urgent,0.94
1167,60,O+,5,5,2024-11-15,Emergency,0.91
1168,27,B+,7,6,2022-06-02,Emergency,0.819
1169,14,B+,3,3,2022-07-19,Urgent,0.989
1170,45,O+,1,1,2022-07-19,Urgent,0.671
1171,44,A+,4,4,2023-03-09,Urgent,0.981
1172,48,B+,5,3,2024-01-27,Routine,0.644
1173,69,A+,10,5,2023-04-24,Emergency,0.535
1174,20,O+,4,3,2024-07-15,Routine,0.874
1175,36,O+,5,3,2023-09-20,Routine,0.628
1176,64,B+,5,4,2023-12-28,Routine,0.882
1177,43,O+,5,4,2024-01-12,Emergency,0.889
1178,34,A+,6,6,2023-10-10,Urgent,0.933
1179,22,O+,5,3,2023-02-28,Routine,0.61
1180,13,O+,4,2,2024-06-10,Emergency,0.554
1181,29,O+,9,6,2024-01-31,Urgent,0.71
1182,9,B+,8,6,2023-09-05,Urgent,0.688
1183,21,A+,1,1,2024-04-01,Urgent,0.62
1184,53,O+,4,3,2022-06-19,Routine,0.847
1185,6,A+,4,2,2024-07-01,Emergency,0.504
1186,78,A+,7,5,2023-10-15,Urgent,0.778
1187,13,B+,1,1,2024-08-30,Routine,0.818
1188,60,O+,2,2,2022-11-18,Urgent,0.787
1189,70,B+,1,1,2023-08-28,Emergency,0.859
1190,76,A+,7,6,2024-08-02,Routine,0.805
1191,36,A+,4,3,2023-01-28,Routine,0.856
1192,44,O+,2,1,2022-05-08,Emergency,0.717
1193,28,O+,1,1,2022-02-13,Routine,0.632
1194,68,O+,2,1,2022-06-09,Routine,0.626
1195,34,O+,10,8,2023-06-26,Urgent,0.806
1196,68,B+,7,5,2022-09-28,Routine,0.654
1197,40,A+,3,2,2022-03-29,Routine,0.685
1198,19,O+,4,4,2024-01-30,Routine,0.893
1199,37,O+,2,1,2022-07-30,Routine,0.748
1200,74,O+,5,4,2023-11-15,Routine,0.886
1201,1,B+,2,1,2022-08-24,Urgent,0.727
1202,22,O+,1,1,2022-07-20,Urgent,0.806
1203,2,O-,7,2,2022-08-31,Emergency,0.334
1204,66,B+,6,5,2023-07-13,Routine,0.81
1205,13,O+,4,4,2024-08-29,Urgent,0.923
1206,15,A+,2,1,2023-09-17,Urgent,0.687
1207,80,A+,2,1,2023-08-27,Routine,0.618
1208,43,B+,10,8,2024-04-23,Urgent,0.847
1209,53,A+,9,7,2023-06-16,Emergency,0.752
1210,16,B+,10,8,2023-09-25,Routine,0.848
1211,12,B+,1,1,2024-05-05,Routine,0.859
1212,56,B+,4,2,2024-03-27,Routine,0.624
1213,61,O+,2,1,2023-02-02,Routine,0.683
1214,34,A+,8,6,2024-12-27,Emergency,0.773
1215,63,A+,9,7,2023-09-24,Urgent,0.749
1216,18,A+,9,6,2023-07-03,Routine,0.648
1217,14,B+,8,5,2024-05-05,Emergency,0.687
1218,79,O+,9,7,2024-08-06,Emergency,0.82
1219,3,A+,5,5,2022-04-21,Routine,0.91
1220,26,O+,5,4,2023-05-26,Emergency,0.795
1221,22,A+,10,8,2024-03-21,Urgent,0.786
1222,60,O+,7,4,2024-08-03,Urgent,0.627
1223,29,B+,2,1,2023-12-18,Routine,0.715
1224,77,O+,2,1,2023-05-06,Emergency,0.691
1225,80,A+,2,1,2023-08-02,Emergency,0.692
1226,56,B+,3,3,2024-06-19,Urgent,0.941
1227,63,A+,5,4,2022-03-06,Urgent,0.716
1228,7,O+,10,8,2022-11-30,Routine,0.829
1229,40,B+,10,8,2022-10-30,Urgent,0.8
1230,5,A+,1,1,2023-07-11,Routine,0.999
1231,35,A+,7,4,2024-08-15,Routine,0.625
1232,64,B+,10,9,2024-07-24,Routine,0.861
1233,50,A+,2,1,2022-04-04,Emergency,0.658
1234,12,A+,1,1,2022-12-23,Routine,0.895
1235,26,A-,9,2,2022-05-22,Routine,0.272
1236,2,A-,9,6,2024-11-02,Urgent,0.67
1237,28,A-,6,4,2023-10-02,Urgent,0.692
1238,37,O+,6,6,2024-07-05,Emergency,0.932
1239,30,O+,9,7,2024-02-25,Routine,0.763
1240,80,O+,10,8,2024-09-06,Urgent,0.77
1241,48,O+,7,7,2024-07-09,Urgent,0.984
1242,67,O+,10,7,2022-11-21,Emergency,0.669
1243,29,O+,1,1,2023-02-21,Emergency,0.89
1244,73,A-,7,2,2022-11-14,Routine,0.221
1245,69,O+,8,5,2024-07-19,Emergency,0.681
1246,79,A+,8,7,2024-10-27,Routine,0.848
1247,25,A+,6,6,2024-09-11,Routine,0.943
1248,65,O+,9,6,2023-07-22,Urgent,0.698
1249,65,A+,6,5,2024-02-02,Routine,0.795
1250,28,A+,10,6,2023-09-17,Routine,0.63
1251,6,B+,4,4,2024-08-28,Urgent,0.972
1252,7,A+,8,6,2024-03-07,Routine,0.737
1253,35,O+,9,7,2022-04-02,Routine,0.753
1254,1,O+,3,2,2024-10-06,Emergency,0.762
1255,7,O+,9,9,2023-07-31,Routine,0.978
1256,12,O+,8,7,2024-05-14,Urgent,0.895
1257,70,O-,3,1,2023-02-10,Routine,0.386
1258,42,B+,4,4,2024-10-05,Routine,0.913
1259,48,O+,8,8,2022-11-27,Emergency,0.949
1260,64,O+,8,5,2024-07-13,Emergency,0.586
1261,36,O+,5,4,2023-11-07,Emergency,0.785
1262,74,O+,4,3,2023-07-24,Urgent,0.748
1263,15,O+,9,9,2023-05-08,Routine,0.958
1264,67,A+,1,1,2024-01-20,Routine,0.951
1265,67,O+,4,3,2022-05-28,Routine,0.742
1266,78,A+,4,4,2024-03-09,Routine,0.968
1267,41,A+,3,2,2024-05-30,Emergency,0.712
1268,27,O-,6,3,2023-09-04,Routine,0.468
1269,7,A+,9,7,2024-11-08,Routine,0.819
1270,20,A+,2,2,2024-04-30,Routine,0.869
1271,65,A+,6,6,2023-06-10,Urgent,0.96
1272,39,O+,2,2,2023-04-12,Routine,0.758
1273,47,A+,1,1,2024-05-03,Routine,0.601
1274,57,B+,9,9,2023-05-18,Urgent,0.969
1275,73,A+,3,2,2023-03-08,Routine,0.733
1276,80,O+,2,2,2023-05-20,Urgent,0.845
1277,2,O+,6,6,2022-02-14,Routine,0.97
1278,46,O+,2,2,2022-10-23,Routine,0.764
1279,36,B+,5,3,2024-02-12,Urgent,0.627
1280,67,O+,8,7,2022-05-19,Routine,0.849
1281,51,A+,5,4,2023-01-17,Urgent,0.722
1282,26,O+,4,3,2023-11-11,Urgent,0.647
1283,36,A+,4,3,2024-05-29,Routine,0.628
1284,36,O+,10,9,2022-07-28,Urgent,0.932
1285,36,O+,9,9,2023-02-07,Routine,0.986
1286,4,O+,6,6,2023-09-18,Routine,0.99
1287,14,A+,5,5,2022-06-30,Urgent,0.972
1288,29,O+,8,7,2023-11-07,Emergency,0.906
1289,55,B+,6,4,2022-02-03,Urgent,0.708
1290,70,A+,8,4,2023-01-26,Emergency,0.513
1291,46,O+,5,5,2023-02-10,Routine,0.932
1292,23,B+,8,5,2024-01-14,Urgent,0.662
1293,22,O+,3,2,2023-04-23,Routine,0.778
1294,44,O+,9,9,2024-01-18,Urgent,0.987
1295,16,O-,6,3,2023-01-22,Urgent,0.453
1296,72,A+,3,2,2024-08-11,Emergency,0.763
1297,71,O+,10,8,2023-10-05,Urgent,0.844
1298,17,B+,7,7,2022-04-14,Urgent,0.95
1299,44,O-,9,5,2022-10-01,Emergency,0.582
1300,43,B+,8,7,2024-02-20,Routine,0.866
1301,70,A-,8,2,2023-07-05,Routine,0.251
1302,79,O+,2,2,2024-02-20,Urgent,0.919
1303,77,O-,6,4,2022-01-16,Routine,0.643
1304,19,A+,6,6,2022-02-22,Routine,0.977
1305,29,B+,4,4,2024-03-18,Routine,0.998
1306,68,A+,1,1,2023-07-11,Routine,0.976
1307,31,O+,7,5,2024-01-22,Routine,0.649
1308,22,A+,9,8,2024-09-16,Urgent,0.92
1309,20,B+,1,1,2022-06-27,Urgent,0.839
1310,37,A+,10,10,2023-10-12,Routine,0.982
1311,35,O+,7,6,2023-06-23,Routine,0.813
1312,45,A+,10,6,2023-12-01,Emergency,0.553
1313,7,O+,8,6,2022-10-18,Routine,0.698
1314,3,O+,8,8,2024-04-29,Urgent,0.952
1315,29,AB+,5,3,2023-09-19,Urgent,0.681
1316,12,B+,9,6,2024-01-20,Routine,0.706
1317,54,B+,3,2,2024-09-09,Routine,0.823
1318,33,A+,2,2,2023-09-14,Urgent,0.943
1319,32,A+,10,8,2023-05-28,Routine,0.786
1320,49,O+,7,5,2022-07-01,Urgent,0.744
1321,36,A+,3,3,2023-03-26,Emergency,0.924
1322,28,B+,9,8,2023-04-21,Urgent,0.849
1323,9,B+,5,4,2024-12-05,Routine,0.897
1324,19,B+,6,4,2023-03-14,Urgent,0.645
1325,51,B+,9,8,2024-07-20,Urgent,0.927
1326,4,O+,10,8,2024-12-14,Routine,0.754
1327,38,A+,1,1,2022-03-15,Urgent,0.81
1328,49,O+,3,3,2023-02-06,Urgent,0.873
1329,60,O+,6,6,2024-06-15,Emergency,1.0
1330,61,A+,9,7,2022-09-04,Routine,0.763
1331,72,AB+,4,4,2024-01-09,Urgent,0.958
1332,36,B+,1,1,2022-03-29,Urgent,0.703
1333,25,O+,3,2,2022-06-27,Urgent,0.669
1334,66,O+,3,2,2024-12-24,Routine,0.652
1335,7,A+,7,5,2023-01-06,Routine,0.785
1336,8,B+,5,4,2024-12-16,Routine,0.747
1337,48,O+,9,9,2023-08-29,Routine,0.954
1338,80,A+,6,4,2024-11-26,Urgent,0.619
1339,18,O+,7,4,2023-05-16,Urgent,0.606
1340,29,O+,5,4,2024-07-03,Routine,0.781
1341,24,B+,1,1,2023-12-30,Urgent,0.804
1342,36,A+,7,6,2023-06-03,Emergency,0.82
1343,34,A+,7,6,2023-08-29,Routine,0.862
1344,4,B+,9,6,2024-09-27,Routine,0.695
1345,57,O+,7,7,2022-10-04,Emergency,0.954
1346,69,B+,7,6,2022-01-19,Routine,0.801
1347,41,B+,9,5,2022-01-27,Emergency,0.558
1348,19,AB+,8,7,2023-08-22,Routine,0.852
1349,38,B+,9,6,2023-08-02,Urgent,0.718
1350,73,O+,2,2,2024-04-26,Routine,0.883
1351,75,O+,10,8,2024-08-18,Emergency,0.827
1352,74,O-,1,1,2024-02-17,Urgent,0.559
1353,3,O+,6,4,2024-11-03,Urgent,0.622
1354,43,O+,4,4,2023-03-24,Routine,0.954
1355,72,O+,5,5,2022-05-15,Routine,0.913
1356,76,O-,9,4,2022-02-22,Urgent,0.463
1357,5,A+,10,6,2022-09-16,Routine,0.646
1358,15,A+,3,2,2023-04-04,Urgent,0.806
1359,15,B+,3,2,2022-06-28,Routine,0.606
1360,25,AB+,2,2,2024-08-06,Emergency,0.756
1361,55,A+,4,3,2024-10-15,Urgent,0.74
1362,44,O+,5,4,2024-04-13,Urgent,0.86
1363,78,A+,2,1,2022-04-17,Urgent,0.6
1364,70,A+,5,3,2024-10-10,Emergency,0.513
1365,49,B-,4,2,2024-02-12,Urgent,0.62
1366,79,O+,6,4,2023-12-31,Emergency,0.694
1367,17,B+,9,7,2023-11-13,Routine,0.799
1368,25,A+,1,1,2024-07-26,Urgent,0.779
1369,48,O+,1,1,2024-01-23,Urgent,0.824
1370,66,B+,10,9,2022-02-11,Urgent,0.943
1371,10,O+,5,3,2022-10-27,Urgent,0.626
1372,66,O+,6,3,2023-06-23,Emergency,0.504
1373,47,B+,6,4,2024-01-17,Urgent,0.646
1374,67,A+,8,7,2024-09-06,Emergency,0.9
1375,47,A+,2,2,2024-03-07,Urgent,0.973
1376,23,A+,9,8,2022-08-08,Urgent,0.889
1377,63,O+,4,3,2023-01-14,Urgent,0.768
1378,25,B+,5,3,2024-11-07,Emergency,0.628
1379,11,O+,8,6,2023-08-26,Urgent,0.704
1380,78,A+,1,1,2023-06-15,Emergency,0.836
1381,40,B+,8,6,2022-07-21,Urgent,0.764
1382,43,O+,1,1,2024-12-01,Urgent,0.794
1383,17,O+,3,3,2023-12-17,Routine,0.951
1384,78,B+,9,6,2023-08-16,Routine,0.637
1385,77,O+,5,4,2024-09-16,Routine,0.853
1386,67,A+,7,5,2023-08-09,Emergency,0.666
1387,34,O+,2,1,2023-10-03,Urgent,0.679
1388,1,AB+,4,4,2022-09-30,Emergency,0.979
1389,4,A+,10,6,2023-02-23,Urgent,0.611
1390,47,B+,8,8,2024-04-28,Routine,0.98
1391,64,AB+,6,6,2024-01-20,Urgent,0.942
1392,34,A+,2,2,2022-10-07,Routine,0.792
1393,55,O-,2,1,2023-07-26,Routine,0.531
1394,5,O+,7,7,2024-08-17,Routine,0.933
1395,18,O+,1,1,2022-05-07,Routine,0.846
1396,45,B+,3,3,2024-12-12,Urgent,0.92
1397,36,O+,3,3,2022-09-11,Urgent,0.993
1398,71,O+,5,4,2023-09-22,Urgent,0.779
1399,62,A+,5,4,2024-04-17,Routine,0.823
1400,9,A+,2,1,2022-01-09,Emergency,0.51
1401,33,O+,7,5,2022-12-09,Urgent,0.705
1402,55,O+,7,7,2024-07-30,Routine,0.959
1403,27,A+,5,5,2022-05-25,Routine,0.924
1404,14,O+,4,4,2024-09-13,Routine,0.967
1405,73,B+,1,1,2023-05-27,Routine,0.787
1406,65,O+,6,4,2024-03-24,Urgent,0.697
1407,41,A+,8,7,2022-04-28,Routine,0.861
1408,15,O+,5,4,2022-10-17,Urgent,0.84
1409,44,O+,7,6,2024-11-24,Urgent,0.871
1410,59,A+,3,2,2024-08-13,Emergency,0.763
1411,25,B+,3,2,2023-12-15,Emergency,0.575
1412,16,O+,6,4,2022-10-18,Routine,0.726
1413,1,A+,6,4,2024-05-13,Urgent,0.712
1414,68,A+,9,9,2023-04-14,Routine,0.977
1415,7,O+,3,3,2023-08-22,Emergency,0.847
1416,65,O+,2,2,2022-01-03,Routine,0.906
1417,46,O+,9,7,2023-07-03,Routine,0.731
1418,38,O+,1,1,2022-10-03,Routine,0.698
1419,37,A+,3,2,2022-03-09,Routine,0.798
1420,59,A+,5,4,2024-01-18,Urgent,0.721
1421,51,O+,4,2,2024-05-15,Urgent,0.622
1422,30,A+,5,5,2024-05-08,Routine,0.948
1423,21,B+,10,10,2022-12-03,Routine,0.963
1424,69,O+,6,4,2022-05-06,Routine,0.741
1425,71,O+,9,6,2023-02-03,Urgent,0.705
1426,69,AB+,6,6,2023-09-27,Routine,0.93
1427,55,B+,10,9,2024-10-30,Urgent,0.921
1428,67,O+,9,6,2024-05-24,Emergency,0.639
1429,26,B+,7,6,2024-01-16,Routine,0.827
1430,13,O+,4,3,2022-11-30,Urgent,0.793
1431,1,O+,3,3,2022-08-29,Emergency,0.833
1432,44,O-,10,5,2024-06-30,Routine,0.519
1433,48,O+,4,4,2022-03-21,Urgent,0.961
1434,13,O+,10,8,2024-05-28,Routine,0.79
1435,2,AB+,8,7,2023-04-06,Urgent,0.859
1436,16,O+,6,5,2024-12-19,Urgent,0.889
1437,41,O+,10,6,2023-05-23,Urgent,0.608
1438,43,A+,8,8,2023-03-26,Emergency,0.944
1439,77,O+,9,7,2023-06-02,Routine,0.779
1440,11,O+,2,2,2024-04-08,Routine,0.85
1441,2,A+,5,5,2024-08-12,Urgent,0.936
1442,64,B+,3,2,2024-11-28,Emergency,0.739
1443,46,B+,1,1,2022-12-17,Routine,0.964
1444,25,B+,8,7,2024-02-18,Routine,0.874
1445,78,O-,10,3,2024-03-24,Urgent,0.267
1446,30,B+,9,8,2022-01-17,Routine,0.941
1447,22,O+,8,7,2022-07-18,Urgent,0.872
1448,32,A+,3,3,2023-11-19,Urgent,0.876
1449,67,B+,4,3,2022-08-10,Urgent,0.646
1450,18,O+,9,8,2023-07-13,Routine,0.935
1451,60,A+,4,4,2023-08-21,Routine,0.93
1452,1,A+,6,4,2024-10-12,Routine,0.722
1453,63,B+,9,8,2024-06-09,Emergency,0.865
1454,3,A+,9,7,2024-07-04,Emergency,0.787
1455,47,AB+,10,9,2023-07-04,Urgent,0.897
1456,78,B+,8,8,2023-03-09,Emergency,0.948
1457,17,O+,8,6,2023-05-11,Routine,0.779
1458,56,A+,10,9,2023-08-25,Urgent,0.92
1459,75,O+,3,2,2022-09-11,Routine,0.645
1460,25,O+,8,6,2022-03-05,Routine,0.725
1461,47,O+,7,4,2022-02-24,Routine,0.608
1462,67,O+,1,1,2023-02-21,Routine,0.637
1463,3,A-,7,4,2022-02-08,Routine,0.535
1464,19,A+,10,7,2023-05-13,Urgent,0.655
1465,2,O+,9,8,2024-04-08,Urgent,0.867
1466,68,O+,7,5,2022-05-21,Routine,0.709
1467,14,A+,3,2,2022-10-26,Emergency,0.782
1468,13,O+,3,2,2024-03-29,Urgent,0.67
1469,48,A+,4,3,2023-02-03,Routine,0.764
1470,38,A+,10,7,2022-02-04,Routine,0.727
1471,29,A+,5,5,2022-11-26,Urgent,0.941
1472,60,O+,2,1,2023-11-26,Routine,0.747
1473,47,O+,5,4,2022-09-16,Urgent,0.735
1474,14,A+,2,2,2023-10-15,Urgent,0.878
1475,47,A-,8,3,2023-01-26,Urgent,0.32
1476,19,O+,4,3,2022-01-03,Routine,0.751
1477,2,O+,5,3,2024-01-06,Routine,0.657
1478,27,A+,4,3,2022-10-03,Urgent,0.64
1479,4,O+,6,5,2022-04-11,Routine,0.879
1480,62,O+,2,1,2023-05-03,Routine,0.736
1481,66,A+,5,4,2022-10-16,Emergency,0.731
1482,72,B+,3,3,2024-04-19,Routine,0.919
1483,9,AB+,2,2,2024-10-30,Urgent,0.801
1484,10,B+,7,6,2022-10-19,Routine,0.907
1485,13,B+,8,7,2022-10-25,Routine,0.892
1486,8,O+,1,1,2022-07-18,Routine,0.629
1487,34,B+,10,7,2022-07-08,Urgent,0.661
1488,12,B+,2,1,2023-10-15,Routine,0.632
1489,70,O+,3,3,2022-05-05,Emergency,0.886
1490,72,A+,3,3,2024-05-22,Routine,0.942
1491,24,O+,3,2,2024-06-08,Routine,0.625
1492,59,A+,10,6,2023-01-25,Routine,0.622
1493,15,A-,10,5,2022-01-19,Routine,0.468
1494,12,O+,4,4,2022-06-24,Emergency,0.957
1495,52,B+,6,6,2023-09-28,Emergency,0.931
1496,13,A+,6,5,2023-02-02,Routine,0.87
1497,51,A+,7,4,2023-06-23,Routine,0.621
1498,13,A+,5,3,2024-12-11,Routine,0.696
1499,69,O+,7,6,2023-10-11,Routine,0.893
1500,7,O-,5,3,2024-11-17,Routine,0.626
1501,41,O+,2,2,2022-01-15,Urgent,0.761
1502,58,O+,3,3,2024-09-25,Emergency,0.939
1503,56,B+,7,4,2023-07-03,Urgent,0.636
1504,57,A+,4,3,2024-04-08,Routine,0.714
1505,70,A+,5,3,2023-04-16,Urgent,0.691
1506,4,O+,7,7,2022-05-28,Urgent,0.947
1507,1,A+,9,7,2022-11-27,Routine,0.733
1508,20,O+,3,2,2024-01-31,Urgent,0.689
1509,5,O+,2,2,2023-05-06,Routine,0.941
1510,23,O+,10,7,2023-02-12,Emergency,0.655
1511,58,A+,1,1,2023-01-14,Urgent,0.75
1512,37,A+,3,2,2023-06-11,Emergency,0.585
1513,12,O+,4,4,2022-06-26,Routine,0.991
1514,18,O+,8,5,2022-09-05,Emergency,0.605
1515,73,O-,7,3,2024-09-04,Urgent,0.489
1516,35,O+,10,8,2024-01-17,Urgent,0.822
1517,62,O+,3,2,2024-12-16,Routine,0.829
1518,47,O-,9,5,2023-10-03,Emergency,0.535
1519,67,O+,8,5,2022-08-14,Urgent,0.602
1520,2,A+,4,4,2024-11-02,Urgent,0.932
1521,67,O-,9,3,2022-08-30,Urgent,0.289
1522,55,O+,6,5,2024-11-24,Routine,0.773
1523,5,A+,10,8,2023-11-30,Urgent,0.786
1524,64,A+,3,2,2022-10-10,Urgent,0.827
1525,55,A+,3,3,2023-02-13,Routine,0.933
1526,19,O+,6,5,2022-05-27,Urgent,0.843
1527,42,O+,9,7,2024-09-11,Routine,0.74
1528,77,O+,1,1,2022-12-18,Routine,0.813
1529,48,A+,9,8,2022-06-18,Urgent,0.846
1530,57,O+,2,1,2022-06-07,Urgent,0.733
1531,20,A+,10,8,2023-02-03,Routine,0.787
1532,45,O+,1,1,2023-09-15,Routine,0.732
1533,55,AB+,2,1,2024-11-18,Routine,0.617
1534,3,A-,10,3,2023-11-27,Urgent,0.289
1535,58,A+,1,1,2023-08-21,Urgent,0.946
1536,37,AB+,5,4,2024-04-26,Emergency,0.764
1537,61,AB+,6,4,2022-05-13,Urgent,0.618
1538,7,B+,2,2,2023-06-08,Urgent,0.902
1539,58,A+,8,5,2022-10-31,Routine,0.639
1540,80,A+,9,8,2024-08-14,Routine,0.93
1541,15,A+,1,1,2022-05-24,Routine,0.753
1542,64,A+,10,8,2024-10-09,Urgent,0.769
1543,15,A+,5,3,2022-03-04,Urgent,0.611
1544,32,O+,10,10,2023-01-01,Urgent,0.958
1545,4,O-,1,0,2023-06-23,Urgent,0.38
1546,76,A+,7,5,2024-04-30,Urgent,0.656
1547,36,O+,3,3,2024-07-24,Urgent,0.901
1548,54,O+,10,8,2022-09-20,Routine,0.846
1549,27,O+,6,4,2023-11-11,Urgent,0.71
1550,37,O+,3,2,2022-01-25,Routine,0.668
1551,7,A+,5,4,2022-02-27,Routine,0.789
1552,79,B+,2,1,2022-07-04,Urgent,0.728
1553,52,O+,5,4,2023-02-14,Routine,0.819
1554,54,B+,7,5,2022-02-15,Routine,0.735
1555,28,AB-,6,2,2022-09-01,Routine,0.28
1556,32,AB+,4,3,2023-08-07,Urgent,0.642
1557,31,A+,4,4,2024-09-04,Routine,0.981
1558,63,O+,2,2,2022-02-07,Routine,0.772
1559,67,A+,5,5,2023-01-03,Routine,0.909
1560,55,O+,9,7,2024-12-26,Routine,0.723
1561,70,O+,1,1,2022-01-25,Routine,0.608
1562,2,A+,10,8,2022-01-30,Routine,0.838
1563,33,A+,6,4,2024-08-18,Urgent,0.69
1564,42,A+,6,5,2022-05-27,Urgent,0.754
1565,13,B+,10,6,2023-04-07,Routine,0.638
1566,29,O+,1,1,2022-12-16,Routine,0.605
1567,19,O+,3,3,2022-09-20,Emergency,0.846
1568,76,O-,5,3,2023-09-28,Routine,0.676
1569,56,A+,2,2,2023-04-08,Urgent,0.826
1570,47,O+,3,3,2022-01-09,Urgent,0.984
1571,28,O+,7,5,2023-12-21,Urgent,0.783
1572,66,O+,7,6,2024-05-19,Emergency,0.878
1573,54,B+,7,6,2022-05-11,Urgent,0.89
1574,60,A+,1,1,2023-12-17,Routine,0.789
1575,22,B+,2,1,2023-06-10,Emergency,0.51
1576,54,B+,4,4,2024-09-06,Routine,0.9
1577,60,B+,2,2,2023-11-12,Routine,0.872
1578,80,AB+,6,5,2023-10-18,Urgent,0.772
1579,27,A+,5,4,2023-11-30,Routine,0.878
1580,52,O+,3,2,2023-07-18,Routine,0.781
1581,77,B+,9,7,2022-05-06,Emergency,0.734
1582,20,A+,6,4,2023-07-24,Routine,0.622
1583,49,O+,10,9,2024-02-16,Routine,0.942
1584,75,A+,1,1,2023-09-14,Routine,0.627
1585,38,A+,6,5,2024-11-21,Urgent,0.837
1586,22,A+,8,5,2024-06-06,Urgent,0.648
1587,1,B+,9,6,2022-01-07,Routine,0.629
1588,55,O+,4,4,2024-09-03,Urgent,0.931
1589,30,O+,1,1,2024-03-06,Routine,0.778
1590,23,O+,6,6,2023-05-14,Urgent,0.97
1591,70,A+,10,9,2024-01-08,Urgent,0.891
1592,22,O+,5,4,2023-12-03,Routine,0.885
1593,24,O+,6,6,2023-05-20,Urgent,0.994
1594,35,O+,4,4,2022-12-25,Urgent,0.954
1595,72,B+,7,5,2023-03-20,Routine,0.744
1596,33,A+,4,3,2024-12-15,Routine,0.641
1597,3,A+,7,5,2023-07-19,Routine,0.731
1598,27,A+,5,4,2022-03-22,Urgent,0.725
1599,8,A-,1,0,2024-10-31,Urgent,0.281
1600,76,B+,10,6,2024-05-04,Routine,0.623
1601,37,O+,7,5,2022-05-27,Routine,0.722
1602,28,A+,8,6,2022-03-28,Routine,0.718
1603,40,A-,2,0,2024-10-20,Routine,0.241
1604,52,A+,6,5,2023-06-27,Routine,0.835
1605,51,A+,4,3,2022-06-19,Emergency,0.717
1606,2,B+,8,6,2022-12-10,Routine,0.709
1607,8,B+,10,7,2023-06-06,Urgent,0.704
1608,13,A+,9,7,2022-08-01,Urgent,0.755
1609,71,A+,5,4,2022-09-06,Urgent,0.872
1610,49,O+,7,6,2022-06-16,Routine,0.895
1611,1,B+,3,2,2022-07-07,Routine,0.614
1612,45,B+,1,1,2024-01-04,Routine,0.801
1613,59,B+,9,5,2022-12-26,Emergency,0.561
1614,74,A+,4,3,2023-02-27,Routine,0.657
1615,61,O+,5,3,2023-06-02,Routine,0.637
1616,54,O+,7,5,2024-08-25,Urgent,0.658
1617,80,B+,5,3,2024-02-28,Routine,0.66
1618,71,A+,2,2,2024-02-19,Emergency,0.837
1619,33,O+,10,5,2023-05-27,Emergency,0.548
1620,5,A+,7,6,2022-01-05,Urgent,0.852
1621,3,O-,9,4,2022-03-02,Routine,0.468
1622,79,B-,4,1,2022-01-29,Routine,0.296
1623,72,O+,8,5,2022-06-14,Routine,0.635
1624,7,A+,4,3,2022-09-10,Emergency,0.804
1625,51,B+,5,4,2022-12-14,Urgent,0.727
1626,63,A+,6,4,2023-11-02,Urgent,0.641
1627,38,O+,9,6,2024-07-10,Emergency,0.674
1628,67,A+,1,1,2024-02-26,Urgent,0.637
1629,7,B-,2,1,2023-05-18,Urgent,0.618
1630,21,O+,10,7,2023-07-02,Routine,0.672
1631,18,A+,2,2,2023-06-17,Routine,0.83
1632,54,AB+,9,9,2023-10-21,Routine,0.954
1633,6,O+,2,1,2022-02-06,Urgent,0.614
1634,47,B+,4,2,2022-12-03,Routine,0.61
1635,31,O+,8,6,2022-08-25,Routine,0.771
1636,33,A+,2,2,2022-05-14,Routine,0.871
1637,33,O+,7,5,2024-10-18,Emergency,0.753
1638,50,A+,3,2,2022-06-15,Routine,0.791
1639,67,B+,2,2,2024-11-19,Routine,0.892
1640,56,O+,5,5,2023-07-25,Urgent,0.934
1641,55,O+,5,4,2023-07-10,Urgent,0.847
1642,10,O-,10,3,2024-02-19,Routine,0.257
1643,80,O+,2,2,2024-06-19,Urgent,0.887
1644,34,B+,10,10,2024-02-21,Routine,0.964
1645,28,O+,1,1,2024-10-06,Urgent,0.646
1646,77,AB+,2,2,2023-01-28,Urgent,0.942
1647,18,O+,8,6,2024-04-22,Routine,0.748
1648,38,A+,4,4,2023-09-24,Routine,0.997
1649,33,O+,5,4,2023-06-07,Urgent,0.76
1650,55,B+,7,5,2024-03-30,Urgent,0.665
1651,74,A+,5,3,2024-07-27,Urgent,0.619
1652,77,O+,9,6,2023-06-18,Urgent,0.7
1653,33,A+,3,2,2024-12-11,Routine,0.733
1654,52,A+,1,1,2023-04-11,Routine,0.638
1655,10,O+,3,2,2024-03-08,Urgent,0.812
1656,20,A+,3,3,2023-09-11,Routine,0.934
1657,78,O+,1,1,2024-08-15,Urgent,0.646
1658,25,A+,3,2,2022-08-18,Routine,0.824
1659,24,A+,6,6,2024-03-14,Urgent,0.928
1660,76,A+,5,5,2024-11-15,Routine,0.976
1661,63,B+,3,2,2022-08-10,Urgent,0.762
1662,44,A+,1,1,2022-10-05,Urgent,0.922
1663,17,B+,6,5,2022-02-05,Routine,0.9
1664,28,A+,8,6,2023-07-28,Routine,0.777
1665,33,A+,6,4,2023-05-05,Emergency,0.595
1666,23,O+,9,7,2024-09-18,Routine,0.797
1667,7,A+,2,1,2023-08-02,Routine,0.743
1668,62,B+,4,3,2024-02-16,Routine,0.631
1669,80,O+,7,6,2023-09-18,Urgent,0.792
1670,60,AB-,7,3,2024-11-11,Urgent,0.421
1671,69,B+,4,3,2022-10-22,Routine,0.741
1672,60,B+,10,8,2022-04-11,Emergency,0.805
1673,27,B+,5,5,2023-01-06,Urgent,0.918
1674,37,O+,4,3,2024-10-11,Urgent,0.744
1675,40,O+,6,6,2022-03-06,Urgent,0.95
1676,54,O+,10,9,2023-06-15,Urgent,0.874
1677,59,A+,10,8,2023-01-28,Emergency,0.831
1678,26,A+,8,6,2023-07-14,Urgent,0.709
1679,23,A+,6,4,2024-11-14,Urgent,0.616
1680,73,O+,10,10,2022-03-10,Routine,0.959
1681,66,O+,2,2,2023-10-31,Urgent,0.931
1682,20,O+,7,6,2022-01-14,Routine,0.797
1683,65,A+,8,4,2023-05-13,Emergency,0.552
1684,77,A+,7,6,2023-04-05,Routine,0.868
1685,51,AB+,9,6,2022-06-23,Urgent,0.653
1686,67,O+,10,8,2022-11-27,Urgent,0.808
1687,69,O+,8,8,2022-05-18,Urgent,0.944
1688,4,B+,1,1,2024-09-06,Urgent,0.622
1689,12,B+,4,3,2023-08-05,Emergency,0.742
1690,32,O+,8,7,2024-06-13,Routine,0.933
1691,17,O+,5,3,2024-07-22,Routine,0.692
1692,76,A+,9,7,2022-09-21,Routine,0.794
1693,58,B+,3,2,2023-02-27,Routine,0.783
1694,31,O+,3,2,2022-07-30,Routine,0.771
1695,48,A+,1,1,2023-12-08,Urgent,0.78
1696,18,A-,8,4,2022-03-15,Routine,0.489
1697,63,B+,6,4,2024-08-14,Urgent,0.629
1698,33,O+,9,9,2023-06-08,Urgent,0.953
1699,16,O+,3,3,2022-05-17,Routine,0.973
1700,80,O+,8,4,2022-07-24,Emergency,0.549
1701,45,B+,10,10,2024-04-30,Urgent,0.987
1702,62,B+,4,4,2022-02-03,Routine,0.928
1703,72,O+,6,5,2024-07-08,Urgent,0.774
1704,51,AB+,4,3,2023-11-15,Emergency,0.759
1705,25,O+,3,3,2022-02-28,Routine,0.959
1706,71,B+,6,4,2024-10-17,Emergency,0.612
1707,21,O+,7,6,2022-02-08,Routine,0.806
1708,23,O+,8,8,2023-05-14,Emergency,0.983
1709,8,O+,3,3,2024-11-15,Routine,0.953
1710,60,AB+,1,1,2022-05-06,Urgent,0.802
1711,6,O+,5,4,2024-08-08,Routine,0.853
1712,29,AB+,4,4,2023-08-18,Urgent,0.978
1713,76,O+,7,5,2024-04-09,Routine,0.689
1714,25,A+,6,5,2022-01-30,Urgent,0.866
1715,66,O+,6,5,2024-04-23,Routine,0.759
1716,4,A+,8,6,2024-03-28,Routine,0.764
1717,40,O+,10,7,2022-03-31,Routine,0.698
1718,56,B+,1,1,2023-04-03,Urgent,0.901
1719,71,A+,5,5,2023-07-01,Urgent,0.958
1720,25,O+,2,1,2024-08-28,Routine,0.699
1721,35,A+,8,7,2022-12-17,Routine,0.821
1722,47,B+,6,5,2024-05-27,Routine,0.851
1723,53,O+,6,5,2022-09-13,Urgent,0.88
1724,56,A+,7,5,2023-04-27,Routine,0.704
1725,58,O+,1,1,2023-11-25,Routine,0.703
1726,47,O+,1,1,2022-11-06,Routine,0.715
1727,45,B+,8,6,2023-05-19,Routine,0.754
1728,33,O+,3,2,2022-12-25,Urgent,0.762
1729,60,A+,6,5,2024-06-01,Routine,0.832
1730,31,O+,3,2,2023-10-05,Emergency,0.708
1731,14,O+,8,7,2024-08-31,Routine,0.831
1732,39,A+,8,7,2023-01-06,Routine,0.85
1733,66,A+,4,3,2023-05-06,Routine,0.683
1734,61,O+,3,3,2022-07-12,Routine,0.884
1735,1,O+,2,2,2024-04-01,Urgent,0.872
1736,56,O+,6,4,2024-11-07,Routine,0.612
1737,9,O+,4,4,2022-06-11,Urgent,0.932
1738,43,O+,9,6,2022-06-22,Emergency,0.711
1739,36,O+,8,8,2024-11-07,Urgent,0.965
1740,40,B+,10,7,2024-03-29,Emergency,0.739
1741,43,O+,8,5,2023-12-15,Routine,0.605
1742,7,B+,3,2,2024-04-04,Urgent,0.781
1743,31,O+,2,1,2023-03-12,Routine,0.66
1744,54,A+,4,4,2022-07-13,Routine,0.883
1745,32,A-,4,2,2023-04-12,Routine,0.585
1746,20,O+,9,6,2024-07-10,Urgent,0.711
1747,39,A+,4,3,2023-12-30,Urgent,0.631
1748,72,O+,7,5,2022-04-23,Routine,0.702
1749,47,O+,4,4,2024-10-19,Routine,0.996
1750,17,O+,7,4,2022-12-14,Emergency,0.547
1751,41,B+,6,4,2024-07-13,Routine,0.62
1752,19,O+,9,8,2022-02-20,Routine,0.886
1753,79,A+,8,5,2023-07-09,Emergency,0.591
1754,34,O+,5,4,2022-10-29,Urgent,0.729
1755,3,O+,10,9,2024-09-28,Urgent,0.865
1756,74,A+,9,7,2023-01-14,Routine,0.826
1757,9,B+,3,3,2022-06-28,Urgent,0.915
1758,28,O+,4,3,2022-11-08,Urgent,0.663
1759,64,A+,8,7,2023-02-18,Routine,0.816
1760,45,O+,4,2,2024-09-03,Routine,0.605
1761,4,O+,4,3,2023-01-25,Emergency,0.85
1762,52,AB+,8,6,2023-04-09,Urgent,0.804
1763,14,O+,5,4,2024-10-28,Emergency,0.731
1764,31,A+,9,6,2022-07-26,Emergency,0.698
1765,53,B+,9,7,2023-02-17,Routine,0.79
1766,35,O+,1,1,2024-03-04,Routine,0.949
1767,63,A+,1,1,2024-02-13,Emergency,0.901
1768,7,A+,7,5,2023-02-06,Routine,0.705
1769,2,A+,5,3,2024-06-07,Urgent,0.676
1770,46,A+,1,1,2024-02-14,Urgent,0.727
1771,7,O+,2,2,2022-01-17,Routine,0.963
1772,72,A+,2,2,2024-12-10,Routine,0.977
1773,11,O+,3,2,2023-05-26,Routine,0.625
1774,53,B-,9,4,2022-11-26,Urgent,0.48
1775,20,A+,7,5,2023-02-03,Urgent,0.669
1776,54,O+,2,1,2024-06-24,Urgent,0.671
1777,61,O+,6,5,2023-03-02,Routine,0.817
1778,80,B+,6,5,2024-11-05,Routine,0.903
1779,69,A+,4,4,2023-05-05,Routine,0.923
1780,18,A+,9,7,2022-08-21,Urgent,0.737
1781,41,AB-,5,2,2023-02-09,Emergency,0.483
1782,5,A+,10,7,2023-05-17,Routine,0.682
1783,59,AB+,9,8,2022-11-13,Routine,0.927
1784,18,A+,6,6,2022-08-30,Urgent,0.995
1785,66,O+,5,5,2023-12-10,Urgent,0.9
1786,4,O+,10,10,2023-08-25,Routine,0.964
1787,76,AB+,9,8,2022-01-22,Urgent,0.914
1788,11,O+,1,1,2024-12-27,Routine,0.901
1789,18,O+,5,4,2023-07-04,Routine,0.859
1790,68,A+,9,5,2022-05-13,Emergency,0.603
1791,47,O+,8,8,2024-09-29,Urgent,0.952
1792,65,O+,8,5,2024-07-01,Routine,0.681
1793,76,O+,1,1,2024-12-13,Urgent,0.758
1794,21,O+,3,2,2024-01-17,Routine,0.612
1795,32,O-,5,3,2024-10-06,Routine,0.609
1796,32,B+,8,6,2022-07-23,Urgent,0.775
1797,32,B+,6,5,2024-04-14,Routine,0.907
1798,31,B+,6,5,2022-02-16,Routine,0.876
1799,30,A+,10,9,2023-06-11,Urgent,0.925
1800,10,O-,5,2,2024-12-04,Urgent,0.313
1801,40,B+,8,8,2022-03-09,Routine,0.969
1802,65,O+,3,2,2023-11-06,Urgent,0.681
1803,63,B+,5,4,2024-09-12,Routine,0.708
1804,65,A+,3,3,2022-09-28,Emergency,0.883
1805,74,A+,5,4,2023-07-22,Routine,0.853
1806,35,AB+,10,10,2024-10-07,Routine,0.955
1807,25,O+,7,5,2024-04-24,Urgent,0.769
1808,62,A+,3,3,2023-03-21,Urgent,0.896
1809,11,B+,1,1,2023-11-06,Routine,0.873
1810,10,A+,8,7,2022-09-15,Emergency,0.87
1811,78,O+,5,4,2022-12-04,Routine,0.873
1812,42,O+,8,7,2022-04-15,Routine,0.843
1813,3,A-,1,0,2024-07-11,Routine,0.463
1814,79,A+,4,3,2024-10-05,Routine,0.749
1815,56,A+,2,2,2022-07-16,Routine,0.851
1816,17,AB+,2,2,2022-04-27,Routine,0.868
1817,17,O+,7,5,2024-08-20,Routine,0.718
1818,63,O+,4,4,2023-09-16,Emergency,0.975
1819,39,A+,7,6,2024-06-06,Urgent,0.914
1820,60,B+,10,7,2023-10-06,Routine,0.742
1821,72,O+,8,7,2024-04-30,Emergency,0.879
1822,72,O+,2,1,2022-07-11,Routine,0.681
1823,61,O+,1,1,2024-02-23,Urgent,0.772
1824,4,O+,6,4,2023-03-16,Routine,0.725
1825,76,AB+,9,8,2024-07-10,Routine,0.892
1826,9,O+,6,4,2022-09-16,Urgent,0.675
1827,40,O+,8,6,2022-11-05,Routine,0.751
1828,5,O-,8,2,2024-05-11,Routine,0.232
1829,42,O+,8,6,2023-03-05,Emergency,0.702
1830,78,O+,4,3,2023-09-21,Urgent,0.775
1831,66,B+,1,1,2022-06-27,Routine,0.794
1832,62,AB+,8,5,2024-07-28,Urgent,0.633
1833,79,O-,10,3,2022-11-01,Routine,0.296
1834,45,O+,4,4,2022-08-25,Routine,0.985
1835,42,AB+,3,3,2023-09-05,Urgent,0.899
1836,51,O+,4,2,2023-05-15,Routine,0.604
1837,20,O+,4,3,2024-02-23,Routine,0.819
1838,66,A+,3,2,2024-04-17,Routine,0.601
1839,9,AB+,6,5,2023-03-26,Emergency,0.865
1840,72,A+,9,7,2023-04-02,Routine,0.755
1841,18,B+,2,2,2024-09-19,Urgent,0.79
1842,71,O+,9,7,2022-09-01,Emergency,0.797
1843,40,O+,9,6,2024-10-22,Urgent,0.694
1844,48,B+,5,4,2022-02-11,Routine,0.767
1845,47,O+,2,1,2024-03-31,Urgent,0.73
1846,21,O+,7,4,2024-12-02,Routine,0.609
1847,78,B+,4,3,2022-01-02,Routine,0.828
1848,50,O+,10,7,2023-02-14,Routine,0.7
1849,54,B+,6,6,2022-06-04,Routine,0.966
1850,13,O+,9,7,2022-04-18,Urgent,0.752
1851,49,O-,7,2,2022-03-26,Routine,0.222
1852,41,O+,7,4,2022-09-12,Emergency,0.584
1853,62,AB+,7,6,2023-01-29,Routine,0.858
1854,78,A+,3,2,2022-04-24,Routine,0.717
1855,54,O-,1,0,2024-03-29,Emergency,0.327
1856,21,A-,5,3,2024-06-06,Emergency,0.501
1857,30,A+,9,7,2022-03-26,Urgent,0.786
1858,22,O-,10,5,2023-03-18,Routine,0.514
1859,43,B+,7,5,2023-07-09,Routine,0.646
1860,45,A+,2,1,2024-02-05,Routine,0.673
1861,64,B+,2,2,2023-10-07,Urgent,0.861
1862,65,A+,7,5,2022-05-02,Routine,0.707
1863,15,B+,3,3,2022-01-22,Urgent,0.855
1864,16,O+,1,1,2022-12-19,Emergency,0.931
1865,31,O+,6,4,2024-06-29,Urgent,0.682
1866,67,A+,4,3,2022-05-04,Routine,0.707
1867,53,O+,10,10,2024-02-15,Urgent,0.981
1868,20,O-,5,1,2024-04-17,Routine,0.229
1869,66,AB+,10,7,2022-01-22,Routine,0.724
1870,29,O+,6,4,2023-03-02,Routine,0.661
1871,47,O+,6,5,2024-02-23,Routine,0.908
1872,68,B+,6,5,2023-08-29,Routine,0.91
1873,20,B+,7,5,2024-12-03,Routine,0.757
1874,16,A+,10,6,2023-04-18,Routine,0.623
1875,53,O+,8,8,2023-08-31,Urgent,0.94
1876,13,O+,7,5,2023-04-15,Urgent,0.743
1877,30,A+,8,6,2023-07-11,Emergency,0.797
1878,30,A+,8,7,2024-07-23,Routine,0.825
1879,26,O+,6,5,2023-04-01,Routine,0.883
1880,62,B-,1,0,2024-06-20,Urgent,0.414
1881,42,O+,8,7,2024-03-29,Routine,0.852
1882,9,A+,5,4,2022-12-12,Urgent,0.794
1883,27,A+,4,2,2023-05-12,Routine,0.622
1884,78,O+,5,4,2022-01-17,Emergency,0.738
1885,19,O+,9,6,2022-03-31,Routine,0.665
1886,3,AB+,2,1,2022-01-26,Urgent,0.667
1887,70,AB+,7,4,2023-12-05,Routine,0.607
1888,51,A+,1,1,2023-05-01,Routine,0.945
1889,47,O+,6,5,2023-02-12,Routine,0.753
1890,69,O+,3,2,2024-06-03,Urgent,0.631
1891,38,B+,8,6,2022-01-07,Routine,0.688
1892,77,O+,7,4,2022-07-16,Routine,0.624
1893,41,B-,10,4,2023-10-13,Urgent,0.366
1894,63,A+,10,6,2024-02-25,Urgent,0.606
1895,46,B+,7,4,2024-06-09,Routine,0.617
1896,51,O+,10,10,2023-02-04,Routine,0.977
1897,17,O+,1,1,2022-03-01,Routine,0.967
1898,10,A+,8,6,2023-05-19,Routine,0.758
1899,14,O+,1,1,2023-10-14,Emergency,0.826
1900,71,O+,8,7,2023-07-25,Routine,0.918
1901,26,O+,3,2,2022-05-08,Routine,0.815
1902,44,O+,3,2,2024-02-07,Emergency,0.808
1903,46,O+,4,3,2023-01-15,Urgent,0.663
1904,2,A+,4,2,2023-01-12,Emergency,0.519
1905,5,B+,2,2,2023-03-04,Urgent,0.762
1906,72,O+,5,4,2024-01-05,Routine,0.856
1907,5,B+,10,10,2022-05-26,Routine,0.987
1908,75,O+,7,6,2023-06-10,Routine,0.794
1909,68,A+,10,8,2024-04-21,Emergency,0.827
1910,23,A+,6,6,2024-01-26,Routine,0.976
1911,78,O+,3,3,2023-02-12,Routine,0.974
1912,1,O+,3,2,2022-08-25,Routine,0.802
1913,59,A+,1,1,2023-05-31,Routine,0.634
1914,12,A-,9,2,2024-12-15,Emergency,0.215
1915,32,B+,8,6,2022-02-07,Urgent,0.752
1916,76,A+,2,2,2024-07-22,Urgent,0.753
1917,31,O+,9,6,2023-10-11,Urgent,0.721
1918,27,AB+,10,10,2023-12-10,Routine,0.993
1919,19,AB+,2,2,2023-06-05,Routine,0.984
1920,43,O+,8,5,2023-10-11,Routine,0.667
1921,19,O+,1,1,2022-11-30,Emergency,0.911
1922,17,A+,7,6,2023-04-28,Routine,0.856
1923,37,AB+,9,8,2023-01-26,Routine,0.903
1924,78,O+,10,7,2022-08-22,Urgent,0.736
1925,61,A+,1,1,2023-10-07,Routine,0.899
1926,47,A+,3,3,2023-03-21,Routine,0.891
1927,47,B+,7,4,2024-06-05,Routine,0.624
1928,6,B+,5,5,2023-07-01,Routine,0.953
1929,44,B+,9,7,2024-06-15,Routine,0.832
1930,63,O+,5,4,2023-01-07,Routine,0.801
1931,17,A+,7,6,2022-06-17,Routine,0.818
1932,78,A+,8,6,2024-09-15,Urgent,0.697
1933,28,O+,3,3,2024-09-10,Urgent,0.851
1934,14,AB+,8,5,2023-08-22,Routine,0.681
1935,66,O+,6,5,2023-12-04,Routine,0.798
1936,11,B+,8,6,2024-03-29,Routine,0.778
1937,75,O+,3,3,2024-11-06,Routine,0.955
1938,12,B+,4,3,2023-02-15,Routine,0.836
1939,71,B+,9,6,2022-10-20,Routine,0.617
1940,15,B+,4,3,2022-10-12,Routine,0.842
1941,3,B+,8,7,2023-02-01,Urgent,0.828
1942,70,O+,5,5,2023-08-28,Routine,0.913
1943,13,O+,10,8,2024-10-08,Routine,0.849
1944,24,B+,1,1,2023-01-16,Routine,0.946
1945,41,O+,3,2,2023-09-09,Urgent,0.637
1946,73,O+,1,1,2022-10-15,Routine,0.783
1947,78,O+,6,5,2024-12-13,Urgent,0.778
1948,33,A+,5,4,2023-01-14,Routine,0.735
1949,20,O+,1,1,2024-01-11,Routine,0.644
1950,56,B+,1,1,2022-07-23,Routine,0.997
1951,77,O-,8,3,2022-02-21,Routine,0.317
1952,64,O+,7,4,2022-06-18,Routine,0.628
1953,75,B+,6,5,2022-04-26,Routine,0.808
1954,51,A+,10,7,2024-03-09,Routine,0.717
1955,72,O+,3,2,2022-04-15,Emergency,0.504
1956,46,AB+,8,6,2024-03-15,Routine,0.769
1957,34,O+,9,7,2022-04-14,Urgent,0.781
1958,16,B+,5,4,2024-01-11,Urgent,0.873
1959,46,B+,4,4,2024-06-18,Urgent,0.988
1960,4,O+,5,4,2024-08-19,Emergency,0.895
1961,75,O+,2,2,2024-02-07,Urgent,0.848
1962,54,O+,6,5,2024-03-09,Emergency,0.908
1963,47,O+,10,9,2022-03-19,Routine,0.876
1964,68,O+,10,9,2022-04-16,Routine,0.871
1965,12,B+,1,1,2024-12-09,Routine,0.723
1966,50,O+,2,1,2022-10-26,Emergency,0.527
1967,49,A+,6,4,2023-11-12,Urgent,0.688
1968,23,A+,4,3,2022-01-06,Routine,0.7
1969,42,AB-,6,2,2023-12-12,Emergency,0.272
1970,32,O+,5,4,2022-09-29,Urgent,0.827
1971,65,B+,5,4,2022-03-23,Routine,0.87
1972,1,B+,8,6,2022-02-28,Routine,0.733
1973,3,A+,9,8,2022-08-31,Urgent,0.924
1974,11,AB+,1,1,2022-01-19,Emergency,0.899
1975,11,B+,6,6,2023-02-22,Routine,0.928
1976,12,O+,5,4,2024-01-20,Routine,0.725
1977,65,A+,3,2,2024-01-05,Routine,0.659
1978,72,A+,8,5,2022-03-21,Urgent,0.667
1979,54,A-,2,1,2022-02-27,Urgent,0.52
1980,49,O+,3,2,2022-10-29,Urgent,0.744
1981,32,O+,9,8,2024-05-03,Routine,0.9
1982,72,AB+,7,6,2022-03-09,Emergency,0.887
1983,78,O+,8,8,2024-02-02,Routine,0.968
1984,18,AB+,3,2,2022-08-03,Routine,0.655
1985,36,B+,6,4,2023-06-20,Routine,0.677
1986,34,A+,5,4,2024-09-20,Routine,0.775
1987,49,AB+,8,6,2022-08-28,Routine,0.775
1988,59,O+,3,2,2022-08-06,Urgent,0.833
1989,58,O+,10,7,2023-10-10,Emergency,0.703
1990,13,B+,6,4,2022-06-13,Urgent,0.699
1991,69,O+,2,1,2023-05-23,Routine,0.707
1992,12,B+,4,3,2022-08-28,Routine,0.855
1993,12,A+,7,6,2024-08-14,Routine,0.809
1994,7,B+,7,5,2024-08-28,Emergency,0.777
1995,15,A+,7,7,2023-04-08,Routine,0.976
1996,50,O+,1,1,2022-10-26,Urgent,0.925
1997,2,A-,3,2,2024-03-29,Routine,0.651
1998,76,O+,3,3,2024-02-06,Urgent,0.864
1999,21,A+,7,4,2022-07-05,Routine,0.628
2000,12,O+,4,3,2024-01-08,Routine,0.736
2001,18,O+,6,4,2024-01-24,Urgent,0.68
2002,28,O+,4,4,2024-07-12,Urgent,0.991
2003,65,O+,7,6,2023-11-26,Urgent,0.88
2004,29,A+,2,2,2023-07-11,Routine,0.779
2005,75,O+,6,5,2022-01-17,Routine,0.825
2006,56,B+,3,3,2024-04-02,Routine,0.843
2007,26,O+,10,9,2022-04-02,Emergency,0.915
2008,10,O+,7,6,2024-08-29,Routine,0.818
2009,2,A+,3,3,2023-01-22,Routine,0.965
2010,11,B+,3,2,2022-05-16,Urgent,0.688
2011,61,O-,4,2,2022-11-11,Urgent,0.431
2012,37,A-,10,4,2024-05-17,Emergency,0.418
2013,32,A+,5,5,2022-03-29,Routine,0.956
2014,1,B+,3,2,2023-01-07,Emergency,0.71
2015,1,A+,4,3,2024-04-07,Routine,0.772
2016,71,A+,2,1,2023-03-14,Routine,0.711
2017,23,O+,4,3,2023-10-16,Routine,0.803
2018,11,B+,8,5,2022-05-05,Urgent,0.645
2019,55,B+,6,4,2022-07-21,Routine,0.616
2020,13,O+,7,6,2023-08-12,Urgent,0.872
2021,11,B+,5,4,2023-08-31,Routine,0.773
2022,69,O+,9,6,2023-09-10,Routine,0.625
2023,26,O+,8,5,2022-02-14,Urgent,0.679
2024,40,A+,4,3,2024-10-19,Routine,0.748
2025,20,O+,5,4,2023-01-31,Urgent,0.719
2026,40,O-,6,2,2022-06-15,Urgent,0.377
2027,28,O+,3,2,2023-11-14,Routine,0.658
2028,9,B+,10,8,2022-05-02,Urgent,0.757
2029,16,A+,1,1,2023-07-30,Emergency,0.996
2030,15,O+,4,3,2022-10-07,Routine,0.771
2031,2,O+,8,7,2023-01-20,Urgent,0.921
2032,48,O+,7,6,2022-01-19,Emergency,0.855
2033,74,O+,1,1,2024-12-10,Routine,0.952
2034,9,O+,10,7,2024-04-03,Routine,0.719
2035,64,AB-,6,2,2024-06-26,Urgent,0.381
2036,49,O+,5,3,2022-03-28,Emergency,0.561
2037,11,B+,2,1,2023-12-28,Emergency,0.583
2038,59,A+,4,3,2024-01-10,Urgent,0.771
2039,7,O+,10,5,2024-05-28,Emergency,0.529
2040,10,B+,5,5,2022-01-23,Urgent,0.915
2041,74,O+,1,1,2024-02-22,Routine,0.683
2042,34,B+,5,4,2023-08-18,Routine,0.788
2043,11,A+,1,1,2024-04-20,Routine,0.696
2044,13,B+,8,7,2022-02-28,Routine,0.847
2045,69,B+,1,1,2023-03-16,Routine,0.658
2046,23,A+,1,1,2022-03-07,Routine,0.891
2047,52,O+,9,8,2022-09-21,Urgent,0.925
2048,75,A-,1,1,2023-12-11,Routine,0.555
2049,9,O+,6,4,2024-03-07,Routine,0.688
2050,46,O+,8,5,2022-04-20,Urgent,0.661
2051,62,O+,3,3,2022-06-14,Urgent,0.952
2052,40,B+,3,2,2024-02-25,Routine,0.624
2053,32,O+,2,2,2022-06-02,Routine,0.76
2054,13,B+,6,6,2024-08-22,Routine,0.972
2055,72,B+,7,6,2022-09-24,Routine,0.8
2056,60,AB+,2,2,2023-07-31,Routine,0.86
2057,16,B+,6,6,2024-01-04,Routine,0.968
2058,31,A+,2,2,2023-09-18,Urgent,0.751
2059,25,AB+,2,2,2024-07-16,Routine,0.851
2060,54,AB+,9,8,2024-08-09,Urgent,0.912
2061,46,B+,5,4,2024-09-07,Emergency,0.793
2062,46,O+,9,6,2022-09-05,Routine,0.667
2063,73,B+,8,6,2022-06-18,Urgent,0.756
2064,70,O+,10,10,2024-10-22,Routine,0.967
2065,48,A+,5,3,2024-10-30,Routine,0.673
2066,49,O+,7,4,2022-12-03,Routine,0.612
2067,68,A+,3,3,2024-07-22,Routine,0.871
2068,38,O+,8,5,2023-09-26,Urgent,0.669
2069,39,B+,6,4,2024-11-21,Emergency,0.713
2070,17,O+,9,6,2024-06-15,Urgent,0.623
2071,50,A+,1,1,2023-09-26,Urgent,0.786
2072,37,O+,9,6,2024-02-08,Routine,0.677
2073,17,O+,5,4,2024-07-20,Urgent,0.712
2074,25,B+,3,2,2022-01-16,Routine,0.689
2075,9,B+,1,1,2022-11-30,Routine,0.734
2076,79,B+,5,4,2023-01-23,Emergency,0.708
2077,56,O+,1,1,2023-08-09,Routine,0.744
2078,22,O+,6,4,2022-01-13,Routine,0.615
2079,52,O+,2,2,2023-03-31,Routine,0.934
2080,24,A+,4,3,2023-08-27,Urgent,0.801
2081,45,A+,3,2,2023-07-08,Routine,0.825
2082,17,O-,4,1,2022-11-28,Routine,0.27
2083,6,A+,9,7,2022-03-13,Routine,0.819
2084,63,O+,10,8,2024-03-11,Routine,0.84
2085,47,O+,10,6,2022-03-18,Routine,0.621
2086,11,O+,10,6,2022-08-27,Routine,0.633
2087,72,B+,1,1,2022-10-17,Urgent,0.795
2088,64,O+,4,3,2024-04-22,Urgent,0.733
2089,41,A+,5,4,2022-03-09,Routine,0.752
2090,60,B+,7,4,2022-01-17,Emergency,0.64
2091,7,A+,5,4,2024-09-07,Routine,0.798
2092,49,A+,5,3,2022-09-07,Routine,0.647
2093,40,A+,1,1,2022-05-21,Emergency,0.891
2094,31,B+,3,3,2024-10-08,Routine,0.954
2095,39,B+,7,6,2022-10-09,Routine,0.872
2096,13,A+,2,2,2022-10-19,Urgent,0.947
2097,39,O+,10,8,2024-01-18,Routine,0.801
2098,5,B+,2,1,2024-04-22,Urgent,0.714
2099,80,O-,6,1,2023-01-06,Routine,0.221
2100,14,O+,7,6,2024-05-16,Routine,0.871
2101,34,A+,6,4,2023-08-08,Routine,0.675
2102,18,O+,10,7,2023-04-05,Routine,0.746
2103,72,A+,3,3,2024-10-08,Urgent,0.986
2104,46,O+,6,5,2023-04-25,Urgent,0.805
2105,6,A+,2,2,2024-07-21,Routine,0.812
2106,25,A+,5,3,2024-11-27,Urgent,0.642
2107,1,B+,10,10,2024-11-20,Urgent,0.963
2108,45,O+,5,5,2023-04-04,Routine,0.965
2109,10,AB-,6,3,2024-12-07,Routine,0.496
2110,35,O+,10,8,2024-01-15,Routine,0.827
2111,76,O+,8,6,2024-08-20,Routine,0.727
2112,35,B+,4,3,2022-05-26,Routine,0.719
2113,47,O+,9,8,2022-07-30,Routine,0.855
2114,33,O-,5,2,2022-02-26,Emergency,0.4
2115,65,B+,3,2,2023-05-06,Emergency,0.631
2116,39,O+,3,2,2024-11-27,Emergency,0.571
2117,79,A+,9,8,2023-08-01,Routine,0.866
2118,18,O+,6,5,2022-08-30,Urgent,0.756
2119,11,O+,2,2,2022-03-23,Emergency,0.82
2120,7,B+,2,2,2024-12-31,Urgent,0.994
2121,39,O+,6,4,2022-05-25,Urgent,0.741
2122,21,A-,4,1,2023-11-14,Routine,0.297
2123,16,O+,4,4,2024-06-18,Urgent,0.991
2124,27,O+,6,4,2023-06-13,Routine,0.626
2125,55,AB+,7,4,2022-07-28,Routine,0.613
2126,67,A+,5,3,2024-02-07,Urgent,0.688
2127,1,O+,6,4,2023-12-04,Urgent,0.706
2128,35,O+,2,1,2024-09-26,Urgent,0.652
2129,44,A+,5,3,2022-02-03,Routine,0.607
2130,23,A+,4,3,2023-06-08,Routine,0.731
2131,44,O+,5,4,2024-08-19,Urgent,0.833
2132,15,AB+,10,8,2022-10-01,Routine,0.754
2133,18,A+,7,5,2022-12-09,Routine,0.686
2134,36,B+,3,2,2024-04-03,Routine,0.652
2135,51,B+,8,5,2024-04-14,Routine,0.631
2136,20,O+,4,3,2022-08-25,Emergency,0.748
2137,36,B+,7,5,2022-12-15,Routine,0.721
2138,57,O+,10,9,2024-06-06,Routine,0.871
2139,69,O+,1,1,2023-01-20,Urgent,0.623
2140,53,B+,10,9,2024-02-29,Routine,0.871
2141,79,O+,3,2,2023-11-23,Routine,0.613
2142,26,B+,9,8,2024-08-26,Emergency,0.923
2143,72,AB+,1,1,2023-07-11,Routine,0.852
2144,31,O+,8,7,2023-08-09,Routine,0.828
2145,45,O+,5,4,2022-10-11,Routine,0.799
2146,45,A+,3,2,2024-10-28,Urgent,0.699
2147,33,A+,8,4,2023-02-26,Emergency,0.514
2148,34,O+,1,1,2024-05-11,Emergency,0.509
2149,75,A+,10,6,2024-10-24,Urgent,0.621
2150,26,AB+,7,6,2023-02-06,Routine,0.792
2151,6,B+,6,5,2024-09-15,Urgent,0.872
2152,58,O+,8,5,2024-05-23,Routine,0.669
2153,1,A+,9,5,2022-01-17,Urgent,0.607
2154,36,B+,6,4,2022-11-18,Routine,0.736
2155,70,O+,3,3,2024-06-09,Routine,0.87
2156,41,O+,5,3,2023-08-26,Routine,0.63
2157,66,O+,2,2,2022-01-06,Emergency,0.75
2158,23,O+,4,3,2023-08-02,Routine,0.814
2159,62,O+,9,7,2022-11-09,Urgent,0.761
2160,73,O+,4,2,2023-10-09,Routine,0.605
2161,13,B+,5,3,2022-02-10,Urgent,0.666
2162,9,B+,3,3,2022-09-14,Emergency,0.875
2163,57,A+,4,2,2022-05-02,Routine,0.607
2164,22,O+,1,1,2024-08-04,Routine,0.711
2165,19,A+,4,3,2023-07-24,Routine,0.758
2166,36,O+,9,7,2024-09-15,Routine,0.806
2167,9,B+,9,8,2023-12-31,Urgent,0.89
2168,65,O+,6,4,2022-01-11,Urgent,0.662
2169,27,B+,4,4,2024-12-19,Routine,0.896
2170,27,A+,1,1,2022-08-13,Routine,0.759
2171,11,O+,3,2,2022-10-28,Routine,0.7
2172,75,A+,4,4,2024-07-03,Routine,0.909
2173,56,O+,10,7,2022-10-29,Routine,0.738
2174,5,B+,10,9,2023-07-02,Routine,0.934
2175,12,A+,8,6,2022-06-01,Routine,0.694
2176,34,O+,1,1,2024-11-30,Routine,0.974
2177,48,O+,8,6,2024-06-27,Emergency,0.775
2178,74,O+,2,2,2024-09-10,Routine,0.904
2179,52,A+,7,7,2024-09-21,Routine,0.934
2180,15,B-,9,2,2024-12-07,Routine,0.209
2181,29,O+,10,5,2022-06-13,Emergency,0.524
2182,5,O+,1,1,2024-05-21,Urgent,0.958
2183,39,O+,8,7,2022-05-30,Routine,0.83
2184,25,O+,9,6,2023-08-11,Routine,0.674
2185,5,O-,4,2,2024-08-01,Routine,0.547
2186,50,AB+,1,1,2022-10-02,Urgent,0.883
2187,25,B+,4,3,2024-07-14,Routine,0.651
2188,19,O+,4,3,2022-10-06,Urgent,0.766
2189,8,O+,10,7,2022-02-06,Urgent,0.675
2190,74,O+,3,2,2024-09-13,Urgent,0.675
2191,25,A+,5,4,2023-08-28,Routine,0.775
2192,44,B+,3,2,2022-11-10,Urgent,0.616
2193,68,O+,8,6,2024-07-13,Routine,0.812
2194,75,O+,4,3,2023-02-11,Urgent,0.735
2195,67,O+,10,7,2023-08-27,Routine,0.68
2196,47,B+,5,4,2024-06-05,Urgent,0.772
2197,50,O+,5,3,2024-09-07,Urgent,0.697
2198,46,A+,1,1,2024-04-04,Urgent,0.889
2199,61,O+,3,3,2023-11-16,Urgent,0.963
2200,20,A+,10,8,2024-05-18,Routine,0.822
2201,29,A+,2,1,2024-05-10,Routine,0.636
2202,34,O+,6,4,2024-06-03,Routine,0.601
2203,58,O+,3,3,2024-11-25,Routine,0.909
2204,46,O+,1,1,2023-07-10,Routine,0.726
2205,49,A+,8,7,2022-09-17,Routine,0.911
2206,49,O+,4,3,2024-06-06,Urgent,0.638
2207,30,O+,2,2,2023-08-09,Urgent,0.831
2208,7,O+,5,5,2022-07-28,Routine,0.957
2209,38,B+,8,7,2023-03-05,Routine,0.876
2210,80,O+,5,5,2023-07-25,Emergency,0.954
2211,75,B+,6,4,2024-01-28,Routine,0.689
2212,71,O+,8,7,2022-01-05,Routine,0.874
2213,36,B+,6,4,2023-05-02,Routine,0.703
2214,43,A+,3,2,2024-08-25,Urgent,0.8
2215,3,A+,5,4,2023-09-27,Routine,0.739
2216,63,O-,2,1,2022-02-27,Urgent,0.474
2217,6,B+,9,9,2024-03-30,Urgent,0.96
2218,36,A+,10,6,2023-06-19,Emergency,0.59
2219,12,A+,4,2,2022-10-02,Emergency,0.564
2220,70,O+,10,10,2023-08-30,Routine,0.975
2221,38,B+,9,9,2022-01-05,Emergency,0.96
2222,35,A+,4,3,2024-09-27,Emergency,0.632
2223,54,A+,8,6,2024-11-10,Urgent,0.806
2224,67,B+,3,3,2023-02-02,Routine,0.968
2225,57,O+,5,3,2022-08-14,Routine,0.647
2226,80,O+,3,3,2023-02-10,Routine,0.995
2227,72,A+,5,4,2023-05-13,Emergency,0.795
2228,56,O+,4,3,2024-09-30,Routine,0.66
2229,62,A+,1,1,2023-03-20,Routine,0.893
2230,48,B+,3,3,2023-06-23,Urgent,0.859
2231,70,A+,1,1,2023-09-22,Routine,0.644
2232,26,O+,7,6,2024-03-07,Routine,0.827
2233,14,A+,5,4,2023-07-03,Routine,0.869
2234,9,O+,8,7,2024-06-13,Routine,0.862
2235,27,O+,3,3,2023-12-17,Emergency,0.872
2236,27,O+,10,6,2023-08-24,Urgent,0.627
2237,50,B+,4,3,2023-08-15,Urgent,0.835
2238,39,O+,5,3,2022-03-03,Routine,0.621
2239,59,O+,8,8,2024-02-05,Urgent,0.977
2240,78,O+,1,1,2023-06-27,Routine,0.723
2241,78,AB-,2,1,2022-11-25,Urgent,0.357
2242,13,A+,5,4,2022-02-07,Routine,0.853
2243,37,A-,9,4,2022-03-01,Routine,0.436
2244,33,A+,1,1,2024-05-25,Routine,0.864
2245,57,O+,9,9,2023-08-27,Urgent,0.952
2246,11,A+,8,6,2023-05-09,Routine,0.725
2247,56,B+,3,3,2023-01-25,Urgent,0.948
2248,21,O+,4,4,2022-11-23,Emergency,0.936
2249,36,A+,9,7,2022-08-14,Urgent,0.804
2250,79,A+,10,10,2024-06-24,Routine,0.98
2251,51,O+,7,6,2024-10-13,Routine,0.831
2252,75,O+,5,3,2024-10-04,Urgent,0.649
2253,13,B+,4,3,2023-06-11,Routine,0.799
2254,23,AB+,2,2,2022-10-27,Urgent,0.851
2255,54,AB+,9,6,2024-07-29,Routine,0.721
2256,27,B+,3,2,2024-09-18,Emergency,0.751
2257,39,A+,4,4,2024-03-31,Urgent,0.901
2258,21,O+,5,3,2022-06-04,Emergency,0.505
2259,58,O+,7,7,2022-07-27,Urgent,0.986
2260,20,A+,5,5,2024-12-25,Emergency,0.954
2261,24,A+,5,3,2023-01-12,Urgent,0.653
2262,60,A+,5,3,2022-08-11,Routine,0.665
2263,45,AB+,2,1,2024-10-01,Routine,0.651
2264,71,A+,5,4,2022-05-06,Emergency,0.776
2265,2,O+,1,1,2023-11-19,Routine,0.958
2266,36,A+,8,7,2022-01-28,Urgent,0.846
2267,76,O+,2,2,2022-04-29,Urgent,0.875
2268,3,O+,4,3,2023-09-18,Urgent,0.719
2269,53,O+,3,3,2023-10-04,Urgent,0.967
2270,53,O+,1,1,2024-10-27,Routine,0.842
2271,68,A+,4,4,2022-01-19,Routine,0.881
2272,41,A+,10,6,2024-03-31,Routine,0.6
2273,57,B+,6,5,2024-04-01,Routine,0.862
2274,75,A+,5,4,2022-08-22,Urgent,0.794
2275,39,O+,4,2,2024-06-10,Urgent,0.603
2276,8,O+,9,6,2023-11-10,Routine,0.642
2277,28,B+,7,6,2024-01-20,Emergency,0.867
2278,14,A+,8,6,2024-06-12,Routine,0.758
2279,33,O+,10,8,2022-04-15,Urgent,0.775
2280,5,O+,4,3,2023-06-06,Routine,0.777
2281,23,O+,2,1,2023-11-18,Routine,0.636
2282,58,O+,1,1,2023-04-03,Routine,0.625
2283,9,O+,2,2,2023-08-24,Emergency,0.972
2284,63,A+,9,6,2023-10-28,Routine,0.708
2285,31,A+,6,4,2024-08-13,Routine,0.613
2286,24,A+,2,2,2023-06-01,Urgent,0.803
2287,16,AB+,1,1,2023-01-05,Urgent,0.923
2288,15,O+,4,2,2023-06-01,Routine,0.603
2289,61,B+,2,2,2022-08-02,Routine,0.948
2290,15,AB+,5,4,2023-08-15,Urgent,0.875
2291,8,B+,3,2,2022-09-23,Routine,0.668
2292,66,A+,9,6,2024-05-11,Routine,0.704
2293,64,O+,6,5,2023-10-06,Routine,0.777
2294,77,O+,8,5,2023-10-15,Emergency,0.59
2295,42,AB+,2,1,2022-12-26,Urgent,0.666
2296,51,O+,2,1,2024-06-20,Emergency,0.56
2297,48,B+,4,3,2023-07-12,Emergency,0.698
2298,36,O+,9,9,2023-02-08,Routine,0.991
2299,37,A+,6,6,2022-06-23,Routine,0.941
2300,41,A+,7,7,2023-02-17,Emergency,0.999
2301,47,A+,1,1,2023-07-21,Urgent,0.976
2302,76,AB+,2,2,2023-12-09,Routine,0.873
2303,53,A+,6,4,2024-03-22,Emergency,0.672
2304,2,O+,4,4,2022-12-02,Routine,0.983
2305,51,O-,5,2,2024-07-07,Routine,0.304
2306,40,A+,9,9,2024-03-25,Routine,0.997
2307,24,O+,7,7,2023-10-08,Routine,0.94
2308,23,B+,2,2,2024-10-29,Routine,0.819
2309,56,O+,8,6,2024-03-31,Urgent,0.739
2310,62,A+,7,6,2023-02-13,Routine,0.815
2311,9,O-,1,0,2024-01-15,Routine,0.304
2312,61,A+,7,5,2023-12-03,Routine,0.759
2313,53,B+,4,4,2023-07-29,Urgent,0.907
2314,62,A+,3,3,2024-05-30,Emergency,0.888
2315,71,O+,9,8,2022-08-20,Urgent,0.863
2316,11,B+,3,2,2023-03-24,Routine,0.648
2317,64,O+,9,7,2022-04-14,Urgent,0.791
2318,71,B-,5,3,2023-09-24,Routine,0.681
2319,62,O+,7,7,2023-01-27,Urgent,0.943
2320,78,B+,4,3,2022-03-26,Routine,0.632
2321,5,A+,9,7,2024-03-18,Routine,0.755
2322,2,B+,2,2,2023-03-29,Routine,0.802
2323,31,O+,2,2,2024-08-13,Emergency,0.951
2324,20,O+,10,6,2024-05-22,Routine,0.649
2325,71,O+,1,1,2022-12-10,Routine,0.776
2326,32,A+,1,1,2022-07-15,Urgent,0.677
2327,79,O+,1,1,2022-12-15,Routine,0.943
2328,23,A+,3,2,2022-06-02,Routine,0.779
2329,67,O+,4,3,2024-08-02,Emergency,0.813
2330,4,AB+,3,3,2024-12-05,Urgent,0.97
2331,43,O+,8,4,2023-02-07,Emergency,0.555
2332,13,B+,5,5,2023-02-17,Urgent,0.992
2333,73,O+,1,1,2024-08-14,Urgent,0.91
2334,37,AB+,8,5,2024-02-06,Urgent,0.684
2335,48,O+,3,3,2024-10-16,Urgent,0.957
2336,60,A+,6,5,2023-07-24,Routine,0.906
2337,30,O+,2,2,2023-07-27,Routine,0.949
2338,8,A+,2,2,2023-12-01,Emergency,0.791
2339,27,A+,5,4,2022-12-30,Routine,0.778
2340,76,AB+,6,4,2024-09-06,Routine,0.72
2341,78,O+,2,2,2024-11-08,Urgent,0.763
2342,72,A+,6,5,2022-07-16,Routine,0.763
2343,53,O+,9,9,2023-11-28,Routine,0.992
2344,10,B+,7,7,2023-09-03,Routine,0.935
2345,51,O+,9,6,2024-03-15,Urgent,0.674
2346,67,O+,8,7,2022-06-27,Routine,0.879
2347,53,O+,7,4,2024-11-01,Routine,0.636
2348,15,O+,5,4,2024-06-11,Routine,0.879
2349,66,A+,1,1,2024-09-21,Routine,0.968
2350,78,B+,5,4,2023-09-22,Emergency,0.793
2351,20,B+,4,2,2022-01-11,Routine,0.611
2352,62,O+,7,5,2023-09-28,Urgent,0.71
2353,57,O+,9,9,2024-07-14,Routine,0.964
2354,73,AB-,4,2,2024-06-17,Routine,0.465
2355,24,A+,2,2,2024-06-17,Routine,0.933
2356,10,B+,6,5,2022-03-08,Urgent,0.869
2357,17,AB+,3,3,2024-02-27,Routine,0.922
2358,22,O+,1,1,2024-02-16,Urgent,0.85
2359,52,B-,1,1,2022-11-29,Routine,0.593
2360,64,O+,10,8,2022-10-15,Emergency,0.822
2361,78,O+,6,4,2024-01-11,Urgent,0.622
2362,9,O+,3,2,2023-11-24,Routine,0.686
2363,46,O+,4,3,2022-03-05,Urgent,0.68
2364,25,B+,8,7,2023-10-22,Urgent,0.903
2365,64,O+,10,9,2023-10-22,Emergency,0.88
2366,35,O+,5,3,2023-06-05,Urgent,0.605
2367,8,O+,6,5,2022-05-05,Urgent,0.797
2368,31,AB+,8,7,2023-03-13,Routine,0.932
2369,24,O+,7,5,2022-07-09,Routine,0.738
2370,39,O+,2,1,2022-02-07,Routine,0.633
2371,26,O+,5,4,2023-12-12,Urgent,0.85
2372,60,A+,1,1,2022-05-23,Urgent,0.615
2373,58,O+,7,7,2023-07-25,Urgent,0.945
2374,12,O+,8,6,2023-07-28,Urgent,0.769
2375,55,A+,4,3,2022-01-12,Routine,0.863
2376,47,O+,5,4,2023-02-02,Routine,0.795
2377,11,O+,5,5,2024-08-19,Urgent,0.988
2378,25,B+,2,1,2024-12-18,Routine,0.733
2379,19,O+,3,2,2023-01-12,Routine,0.783
2380,65,AB+,10,9,2024-01-23,Routine,0.906
2381,21,B+,2,2,2023-06-30,Urgent,0.89
2382,63,O+,5,4,2022-04-30,Emergency,0.844
2383,58,B+,10,8,2023-08-27,Routine,0.762
2384,56,A+,5,4,2022-01-14,Urgent,0.713
2385,52,A+,7,5,2022-12-20,Urgent,0.755
2386,35,O+,8,5,2022-12-08,Urgent,0.607
2387,9,A+,8,7,2023-01-19,Emergency,0.881
2388,14,AB+,9,6,2024-02-29,Routine,0.647
2389,77,A+,9,9,2022-04-06,Routine,0.945
2390,50,B+,8,6,2023-11-09,Urgent,0.73
2391,21,A+,1,1,2022-04-05,Routine,0.883
2392,37,A+,2,2,2022-08-22,Routine,0.875
2393,13,B+,6,5,2023-02-28,Routine,0.77
2394,25,O+,5,4,2024-03-11,Urgent,0.746
2395,69,A+,10,6,2024-10-01,Urgent,0.623
2396,58,B+,7,6,2022-06-19,Routine,0.827
2397,12,B+,5,4,2022-10-24,Urgent,0.799
2398,61,O+,1,1,2022-05-04,Urgent,0.697
2399,41,B+,10,6,2023-02-09,Routine,0.646
2400,54,B+,8,6,2022-12-21,Routine,0.732
2401,27,A+,1,1,2023-01-12,Routine,0.754
2402,53,B+,9,5,2024-10-01,Emergency,0.603
2403,24,A+,6,6,2024-01-05,Urgent,0.923
2404,74,AB+,1,1,2022-06-12,Routine,0.644
2405,20,A+,2,1,2023-04-30,Routine,0.637
2406,13,A+,3,3,2023-10-01,Routine,0.918
2407,58,O-,1,0,2022-08-09,Routine,0.395
2408,55,AB+,7,5,2024-05-29,Routine,0.675
2409,48,B+,8,6,2024-03-25,Routine,0.728
2410,57,O+,5,5,2024-02-25,Emergency,0.998
2411,7,O+,6,6,2023-12-05,Routine,0.937
2412,62,B+,3,3,2023-09-19,Routine,0.856
2413,62,A+,1,1,2024-05-14,Urgent,0.826
2414,21,A+,5,4,2023-02-13,Urgent,0.885
2415,66,O+,2,2,2022-11-20,Urgent,0.912
2416,71,A+,3,3,2023-09-28,Routine,0.947
2417,41,B+,9,8,2023-01-05,Routine,0.907
2418,31,AB+,8,5,2022-06-04,Routine,0.63
2419,71,O+,8,6,2022-11-01,Routine,0.8
2420,26,O+,6,4,2022-12-30,Routine,0.688
2421,80,A+,10,7,2023-08-06,Routine,0.74
2422,61,O+,9,8,2024-08-06,Routine,0.908
2423,32,A+,2,2,2024-10-23,Urgent,0.865
2424,68,B+,9,7,2024-02-18,Routine,0.806
2425,75,B+,5,3,2024-11-07,Urgent,0.608
2426,60,B+,4,4,2023-06-05,Routine,0.983
2427,49,O+,10,8,2023-07-18,Routine,0.827
2428,6,O+,4,3,2024-12-27,Routine,0.717
2429,47,O-,8,5,2024-11-22,Routine,0.605
2430,17,O+,4,4,2024-09-07,Urgent,0.885
2431,28,A+,10,10,2024-04-16,Routine,0.978
2432,12,B+,10,8,2024-08-13,Routine,0.84
2433,27,O+,9,6,2024-03-02,Routine,0.614
2434,28,O-,3,2,2023-02-13,Routine,0.591
2435,24,A+,1,1,2024-08-28,Routine,0.762
2436,45,O+,5,4,2023-06-27,Emergency,0.864
2437,64,B+,6,4,2022-02-22,Routine,0.699
2438,71,B+,4,4,2022-06-26,Routine,0.954
2439,71,A+,6,6,2024-07-06,Routine,0.977
2440,44,O+,1,1,2024-10-24,Routine,0.715
2441,18,O+,6,6,2023-01-06,Routine,0.984
2442,58,O+,4,3,2022-06-29,Emergency,0.719
2443,49,O+,10,8,2024-08-18,Routine,0.81
2444,48,B+,6,5,2024-07-01,Routine,0.905
2445,60,O+,5,4,2023-06-02,Routine,0.744
2446,50,O-,9,4,2023-02-01,Emergency,0.45
2447,78,O+,5,5,2024-01-18,Urgent,1.0
2448,8,A+,4,3,2023-05-20,Routine,0.763
2449,33,A+,5,3,2023-09-04,Urgent,0.64
2450,19,O+,7,4,2022-04-26,Urgent,0.612
2451,55,O+,6,4,2023-08-04,Routine,0.647
2452,74,O+,1,1,2024-03-01,Urgent,0.787
2453,51,O+,10,8,2024-01-16,Routine,0.826
2454,36,B+,10,6,2023-03-26,Routine,0.64
2455,45,B+,4,3,2024-08-27,Routine,0.779
2456,57,B+,9,6,2024-07-01,Routine,0.622
2457,46,A+,1,1,2022-11-14,Routine,0.946
2458,42,A+,7,6,2023-04-20,Urgent,0.833
2459,60,B+,5,3,2023-08-01,Urgent,0.649
2460,3,O+,1,1,2022-08-21,Routine,0.856
2461,36,B+,1,1,2022-08-14,Emergency,0.542
2462,19,B-,7,2,2023-02-13,Urgent,0.351
2463,27,AB+,10,5,2024-05-09,Emergency,0.513
2464,63,B+,3,2,2023-10-24,Routine,0.805
2465,38,O+,9,9,2024-11-26,Routine,0.975
2466,37,B+,2,2,2022-11-20,Routine,0.91
2467,12,B+,8,5,2023-08-20,Routine,0.686
2468,52,O+,3,3,2023-05-13,Urgent,0.883
2469,75,B+,9,9,2022-01-10,Urgent,0.973
2470,9,O+,5,5,2023-09-05,Routine,0.919
2471,42,O+,6,5,2022-05-01,Routine,0.891
2472,34,O+,1,1,2024-03-07,Urgent,0.852
2473,13,B+,2,1,2023-02-15,Routine,0.699
2474,44,O+,1,1,2024-03-05,Urgent,0.981
2475,68,A+,3,3,2022-06-19,Emergency,0.863
2476,33,O+,2,1,2023-12-01,Emergency,0.645
2477,53,B+,8,6,2023-06-22,Emergency,0.793
2478,11,B+,7,7,2022-06-21,Routine,0.979
2479,39,O+,1,1,2023-12-27,Routine,0.621
2480,75,O+,4,3,2023-10-09,Routine,0.858
2481,77,O+,8,6,2023-09-16,Routine,0.787
2482,20,O+,6,4,2024-06-27,Routine,0.655
2483,2,O-,4,1,2023-01-08,Routine,0.26
2484,20,O+,1,1,2024-05-26,Urgent,0.652
2485,22,O+,3,3,2024-04-04,Urgent,0.938
2486,20,O+,9,8,2022-10-30,Routine,0.863
2487,74,O+,1,1,2024-02-22,Urgent,0.852
2488,37,A+,7,5,2022-06-24,Emergency,0.649
2489,8,B+,3,3,2024-09-15,Urgent,0.89
2490,49,O+,9,6,2024-01-03,Urgent,0.659
2491,65,A+,3,2,2024-11-29,Emergency,0.641
2492,9,B+,6,6,2022-09-24,Urgent,0.932
2493,34,A+,3,2,2022-12-04,Urgent,0.63
2494,54,O+,9,7,2023-06-20,Routine,0.785
2495,8,O+,4,3,2024-11-04,Routine,0.708
2496,52,A+,8,8,2022-07-20,Urgent,0.973
2497,37,A+,5,4,2023-10-08,Routine,0.701
2498,52,B+,5,5,2024-11-10,Emergency,0.994
2499,27,O+,8,4,2024-08-04,Emergency,0.528
2500,35,AB+,10,6,2022-01-19,Routine,0.603
2501,61,A+,6,4,2023-12-29,Routine,0.646
2502,52,A+,2,2,2024-01-27,Routine,0.999
2503,69,O+,1,1,2022-10-21,Routine,0.861
2504,16,O+,5,4,2022-08-19,Urgent,0.778
2505,52,O+,3,2,2023-07-26,Routine,0.718
2506,22,A+,2,2,2024-05-21,Routine,0.898
2507,80,A+,2,2,2023-04-26,Routine,0.863
2508,35,O+,9,7,2023-01-04,Urgent,0.805
2509,58,A+,2,2,2022-03-16,Urgent,0.931
2510,51,O+,4,3,2024-04-11,Urgent,0.718
2511,17,AB+,2,1,2024-08-23,Routine,0.651
2512,37,O+,4,3,2022-02-18,Routine,0.811
2513,32,O+,2,2,2022-06-26,Routine,0.873
2514,40,A+,6,5,2024-01-30,Routine,0.825
2515,52,A+,2,1,2022-07-10,Urgent,0.744
2516,77,B+,3,2,2024-10-25,Emergency,0.52
2517,20,B+,8,5,2022-10-28,Urgent,0.613
2518,23,B+,8,5,2022-01-12,Routine,0.68
2519,37,B+,3,3,2024-02-15,Emergency,0.898
2520,43,B+,8,7,2022-07-22,Routine,0.874
2521,5,A+,5,3,2023-04-06,Urgent,0.667
2522,49,O+,6,4,2022-08-30,Routine,0.676
2523,7,O+,10,8,2022-11-29,Urgent,0.808
2524,62,B+,4,4,2024-04-18,Routine,0.91
2525,12,O+,4,3,2022-12-23,Urgent,0.852
2526,17,O+,10,10,2023-04-10,Urgent,0.988
2527,47,B+,2,1,2023-08-01,Routine,0.619
2528,76,A+,8,7,2023-04-26,Routine,0.832
2529,50,O+,7,4,2022-03-01,Urgent,0.624
2530,29,O+,1,1,2024-12-09,Routine,0.722
2531,34,O+,3,3,2022-08-16,Urgent,0.834
2532,4,B-,3,2,2023-09-15,Urgent,0.633
2533,25,O+,10,8,2022-03-21,Routine,0.834
2534,16,AB+,3,3,2022-04-09,Routine,0.926
2535,12,A+,9,7,2023-01-06,Urgent,0.813
2536,50,B+,6,4,2023-02-20,Routine,0.726
2537,10,O+,8,5,2023-01-11,Routine,0.685
2538,76,AB+,4,4,2023-01-10,Emergency,0.943
2539,67,A+,6,5,2024-03-27,Emergency,0.792
2540,33,O+,2,2,2024-06-15,Urgent,0.859
2541,32,O+,7,6,2024-07-26,Emergency,0.872
2542,4,B+,7,7,2022-07-07,Emergency,0.97
2543,29,A+,5,5,2023-03-08,Routine,0.981
2544,58,A+,1,1,2022-10-22,Routine,0.833
2545,20,A+,4,3,2024-10-24,Routine,0.659
2546,19,B+,9,6,2022-01-12,Routine,0.636
2547,39,A+,3,2,2023-01-28,Routine,0.697
2548,75,B+,3,3,2022-02-24,Routine,0.936
2549,50,A+,8,7,2022-03-02,Urgent,0.832
2550,59,AB+,9,6,2022-02-11,Urgent,0.661
2551,79,O+,8,6,2024-04-14,Routine,0.733
2552,11,O+,2,1,2023-08-04,Routine,0.672
2553,53,O+,2,2,2024-10-07,Urgent,0.86
2554,28,O+,7,6,2024-03-24,Emergency,0.839
2555,32,O+,4,3,2023-02-17,Routine,0.634
2556,39,O+,9,9,2024-02-18,Routine,0.966
2557,32,O+,10,6,2022-10-03,Emergency,0.596
2558,8,B+,9,9,2022-08-23,Emergency,0.986
2559,46,O+,6,5,2022-12-09,Urgent,0.775
2560,5,O+,2,2,2023-05-04,Urgent,0.811
2561,52,A+,2,2,2023-10-16,Routine,0.984
2562,51,O+,10,8,2022-03-10,Urgent,0.812
2563,8,B+,6,5,2023-09-14,Routine,0.789
2564,38,O+,9,6,2022-07-02,Urgent,0.631
2565,54,O+,5,3,2024-05-03,Emergency,0.682
2566,7,O+,6,5,2022-01-08,Routine,0.783
2567,66,A+,1,1,2022-04-01,Urgent,0.607
2568,65,O+,9,6,2023-11-19,Urgent,0.711
2569,67,O+,2,2,2023-02-01,Routine,0.836
2570,34,B+,3,2,2024-06-21,Routine,0.665
2571,4,O+,7,4,2022-06-05,Routine,0.626
2572,45,B+,8,7,2022-01-20,Urgent,0.871
2573,80,A+,9,6,2022-07-02,Urgent,0.704
2574,9,O+,8,6,2023-10-25,Urgent,0.743
2575,62,AB+,8,7,2024-11-29,Routine,0.905
2576,20,B-,10,7,2024-02-09,Routine,0.667
2577,29,B+,8,6,2024-12-09,Urgent,0.725
2578,26,A+,4,2,2023-02-19,Emergency,0.519
2579,65,O+,3,3,2023-01-18,Routine,0.859
2580,45,A+,9,9,2022-01-27,Urgent,0.971
2581,7,B+,9,7,2022-12-08,Urgent,0.742
2582,63,B+,10,5,2024-07-04,Emergency,0.526
2583,59,A+,9,7,2022-10-26,Routine,0.813
2584,19,A+,6,5,2024-11-24,Urgent,0.777
2585,73,O-,6,3,2022-08-06,Urgent,0.463
2586,31,O+,4,4,2024-08-20,Routine,0.913
2587,5,O+,3,2,2022-04-02,Urgent,0.797
2588,55,O+,8,7,2023-04-03,Emergency,0.862
2589,70,B+,10,7,2023-08-07,Emergency,0.671
2590,44,AB+,2,2,2024-11-02,Routine,0.785
2591,76,O+,5,3,2022-10-14,Urgent,0.644
2592,43,O+,9,8,2022-03-06,Urgent,0.907
2593,77,O-,3,2,2023-06-22,Emergency,0.662
2594,67,O+,1,1,2023-04-30,Routine,0.937
2595,78,A+,1,1,2024-02-29,Routine,0.679
2596,59,B+,8,8,2022-07-20,Urgent,0.975
2597,21,O+,4,3,2022-03-16,Routine,0.829
2598,3,O+,1,1,2024-01-14,Routine,0.99
2599,55,B+,8,8,2022-03-25,Routine,0.957
2600,67,A+,10,7,2022-03-25,Routine,0.669
2601,11,A+,2,2,2024-03-28,Routine,0.894
2602,16,O+,5,4,2022-12-02,Urgent,0.833
2603,30,O-,7,2,2022-05-15,Urgent,0.226
2604,27,O+,9,8,2023-07-26,Emergency,0.93
2605,41,O-,2,1,2022-08-11,Urgent,0.259
2606,78,O+,6,6,2022-10-29,Emergency,0.998
2607,20,B+,5,3,2022-01-10,Routine,0.639
2608,28,O+,9,9,2024-06-28,Urgent,0.947
2609,35,B+,6,4,2022-02-13,Routine,0.637
2610,64,A+,3,2,2022-09-04,Emergency,0.649
2611,44,O+,4,3,2023-11-06,Routine,0.786
2612,37,A+,3,3,2023-01-30,Routine,0.986
2613,9,AB-,8,5,2023-02-19,Routine,0.646
2614,6,O+,9,7,2023-09-30,Routine,0.74
2615,38,A-,10,4,2023-09-11,Routine,0.398
2616,30,O+,8,7,2022-07-27,Routine,0.815
2617,6,A+,9,6,2023-01-03,Emergency,0.635
2618,33,A+,2,2,2024-08-31,Urgent,0.819
2619,37,B+,4,3,2024-02-22,Routine,0.857
2620,52,O-,1,1,2023-04-15,Routine,0.576
2621,6,O+,5,4,2023-10-03,Urgent,0.73
2622,60,O+,9,9,2022-12-05,Routine,0.983
2623,73,O+,10,7,2022-05-14,Urgent,0.665
2624,45,B+,7,5,2022-06-08,Emergency,0.713
2625,3,O+,7,5,2024-12-13,Urgent,0.691
2626,33,B+,7,6,2023-04-16,Urgent,0.861
2627,21,A+,4,2,2024-01-17,Routine,0.617
2628,35,B+,3,3,2022-03-06,Urgent,0.915
2629,47,A+,1,1,2023-03-22,Urgent,0.981
2630,53,O-,5,2,2024-10-22,Emergency,0.36
2631,51,A+,4,3,2022-03-20,Routine,0.637
2632,59,A+,4,3,2023-01-28,Urgent,0.757
2633,70,B+,9,9,2024-03-01,Urgent,0.947
2634,14,A+,10,9,2023-01-31,Emergency,0.858
2635,24,O+,10,7,2024-04-23,Urgent,0.693
2636,62,A+,8,5,2024-04-03,Emergency,0.587
2637,22,B+,3,2,2022-01-14,Routine,0.686
2638,72,A+,7,6,2022-05-27,Urgent,0.822
2639,34,A+,6,4,2024-06-24,Emergency,0.723
2640,5,O+,10,9,2022-07-31,Routine,0.897
2641,69,A+,3,2,2023-05-08,Emergency,0.512
2642,46,B+,1,1,2022-04-06,Urgent,0.657
2643,7,AB+,5,4,2024-12-05,Urgent,0.813
2644,17,A+,7,5,2022-11-30,Urgent,0.757
2645,12,O+,1,1,2024-06-05,Routine,0.671
2646,24,A+,6,4,2023-11-27,Routine,0.719
2647,4,O+,7,5,2022-07-06,Urgent,0.757
2648,61,AB+,6,5,2023-01-02,Routine,0.774
2649,50,A+,10,9,2023-10-29,Urgent,0.95
2650,29,A+,4,3,2024-06-12,Routine,0.836
2651,54,A+,5,4,2024-02-06,Emergency,0.869
2652,51,O+,8,6,2024-09-11,Urgent,0.756
2653,48,AB+,9,6,2022-05-14,Emergency,0.676
2654,22,AB+,2,1,2023-09-27,Emergency,0.679
2655,8,O+,5,4,2022-02-14,Urgent,0.836
2656,6,A+,4,2,2022-04-26,Urgent,0.609
2657,15,AB+,5,5,2024-08-03,Routine,0.948
2658,28,A+,10,6,2024-08-21,Routine,0.623
2659,66,AB+,1,1,2024-05-17,Routine,0.756
2660,29,B+,10,10,2024-09-22,Routine,0.954
2661,62,A+,1,1,2024-03-17,Routine,0.815
2662,5,A+,10,6,2022-04-27,Emergency,0.578
2663,40,O+,4,4,2022-11-14,Urgent,0.91
2664,76,A+,4,3,2022-09-13,Urgent,0.77
2665,66,A+,4,3,2024-10-30,Emergency,0.77
2666,51,A+,8,5,2024-10-26,Routine,0.653
2667,67,O+,4,3,2024-03-08,Emergency,0.632
2668,41,A+,10,9,2023-11-05,Routine,0.913
2669,77,O+,6,4,2022-11-12,Urgent,0.728
2670,31,B+,9,8,2023-02-14,Emergency,0.901
2671,62,B+,9,6,2024-02-04,Emergency,0.701
2672,13,A+,5,3,2023-12-29,Routine,0.691
2673,50,A+,6,5,2024-04-02,Urgent,0.834
2674,66,O+,6,4,2022-11-24,Urgent,0.677
2675,46,AB+,10,7,2022-02-03,Routine,0.731
2676,48,B+,2,2,2023-08-16,Routine,0.782
2677,68,A+,3,2,2024-01-02,Urgent,0.749
2678,43,A+,5,5,2023-01-01,Routine,0.903
2679,75,O+,7,5,2024-02-24,Urgent,0.665
2680,70,O+,2,1,2022-01-28,Urgent,0.677
2681,32,O+,9,9,2023-04-02,Urgent,0.968
2682,46,O+,5,4,2023-03-02,Routine,0.809
2683,44,A+,9,7,2022-09-06,Urgent,0.802
2684,46,O+,1,1,2023-02-05,Urgent,0.938
2685,45,A+,6,5,2024-03-08,Routine,0.805
2686,78,A+,6,4,2023-05-01,Routine,0.635
2687,22,B+,6,5,2022-10-03,Urgent,0.862
2688,52,A+,8,5,2022-05-24,Urgent,0.679
2689,40,AB+,4,3,2022-09-26,Urgent,0.709
2690,29,O+,3,3,2024-07-19,Urgent,0.847
2691,67,B+,7,7,2023-05-30,Urgent,0.963
2692,49,A+,1,1,2022-03-28,Emergency,0.946
2693,49,A+,4,3,2023-03-05,Routine,0.674
2694,40,B+,2,2,2023-10-26,Urgent,0.981
2695,68,O+,7,5,2022-12-21,Routine,0.674
2696,49,A+,6,5,2023-11-11,Routine,0.753
2697,69,O+,1,1,2023-09-03,Routine,0.966
2698,58,B+,1,1,2023-12-30,Emergency,0.653
2699,50,O+,3,3,2023-01-05,Urgent,0.995
2700,29,A+,6,4,2022-04-05,Emergency,0.68
2701,69,O+,2,1,2022-01-07,Routine,0.678
2702,61,O+,8,7,2023-05-19,Routine,0.936
2703,68,A+,2,2,2023-07-31,Urgent,0.88
2704,8,B+,1,1,2022-07-16,Routine,0.914
2705,43,O+,5,3,2023-11-15,Urgent,0.675
2706,61,A+,7,6,2022-10-13,Routine,0.81
2707,29,O+,6,5,2023-03-29,Urgent,0.896
2708,73,A+,10,7,2022-07-23,Urgent,0.669
2709,67,O+,2,2,2022-08-09,Routine,0.927
2710,25,O+,9,7,2022-11-08,Routine,0.723
2711,59,A+,4,3,2023-08-20,Routine,0.729
2712,48,O+,6,5,2023-04-09,Urgent,0.832
2713,56,O+,2,1,2024-08-04,Routine,0.679
2714,54,A+,8,6,2022-08-29,Emergency,0.8
2715,39,O+,1,1,2023-08-16,Routine,0.701
2716,54,O+,1,1,2024-12-23,Routine,0.825
2717,51,A+,1,1,2024-03-21,Routine,0.783
2718,68,O+,5,5,2022-04-21,Routine,0.965
2719,29,O+,10,10,2022-01-04,Routine,0.966
2720,59,O+,2,2,2022-08-11,Routine,0.887
2721,73,A+,10,7,2022-06-27,Urgent,0.721
2722,72,B+,6,5,2024-06-10,Emergency,0.877
2723,58,B+,5,4,2023-11-10,Urgent,0.862
2724,63,A+,3,2,2023-11-08,Urgent,0.637
2725,63,O+,1,1,2022-01-14,Urgent,0.901
2726,20,B+,3,2,2024-07-21,Routine,0.822
2727,45,A+,2,1,2024-08-20,Urgent,0.605
2728,47,A+,9,6,2024-02-04,Urgent,0.615
2729,13,O+,4,4,2022-12-14,Routine,0.961
2730,27,O+,2,2,2023-05-23,Routine,0.871
2731,33,A+,8,7,2024-08-18,Routine,0.874
2732,61,AB+,5,5,2023-05-01,Emergency,0.902
2733,7,B+,10,6,2023-02-03,Routine,0.608
2734,10,B+,1,1,2024-08-31,Routine,0.958
2735,20,B+,8,7,2022-04-12,Emergency,0.844
2736,16,O+,5,5,2024-02-20,Routine,0.937
2737,22,A+,1,1,2024-11-20,Urgent,0.922
2738,43,B+,6,5,2024-09-27,Routine,0.905
2739,68,O+,9,6,2023-01-04,Urgent,0.69
2740,77,A+,8,6,2023-02-15,Routine,0.811
2741,28,O+,9,6,2023-02-03,Routine,0.691
2742,74,A+,5,4,2022-04-15,Emergency,0.754
2743,4,B+,1,1,2023-02-25,Urgent,0.98
2744,40,A+,7,6,2024-08-09,Urgent,0.86
2745,17,O+,4,4,2022-05-06,Routine,0.946
2746,79,A+,4,4,2024-02-05,Urgent,0.97
2747,34,A+,5,3,2023-12-31,Routine,0.694
2748,44,AB-,6,2,2023-02-23,Routine,0.332
2749,28,O+,8,7,2022-04-16,Urgent,0.861
2750,7,O+,3,3,2024-06-21,Urgent,0.837
2751,42,A+,8,7,2024-02-04,Urgent,0.919
2752,51,O+,5,4,2023-01-15,Emergency,0.866
2753,78,O+,1,1,2023-11-17,Urgent,0.677
2754,23,A+,6,5,2022-08-02,Routine,0.807
2755,7,B+,3,2,2022-11-26,Urgent,0.652
2756,1,O+,3,2,2022-06-13,Urgent,0.71
2757,80,B+,7,4,2022-11-05,Emergency,0.57
2758,70,A+,4,4,2022-07-11,Urgent,0.984
2759,60,B+,6,4,2024-05-20,Emergency,0.677
2760,66,O+,4,3,2024-01-10,Urgent,0.812
2761,55,O+,1,1,2022-12-15,Routine,0.953
2762,60,AB+,10,9,2022-11-20,Urgent,0.9
2763,1,AB+,8,6,2022-01-27,Emergency,0.773
2764,44,B+,9,9,2023-08-15,Urgent,0.95
2765,55,A+,1,1,2023-09-17,Urgent,0.956
2766,25,A+,7,5,2023-07-22,Routine,0.716
2767,19,O+,5,4,2023-11-19,Urgent,0.825
2768,23,O+,10,8,2022-11-16,Routine,0.828
2769,32,O+,8,8,2023-09-15,Routine,0.952
2770,47,O+,9,8,2024-07-27,Routine,0.863
2771,41,O+,4,4,2023-10-27,Urgent,0.934
2772,71,O+,5,4,2024-04-03,Urgent,0.753
2773,59,A+,2,1,2023-04-10,Emergency,0.703
2774,8,A+,10,7,2023-02-15,Urgent,0.735
2775,18,O+,9,6,2022-06-08,Routine,0.72
2776,11,O+,4,3,2023-04-19,Routine,0.679
2777,46,O+,2,2,2024-01-16,Emergency,0.886
2778,74,AB+,1,1,2022-12-01,Routine,0.853
2779,10,O+,7,7,2024-12-14,Routine,0.997
2780,71,A+,5,4,2022-03-07,Routine,0.71
2781,70,O+,1,1,2022-01-20,Routine,0.906
2782,72,AB+,7,6,2023-07-02,Urgent,0.838
2783,47,O+,5,5,2024-09-17,Urgent,0.948
2784,31,A+,9,8,2022-11-04,Urgent,0.87
2785,35,B+,8,4,2024-06-13,Emergency,0.546
2786,1,O+,8,7,2022-04-14,Routine,0.932
2787,26,A+,10,8,2023-10-17,Urgent,0.819
2788,51,A-,4,1,2024-06-02,Emergency,0.239
2789,49,AB+,2,2,2023-07-20,Routine,0.916
2790,73,O+,3,3,2024-03-23,Emergency,0.95
2791,59,O+,6,6,2022-11-09,Urgent,0.927
2792,55,B+,3,3,2022-01-29,Urgent,0.846
2793,77,B+,10,8,2022-02-25,Urgent,0.819
2794,48,O+,3,3,2024-08-30,Routine,0.997
2795,75,AB+,5,3,2022-06-17,Routine,0.673
2796,12,O+,5,3,2024-07-08,Urgent,0.634
2797,58,A+,6,6,2023-02-02,Urgent,0.975
2798,15,O+,7,5,2022-03-07,Routine,0.669
2799,40,O+,8,5,2023-09-08,Emergency,0.6
2800,15,B+,6,4,2022-06-28,Urgent,0.644
2801,47,O+,10,9,2023-02-28,Urgent,0.909
2802,73,A+,8,8,2024-11-09,Routine,0.985
2803,78,A+,2,1,2023-01-02,Urgent,0.651
2804,75,AB+,9,6,2024-12-20,Urgent,0.655
2805,22,O+,8,5,2022-02-19,Routine,0.631
2806,63,A+,8,8,2022-05-13,Routine,0.971
2807,57,A+,8,6,2024-02-14,Routine,0.806
2808,51,A+,7,6,2023-04-28,Routine,0.881
2809,43,B+,8,5,2023-06-04,Routine,0.678
2810,9,AB+,3,2,2024-12-13,Urgent,0.711
2811,2,A+,6,5,2023-11-22,Urgent,0.847
2812,15,A+,9,7,2023-11-07,Urgent,0.753
2813,10,B+,6,4,2023-05-01,Routine,0.677
2814,59,O+,10,10,2024-03-22,Routine,0.951
2815,76,A+,10,8,2024-04-15,Urgent,0.809
2816,72,A+,3,2,2023-08-23,Urgent,0.798
2817,26,B+,7,6,2023-09-15,Urgent,0.854
2818,18,O+,7,5,2024-07-31,Urgent,0.673
2819,62,A+,7,6,2022-01-15,Emergency,0.886
2820,75,O+,1,1,2022-06-03,Urgent,0.648
2821,54,O+,4,3,2024-05-09,Urgent,0.657
2822,70,O+,2,2,2023-10-26,Routine,0.801
2823,34,O+,3,3,2022-10-28,Routine,0.863
2824,76,O+,1,1,2024-07-02,Routine,0.981
2825,21,B+,9,8,2022-01-09,Routine,0.84
2826,15,A+,10,10,2022-02-13,Routine,0.974
2827,8,O+,1,1,2023-06-21,Routine,0.748
2828,25,A+,8,6,2024-09-14,Routine,0.799
2829,79,O+,7,6,2022-01-19,Routine,0.848
2830,32,A+,5,4,2024-01-10,Routine,0.884
2831,29,O+,10,9,2022-05-08,Routine,0.851
2832,73,O+,4,4,2022-05-21,Urgent,0.884
2833,12,O+,7,7,2022-03-26,Routine,0.966
2834,51,A+,1,1,2022-11-16,Urgent,0.918
2835,70,O+,10,8,2022-03-10,Emergency,0.82
2836,76,O+,7,6,2022-08-06,Urgent,0.885
2837,26,A+,10,7,2024-10-25,Routine,0.696
2838,69,A+,6,4,2024-04-06,Routine,0.614
2839,43,A+,2,1,2023-01-01,Routine,0.621
2840,80,A+,2,1,2022-09-08,Routine,0.689
2841,45,A+,2,2,2024-09-29,Routine,0.932
2842,38,O+,6,6,2022-12-16,Urgent,0.96
2843,59,B+,10,8,2023-02-02,Routine,0.809
2844,78,O+,2,2,2023-05-10,Routine,0.834
2845,59,O+,7,6,2023-01-05,Routine,0.826
2846,62,A+,7,6,2022-05-24,Emergency,0.824
2847,56,A+,6,5,2023-12-31,Routine,0.751
2848,59,A+,9,6,2023-08-01,Emergency,0.693
2849,19,B+,6,5,2024-10-26,Urgent,0.805
2850,18,A+,5,5,2022-07-27,Routine,0.934
2851,60,O+,10,7,2022-04-08,Urgent,0.67
2852,14,O+,7,6,2022-08-25,Emergency,0.786
2853,13,O+,3,2,2023-03-01,Routine,0.663
2854,39,A+,3,2,2023-02-24,Urgent,0.684
2855,33,B-,6,3,2022-02-10,Routine,0.522
2856,45,B-,7,4,2024-02-18,Urgent,0.597
2857,72,O+,9,6,2022-08-29,Routine,0.692
2858,68,O+,10,9,2022-10-21,Urgent,0.872
2859,63,O+,7,7,2023-12-29,Urgent,0.94
2860,53,B+,9,8,2022-11-18,Routine,0.944
2861,2,O+,8,5,2022-12-06,Routine,0.662
2862,12,AB+,8,7,2022-04-24,Routine,0.882
2863,16,O+,10,9,2024-06-26,Urgent,0.945
2864,13,O+,5,4,2023-01-02,Routine,0.716
2865,67,A-,6,2,2023-07-24,Routine,0.307
2866,19,O+,8,7,2024-09-15,Routine,0.863
2867,74,B-,4,1,2023-12-01,Urgent,0.261
2868,25,O+,6,5,2022-12-16,Urgent,0.841
2869,21,A+,1,1,2023-07-21,Urgent,0.996
2870,14,O+,1,1,2022-09-30,Routine,0.874
2871,42,O+,8,7,2023-08-21,Urgent,0.899
2872,39,A+,8,5,2023-10-27,Routine,0.609
2873,80,O+,5,3,2022-02-12,Urgent,0.679
2874,15,B+,5,4,2024-05-21,Urgent,0.888
2875,22,A+,1,1,2024-07-11,Routine,0.809
2876,13,O+,3,2,2023-02-04,Urgent,0.757
2877,59,O+,2,2,2022-08-10,Emergency,0.803
2878,44,O+,10,7,2022-03-07,Routine,0.704
2879,48,O+,5,3,2024-08-28,Routine,0.643
2880,54,O+,8,6,2023-08-03,Urgent,0.774
2881,10,O+,2,2,2023-08-13,Routine,0.924
2882,1,O+,1,1,2024-12-13,Urgent,0.725
2883,73,O-,5,1,2022-07-13,Emergency,0.238
2884,6,A+,6,5,2023-11-28,Urgent,0.856
2885,57,O+,4,3,2023-07-13,Routine,0.858
2886,54,O+,6,4,2023-05-10,Urgent,0.686
2887,68,AB+,1,1,2023-03-18,Routine,0.832
2888,68,B+,6,6,2024-07-02,Routine,0.938
2889,18,AB+,5,5,2024-12-11,Routine,0.962
2890,26,O+,4,4,2022-11-21,Urgent,0.951
2891,12,O-,8,5,2022-05-18,Urgent,0.597
2892,48,O+,5,3,2022-02-23,Routine,0.688
2893,38,A+,10,9,2023-06-02,Routine,0.862
2894,58,A+,9,7,2023-07-20,Urgent,0.783
2895,41,A+,10,7,2022-11-21,Urgent,0.73
2896,80,A+,9,6,2024-05-14,Routine,0.637
2897,1,B+,4,3,2022-08-24,Routine,0.775
2898,37,O+,8,7,2024-03-18,Urgent,0.819
2899,66,O+,7,6,2023-09-12,Urgent,0.809
2900,69,A+,2,2,2023-10-19,Urgent,0.798
2901,21,A+,5,5,2024-03-22,Routine,0.908
2902,5,O+,4,3,2022-09-21,Emergency,0.808
2903,24,B+,9,7,2023-12-21,Routine,0.732
2904,42,O+,7,6,2023-08-02,Routine,0.928
2905,73,O+,8,6,2024-12-03,Urgent,0.748
2906,25,B+,10,7,2024-09-09,Urgent,0.702
2907,22,O+,5,3,2024-11-03,Emergency,0.522
2908,26,AB+,6,5,2022-05-02,Urgent,0.889
2909,34,O+,4,3,2022-08-30,Emergency,0.72
2910,62,A+,8,4,2024-07-31,Emergency,0.538
2911,7,A+,10,7,2022-06-03,Routine,0.674
2912,61,O+,2,2,2022-04-17,Urgent,0.853
2913,3,O+,10,7,2022-02-02,Urgent,0.676
2914,27,B+,5,4,2024-03-19,Routine,0.854
2915,67,O+,3,3,2023-07-25,Routine,0.966
2916,31,A+,1,1,2024-10-13,Routine,0.92
2917,41,O+,3,2,2023-02-21,Routine,0.688
2918,4,A+,2,1,2024-04-28,Routine,0.688
2919,43,B+,9,5,2022-09-13,Emergency,0.547
2920,76,A+,1,1,2024-06-01,Urgent,0.931
2921,7,O+,8,5,2022-03-01,Routine,0.667
2922,44,A+,2,1,2022-03-03,Urgent,0.602
2923,50,A+,9,9,2022-12-01,Emergency,0.971
2924,37,A+,6,5,2022-10-24,Routine,0.822
2925,48,A+,1,1,2023-04-06,Routine,0.817
2926,35,A+,2,1,2024-08-30,Routine,0.727
2927,38,O+,4,3,2022-05-17,Routine,0.862
2928,34,B+,9,8,2024-08-05,Urgent,0.918
2929,30,O+,9,9,2022-07-31,Routine,0.982
2930,60,O+,2,2,2023-06-19,Urgent,0.933
2931,68,A+,6,5,2023-10-31,Routine,0.868
2932,24,A+,7,5,2022-06-22,Routine,0.752
2933,38,O+,5,4,2024-09-04,Routine,0.892
2934,70,A+,8,6,2023-10-12,Emergency,0.7
2935,53,A+,5,5,2022-09-20,Routine,0.957
2936,42,O+,3,2,2022-06-28,Urgent,0.8
2937,66,A+,2,2,2022-05-18,Urgent,0.926
2938,26,A+,5,4,2022-06-29,Routine,0.875
2939,45,B+,5,3,2024-08-11,Routine,0.617
2940,12,A+,10,9,2024-08-18,Emergency,0.873
2941,34,A+,4,3,2024-12-09,Emergency,0.829
2942,45,B-,8,2,2022-04-06,Urgent,0.245
2943,4,B+,10,9,2022-09-11,Urgent,0.881
2944,59,O+,9,7,2023-06-05,Routine,0.816
2945,20,O+,7,5,2022-12-12,Urgent,0.703
2946,48,O+,4,3,2024-03-15,Urgent,0.863
2947,17,B-,1,1,2023-05-31,Routine,0.526
2948,10,A+,6,4,2023-07-17,Emergency,0.597
2949,62,A+,9,8,2022-03-28,Urgent,0.902
2950,3,B+,2,1,2023-01-10,Urgent,0.696
2951,27,O+,7,7,2023-06-07,Urgent,0.996
2952,36,AB+,8,7,2023-12-19,Routine,0.844
2953,41,A+,3,3,2022-11-21,Routine,0.85
2954,54,B-,7,4,2024-05-12,Urgent,0.628
2955,37,O+,9,8,2023-04-06,Urgent,0.909
2956,3,O+,8,7,2022-09-14,Emergency,0.848
2957,7,B+,4,3,2023-07-29,Routine,0.783
2958,21,A+,3,2,2023-01-31,Urgent,0.62
2959,28,B+,9,6,2023-03-19,Urgent,0.639
2960,72,A+,10,8,2024-10-01,Emergency,0.772
2961,13,O+,3,3,2022-04-13,Emergency,0.952
2962,34,A+,2,2,2022-04-02,Emergency,0.866
2963,73,B+,4,3,2023-07-12,Emergency,0.706
2964,33,A+,8,7,2024-11-03,Urgent,0.866
2965,61,O+,4,3,2022-07-04,Routine,0.67
2966,50,O+,3,3,2023-05-14,Routine,0.961
2967,9,O+,8,7,2022-10-03,Routine,0.862
2968,50,B+,6,6,2024-02-29,Routine,0.945
2969,78,O+,5,5,2023-12-31,Emergency,0.947
2970,51,O+,5,5,2024-04-29,Emergency,0.991
2971,73,A+,1,1,2022-12-15,Emergency,0.615
2972,3,B+,4,4,2024-12-27,Routine,0.998
2973,15,A-,9,4,2023-11-09,Urgent,0.495
2974,71,A+,5,4,2024-12-17,Routine,0.705
2975,24,O+,2,2,2024-10-30,Urgent,0.951
2976,63,B+,3,2,2022-09-15,Routine,0.62
2977,11,O+,9,8,2024-04-27,Routine,0.9
2978,71,O+,9,8,2024-12-24,Urgent,0.906
2979,24,B+,4,3,2022-03-05,Urgent,0.691
2980,79,B+,6,4,2024-04-29,Routine,0.733
2981,69,O+,5,4,2024-04-23,Routine,0.88
2982,6,B+,6,5,2024-10-08,Urgent,0.906
2983,10,O+,7,6,2023-04-16,Urgent,0.808
2984,80,B+,7,5,2023-11-22,Urgent,0.71
2985,13,O+,4,3,2024-09-27,Urgent,0.692
2986,75,O+,1,1,2023-11-16,Urgent,0.605
2987,69,A+,2,2,2022-02-14,Emergency,0.779
2988,26,A-,2,1,2023-08-16,Urgent,0.512
2989,11,A+,9,7,2023-04-24,Urgent,0.791
2990,77,B+,5,3,2023-03-11,Routine,0.647
2991,80,A+,7,5,2023-06-21,Routine,0.693
2992,55,O-,5,2,2022-11-21,Routine,0.378
2993,25,AB+,2,2,2023-03-09,Emergency,0.819
2994,80,B+,9,7,2024-04-07,Urgent,0.793
2995,68,O+,1,1,2023-05-25,Routine,0.729
2996,53,B+,2,2,2023-08-31,Urgent,0.942
2997,20,B+,7,5,2024-12-29,Routine,0.674
2998,1,O+,4,4,2022-04-12,Emergency,0.996
2999,15,A+,10,7,2022-10-15,Routine,0.726
3000,76,AB+,5,4,2022-12-31,Urgent,0.844
3001,6,A+,2,2,2022-05-08,Urgent,0.842
3002,48,A+,10,9,2023-01-27,Routine,0.909
3003,7,O+,2,2,2023-06-08,Routine,0.835
3004,2,A+,3,2,2022-01-28,Emergency,0.732
3005,10,O+,2,2,2023-01-29,Urgent,0.803
3006,47,B+,6,4,2023-05-11,Urgent,0.61
3007,42,B+,4,3,2024-01-17,Routine,0.734
3008,37,O+,1,1,2023-04-23,Urgent,0.672
3009,5,B+,1,1,2023-05-17,Routine,0.641
3010,7,A+,5,4,2022-04-10,Routine,0.771
3011,55,O+,6,6,2023-07-03,Routine,0.978
3012,39,A+,8,7,2023-03-30,Emergency,0.854
3013,20,A+,7,4,2024-01-15,Urgent,0.614
3014,57,B+,5,3,2022-08-11,Routine,0.663
3015,27,O+,9,8,2023-09-03,Routine,0.885
3016,13,B+,2,2,2022-10-14,Routine,0.891
3017,15,A+,3,2,2024-03-04,Routine,0.707
3018,79,A+,2,1,2023-12-29,Routine,0.616
3019,14,O+,10,9,2022-05-01,Routine,0.946
3020,75,O+,4,3,2022-11-18,Urgent,0.837
3021,33,A+,2,2,2023-03-21,Routine,0.831
3022,5,O+,8,6,2023-02-16,Routine,0.69
3023,2,B+,6,6,2023-01-16,Urgent,0.999
3024,53,AB+,5,4,2023-05-04,Urgent,0.842
3025,54,A+,8,6,2022-10-20,Routine,0.725
3026,22,O+,2,2,2023-08-14,Routine,0.979
3027,28,AB+,2,1,2022-10-08,Urgent,0.732
3028,78,A+,5,5,2023-06-11,Routine,0.978
3029,30,O+,4,2,2023-01-21,Routine,0.612
3030,16,A+,7,6,2024-02-26,Routine,0.816
3031,58,A-,4,2,2022-03-25,Routine,0.497
3032,2,A+,7,4,2024-08-09,Urgent,0.633
3033,74,O+,3,2,2022-04-08,Routine,0.653
3034,74,AB+,7,6,2024-05-09,Routine,0.921
3035,29,A+,4,3,2023-01-10,Urgent,0.671
3036,65,A+,2,2,2023-03-13,Routine,0.766
3037,37,O+,2,2,2023-04-14,Emergency,0.9
3038,73,O+,8,8,2022-05-23,Routine,0.944
3039,61,B+,7,6,2023-09-12,Routine,0.897
3040,61,O+,9,8,2023-09-07,Routine,0.913
3041,79,B+,2,1,2022-12-26,Emergency,0.642
3042,27,A+,1,1,2022-08-24,Routine,0.738
3043,19,A+,3,2,2022-08-01,Emergency,0.705
3044,60,A+,3,2,2024-11-19,Urgent,0.746
3045,10,O+,10,5,2024-05-13,Emergency,0.518
3046,78,A+,1,1,2023-11-25,Emergency,0.72
3047,70,O-,3,2,2022-07-17,Routine,0.621
3048,70,B+,8,7,2023-06-29,Urgent,0.918
3049,72,A-,1,0,2024-10-26,Routine,0.399
3050,58,B+,8,7,2023-09-27,Emergency,0.843
3051,21,A+,7,5,2024-04-23,Routine,0.755
3052,70,O+,8,8,2024-08-13,Routine,0.963
3053,67,O+,3,3,2022-09-28,Routine,0.963
3054,64,B+,2,1,2024-10-31,Urgent,0.66
3055,13,O-,10,5,2022-10-01,Urgent,0.533
3056,35,B+,1,1,2023-08-16,Routine,0.687
3057,33,O+,10,9,2024-10-17,Urgent,0.943
3058,51,AB+,10,6,2024-02-06,Emergency,0.575
3059,20,O+,5,5,2023-02-14,Urgent,0.928
3060,29,B+,10,10,2024-02-02,Routine,0.984
3061,72,A+,3,3,2023-02-02,Routine,0.981
3062,53,O+,5,3,2024-12-19,Routine,0.637
3063,4,A+,10,9,2023-09-25,Emergency,0.863
3064,56,B+,6,5,2024-11-10,Urgent,0.881
3065,79,B+,5,3,2022-12-10,Routine,0.616
3066,51,B+,8,5,2024-06-11,Emergency,0.584
3067,5,O+,5,4,2022-01-19,Routine,0.856
3068,74,B+,8,7,2023-08-02,Routine,0.916
3069,35,B+,2,2,2023-06-17,Routine,0.89
3070,39,O-,4,1,2023-01-17,Urgent,0.363
3071,71,O+,8,7,2023-07-18,Urgent,0.919
3072,26,B-,6,2,2024-09-16,Routine,0.318
3073,74,O+,3,3,2022-06-22,Routine,0.943
3074,69,O+,5,4,2023-11-25,Routine,0.716
3075,17,B+,4,3,2023-09-10,Urgent,0.804
3076,72,B+,8,6,2022-07-23,Routine,0.783
3077,11,O+,6,4,2024-12-29,Urgent,0.687
3078,15,B+,2,2,2023-12-13,Urgent,0.768
3079,47,O+,8,6,2024-08-07,Urgent,0.763
3080,14,A+,2,1,2023-04-06,Urgent,0.672
3081,74,AB+,9,6,2024-11-06,Routine,0.664
3082,13,O+,7,6,2023-10-22,Urgent,0.839
3083,68,B+,3,2,2024-06-21,Routine,0.75
3084,19,O+,2,1,2024-06-20,Routine,0.651
3085,74,O-,8,3,2022-04-03,Urgent,0.424
3086,28,A-,6,1,2023-01-20,Emergency,0.236
3087,20,O+,10,9,2023-05-13,Urgent,0.899
3088,53,B+,4,3,2022-01-05,Urgent,0.853
3089,13,O+,8,6,2022-10-17,Routine,0.724
3090,43,O+,8,6,2023-01-06,Routine,0.7
3091,25,B-,7,4,2022-10-23,Urgent,0.525
3092,1,O+,7,7,2024-11-26,Routine,0.968
3093,42,AB+,8,6,2022-07-23,Routine,0.757
3094,35,O+,4,3,2023-06-27,Routine,0.784
3095,68,A+,6,6,2023-01-17,Routine,0.963
3096,73,A-,2,1,2024-06-21,Urgent,0.467
3097,64,A+,2,1,2023-05-24,Routine,0.697
3098,13,A-,6,1,2022-09-30,Routine,0.206
3099,7,O+,4,4,2022-02-23,Emergency,0.897
3100,76,B+,10,9,2024-12-17,Urgent,0.89
3101,17,O+,3,3,2022-03-17,Urgent,0.876
3102,51,O+,6,5,2022-07-06,Routine,0.817
3103,34,A+,6,5,2024-02-14,Urgent,0.854
3104,56,O+,2,1,2024-12-16,Routine,0.659
3105,49,O+,1,1,2022-12-31,Emergency,0.781
3106,59,O+,4,2,2022-05-23,Urgent,0.602
3107,56,B+,5,5,2022-09-20,Emergency,0.931
3108,56,B+,4,3,2024-06-03,Urgent,0.715
3109,1,O+,3,2,2022-12-28,Urgent,0.702
3110,5,A+,9,6,2024-07-22,Routine,0.699
3111,72,B+,10,6,2024-08-11,Routine,0.607
3112,73,O+,4,4,2024-02-03,Routine,0.934
3113,9,O+,9,7,2023-06-19,Urgent,0.824
3114,20,A-,4,1,2022-10-06,Routine,0.287
3115,71,B+,9,5,2022-09-23,Emergency,0.555
3116,20,B+,5,4,2024-05-29,Urgent,0.74
3117,25,O+,5,4,2024-11-10,Urgent,0.81
3118,49,B+,8,5,2023-11-06,Routine,0.639
3119,1,O+,1,1,2023-04-21,Emergency,0.559
3120,12,O+,8,7,2023-11-10,Urgent,0.896
3121,69,O+,1,1,2023-04-27,Urgent,0.69
3122,11,B+,3,2,2024-07-12,Routine,0.727
3123,79,O+,4,3,2024-02-12,Urgent,0.784
3124,11,A+,8,8,2023-01-10,Routine,0.974
3125,66,AB+,7,5,2024-07-12,Routine,0.706
3126,26,B+,2,2,2023-12-31,Emergency,0.803
3127,32,B+,3,2,2024-10-01,Urgent,0.765
3128,21,B+,1,1,2023-02-04,Urgent,0.728
3129,24,A+,2,2,2024-05-21,Urgent,0.837
3130,28,B+,4,4,2024-12-01,Routine,0.912
3131,50,B+,8,6,2022-11-28,Routine,0.694
3132,20,B-,5,2,2024-05-26,Routine,0.375
3133,44,A+,1,1,2023-03-24,Routine,0.78
3134,72,O+,6,5,2022-09-26,Urgent,0.784
3135,49,O+,8,7,2023-11-12,Urgent,0.879
3136,70,O+,9,7,2024-01-13,Urgent,0.832
3137,75,A-,6,2,2022-11-28,Routine,0.38
3138,32,B+,1,1,2024-09-24,Routine,0.968
3139,36,O+,8,5,2022-10-05,Urgent,0.646
3140,79,A+,6,5,2024-09-09,Emergency,0.905
3141,52,O+,3,3,2022-11-01,Urgent,0.885
3142,69,B+,3,3,2022-03-10,Routine,0.913
3143,72,AB+,4,3,2024-07-04,Routine,0.847
3144,55,O+,3,2,2023-06-20,Routine,0.667
3145,71,O+,7,6,2023-05-28,Routine,0.877
3146,29,O+,3,3,2024-01-19,Urgent,0.889
3147,68,A+,9,8,2023-06-22,Urgent,0.914
3148,15,A+,2,2,2024-01-08,Routine,0.905
3149,33,A+,1,1,2022-06-24,Urgent,0.946
3150,46,B+,5,3,2023-04-12,Routine,0.616
3151,48,O+,6,4,2024-07-24,Emergency,0.718
3152,46,B+,3,3,2024-04-25,Routine,0.873
3153,50,O+,6,5,2022-10-30,Urgent,0.829
3154,12,A+,6,4,2022-01-09,Routine,0.618
3155,65,A+,8,7,2022-04-12,Urgent,0.822
3156,66,O+,6,5,2023-02-12,Emergency,0.751
3157,58,O+,10,9,2024-04-21,Urgent,0.937
3158,61,O+,5,4,2024-04-14,Routine,0.842
3159,69,O+,3,3,2024-11-09,Routine,0.884
3160,72,A+,8,6,2023-11-30,Urgent,0.708
3161,60,O+,9,7,2024-11-17,Routine,0.759
3162,35,B+,5,4,2023-08-27,Routine,0.774
3163,45,A+,10,7,2022-09-07,Urgent,0.705
3164,30,AB+,7,5,2023-07-30,Routine,0.738
3165,23,O+,7,7,2024-12-21,Routine,0.94
3166,57,B+,2,1,2022-05-30,Emergency,0.524
3167,66,O+,9,8,2022-10-04,Emergency,0.911
3168,48,O+,8,6,2023-01-14,Urgent,0.75
3169,79,B+,3,2,2024-01-18,Routine,0.759
3170,29,O+,4,4,2022-01-14,Urgent,0.876
3171,63,O+,4,2,2023-01-12,Routine,0.604
3172,22,O+,5,3,2023-04-23,Emergency,0.698
3173,43,O+,9,6,2024-11-26,Routine,0.646
3174,12,O-,10,2,2023-01-22,Routine,0.224
3175,60,O+,10,7,2023-10-13,Urgent,0.736
3176,59,O+,4,3,2024-02-26,Urgent,0.745
3177,59,O+,4,3,2022-04-20,Routine,0.841
3178,5,A+,6,5,2023-03-26,Urgent,0.891
3179,10,O+,1,1,2022-06-28,Routine,0.657
3180,50,A+,1,1,2022-10-19,Routine,0.987
3181,27,O+,5,4,2024-11-17,Routine,0.895
3182,62,A+,4,4,2023-09-05,Routine,0.968
3183,61,A+,1,1,2022-04-13,Urgent,0.776
3184,15,O+,1,1,2022-06-21,Routine,0.732
3185,14,AB+,3,2,2023-02-20,Routine,0.783
3186,72,A+,8,8,2023-02-15,Routine,0.991
3187,47,B+,6,5,2022-05-16,Urgent,0.772
3188,42,B+,3,2,2023-11-19,Emergency,0.633
3189,29,O+,6,4,2022-01-10,Routine,0.749
3190,38,B+,8,6,2022-05-30,Urgent,0.689
3191,76,O+,8,6,2023-07-15,Routine,0.722
3192,12,B+,7,6,2024-09-28,Urgent,0.901
3193,70,B+,2,2,2024-03-11,Urgent,0.827
3194,47,O+,1,1,2024-10-27,Emergency,0.752
3195,19,O+,6,5,2024-12-05,Urgent,0.848
3196,15,O+,3,2,2024-12-24,Urgent,0.772
3197,33,O+,4,3,2022-08-22,Routine,0.666
3198,1,A+,5,5,2024-09-06,Emergency,0.918
3199,14,A+,6,5,2023-11-03,Routine,0.903
3200,12,B+,8,8,2022-08-11,Routine,0.978
3201,15,A+,6,5,2022-12-18,Routine,0.808
3202,55,O+,3,2,2024-04-18,Routine,0.679
3203,53,A+,8,7,2023-05-22,Urgent,0.833
3204,8,B+,8,8,2024-11-04,Urgent,0.977
3205,28,A-,9,2,2022-04-24,Emergency,0.264
3206,74,B+,6,4,2022-11-23,Routine,0.694
3207,48,AB+,2,2,2024-05-08,Emergency,0.871
3208,19,O+,5,4,2024-06-06,Routine,0.762
3209,64,A+,9,6,2022-04-08,Routine,0.618
3210,25,B+,9,8,2024-07-31,Urgent,0.867
3211,32,O+,7,5,2024-01-17,Routine,0.702
3212,68,B+,3,3,2024-09-01,Routine,0.933
3213,75,A+,4,2,2024-09-17,Routine,0.603
3214,36,AB+,2,2,2024-10-12,Routine,0.812
3215,19,O+,9,8,2022-07-08,Routine,0.94
3216,2,O+,7,4,2024-05-12,Emergency,0.582
3217,24,O+,7,7,2023-03-03,Routine,0.976
3218,80,A+,10,8,2023-11-24,Routine,0.818
3219,66,O+,1,1,2022-08-06,Urgent,0.871
3220,6,B+,5,3,2022-07-08,Urgent,0.62
3221,78,B+,9,6,2022-08-23,Routine,0.636
3222,10,O+,7,5,2022-08-27,Urgent,0.776
3223,12,A+,3,3,2022-02-01,Urgent,0.876
3224,72,B+,2,2,2022-06-01,Urgent,0.839
3225,15,O+,4,3,2023-01-11,Routine,0.793
3226,64,O+,6,6,2024-07-03,Emergency,0.993
3227,80,O+,4,2,2023-01-10,Routine,0.601
3228,10,A+,8,5,2023-05-22,Urgent,0.656
3229,25,A-,1,0,2022-02-18,Routine,0.246
3230,55,A+,9,6,2023-02-25,Routine,0.622
3231,37,O+,10,8,2023-10-08,Urgent,0.761
3232,36,A+,9,8,2023-06-19,Routine,0.837
3233,54,B+,8,6,2022-08-10,Urgent,0.73
3234,73,B+,9,8,2022-11-15,Urgent,0.918
3235,17,A+,2,2,2024-05-25,Urgent,0.878
3236,73,A+,1,1,2023-06-16,Routine,0.84
3237,55,B+,2,2,2024-03-18,Routine,0.774
3238,75,O+,4,3,2022-01-30,Routine,0.826
3239,12,B+,6,5,2023-11-24,Urgent,0.8
3240,27,A+,6,4,2023-08-29,Routine,0.64
3241,1,O+,8,6,2022-08-18,Routine,0.736
3242,73,O+,5,4,2023-03-29,Routine,0.765
3243,22,O+,8,7,2023-02-11,Urgent,0.879
3244,5,O+,3,3,2022-10-13,Routine,0.852
3245,27,AB+,5,4,2024-09-17,Urgent,0.802
3246,12,O+,3,3,2023-10-28,Routine,0.858
3247,26,O+,1,1,2024-10-03,Emergency,0.841
3248,72,A+,2,2,2022-08-01,Routine,0.894
3249,17,B+,8,7,2022-02-20,Routine,0.927
3250,21,B+,1,1,2024-09-14,Urgent,0.708
3251,54,AB+,7,6,2022-09-03,Routine,0.882
3252,27,O+,7,5,2023-03-05,Routine,0.728
3253,61,O+,3,3,2023-08-17,Routine,0.988
3254,62,A+,8,5,2022-06-03,Routine,0.626
3255,40,A+,9,7,2024-03-18,Urgent,0.819
3256,74,O-,2,1,2022-10-04,Urgent,0.316
3257,67,B+,3,2,2023-02-06,Urgent,0.649
3258,24,B+,9,8,2024-02-18,Urgent,0.885
3259,48,O+,3,3,2023-06-01,Emergency,0.857
3260,10,O+,3,2,2024-02-21,Urgent,0.653
3261,24,O+,7,6,2023-04-27,Urgent,0.801
3262,9,A+,2,1,2024-12-24,Routine,0.708
3263,56,O+,2,2,2024-08-06,Routine,0.898
3264,16,A+,4,3,2024-05-11,Routine,0.715
3265,76,A+,8,8,2022-10-25,Urgent,0.942
3266,21,O+,5,3,2024-10-02,Emergency,0.682
3267,26,B+,8,7,2022-12-22,Routine,0.855
3268,30,O+,4,2,2022-08-17,Emergency,0.612
3269,30,O+,4,4,2024-02-27,Routine,0.889
3270,30,O+,2,2,2022-08-31,Urgent,0.937
3271,62,A+,10,6,2023-03-22,Emergency,0.559
3272,42,O+,9,6,2022-04-20,Urgent,0.667
3273,20,O+,9,8,2024-07-17,Urgent,0.934
3274,43,B+,7,6,2023-02-18,Urgent,0.801
3275,55,B+,1,1,2022-01-02,Routine,0.787
3276,35,O+,3,3,2023-04-23,Emergency,0.862
3277,54,O+,5,5,2022-03-30,Urgent,0.986
3278,23,O+,8,7,2023-02-03,Urgent,0.849
3279,54,A+,1,1,2022-08-10,Routine,0.699
3280,48,O-,1,1,2022-07-10,Routine,0.522
3281,59,B+,4,4,2022-10-24,Routine,0.985
3282,40,A+,3,3,2024-03-02,Routine,0.871
3283,43,A+,1,1,2023-05-03,Urgent,0.763
3284,15,A-,10,4,2023-01-30,Urgent,0.397
3285,27,O+,8,5,2024-10-15,Emergency,0.667
3286,20,A+,10,9,2022-10-12,Emergency,0.931
3287,36,B+,4,4,2023-06-24,Routine,0.942
3288,27,A+,1,1,2022-01-04,Routine,0.769
3289,66,B+,1,1,2024-05-04,Urgent,0.998
3290,79,O+,10,7,2022-10-22,Urgent,0.668
3291,71,O+,9,8,2022-07-29,Urgent,0.879
3292,14,A+,7,6,2023-07-03,Urgent,0.842
3293,47,O+,1,1,2024-02-26,Routine,0.655
3294,48,O+,10,7,2024-02-13,Routine,0.681
3295,59,A+,6,5,2022-12-28,Routine,0.887
3296,36,B+,8,7,2023-06-11,Urgent,0.828
3297,72,O+,1,1,2023-05-31,Urgent,0.907
3298,25,A+,2,2,2023-03-16,Urgent,0.941
3299,6,O+,2,2,2023-01-26,Urgent,0.994
3300,14,AB+,6,6,2024-05-29,Urgent,0.92
3301,29,O+,6,6,2023-04-07,Routine,0.943
3302,28,A+,10,8,2024-08-08,Routine,0.759
3303,23,A+,4,2,2024-01-31,Emergency,0.555
3304,41,A+,2,2,2023-02-07,Urgent,0.911
3305,24,A+,8,7,2023-09-25,Urgent,0.882
3306,42,B+,3,3,2023-10-16,Routine,0.943
3307,38,B-,5,2,2022-06-22,Routine,0.381
3308,48,A+,1,1,2023-07-22,Urgent,0.978
3309,75,B+,9,8,2024-10-31,Urgent,0.876
3310,74,A+,8,5,2022-02-09,Urgent,0.662
3311,8,O+,4,3,2023-05-04,Routine,0.803
3312,26,O+,9,7,2023-01-10,Urgent,0.79
3313,30,A+,1,1,2022-12-09,Emergency,0.848
3314,6,O-,6,2,2023-09-01,Urgent,0.306
3315,78,A+,2,2,2022-08-20,Routine,0.813
3316,26,O+,6,5,2022-02-19,Urgent,0.875
3317,3,B+,9,9,2024-02-29,Routine,0.964
3318,74,O+,3,2,2023-07-24,Routine,0.658
3319,63,A+,2,1,2022-02-18,Routine,0.641
3320,60,AB+,3,2,2022-10-03,Urgent,0.738
3321,22,AB+,7,6,2024-07-13,Routine,0.845
3322,15,B+,7,7,2024-04-16,Urgent,0.937
3323,67,A+,9,6,2022-08-14,Routine,0.715
3324,35,A+,3,2,2024-01-24,Emergency,0.699
3325,27,O+,9,6,2022-05-12,Urgent,0.626
3326,12,O+,3,2,2022-06-08,Urgent,0.662
3327,41,A+,2,1,2023-12-01,Routine,0.677
3328,32,A+,5,5,2022-06-25,Emergency,0.965
3329,12,A+,5,4,2023-01-30,Urgent,0.708
3330,65,A+,5,4,2024-12-05,Routine,0.701
3331,64,O+,8,7,2023-03-26,Emergency,0.839
3332,20,O+,4,3,2022-09-24,Routine,0.871
3333,60,O+,4,3,2024-02-20,Urgent,0.865
3334,40,A+,8,6,2022-08-04,Routine,0.731
3335,28,B+,10,8,2024-02-05,Routine,0.814
3336,17,B+,5,4,2023-08-01,Routine,0.82
3337,79,A+,6,4,2024-06-10,Urgent,0.704
3338,57,B+,7,5,2024-07-28,Urgent,0.675
3339,50,O+,7,5,2022-09-19,Routine,0.695
3340,28,O+,3,2,2023-05-30,Routine,0.604
3341,72,B+,7,5,2024-03-21,Urgent,0.743
3342,34,O+,1,1,2024-04-17,Urgent,0.654
3343,72,O+,4,2,2022-03-05,Urgent,0.611
3344,7,O+,1,1,2024-04-10,Routine,0.972
3345,40,B+,4,2,2023-01-13,Emergency,0.598
3346,67,O+,7,5,2022-10-30,Routine,0.645
3347,55,O+,7,5,2023-01-03,Urgent,0.732
3348,64,B+,6,4,2024-07-02,Emergency,0.745
3349,29,B+,9,8,2023-08-04,Emergency,0.906
3350,45,O+,5,3,2024-09-07,Routine,0.649
3351,69,B+,10,7,2023-05-28,Routine,0.665
3352,79,O+,9,7,2024-02-13,Routine,0.816
3353,21,A+,2,1,2024-10-11,Emergency,0.638
3354,8,O+,9,9,2022-05-27,Urgent,0.95
3355,1,O+,9,6,2022-10-29,Urgent,0.653
3356,77,O+,1,1,2023-11-05,Routine,0.876
3357,48,A+,2,2,2022-06-08,Urgent,0.813
3358,47,A+,4,3,2023-11-02,Urgent,0.865
3359,63,O+,10,7,2022-01-14,Urgent,0.713
3360,27,AB+,6,5,2022-02-05,Routine,0.811
3361,9,O+,5,4,2022-10-20,Urgent,0.821
3362,76,O+,4,3,2023-05-21,Urgent,0.66
3363,4,O+,8,7,2022-10-04,Routine,0.886
3364,73,A+,3,2,2022-09-14,Urgent,0.804
3365,6,O+,3,2,2023-05-25,Routine,0.615
3366,21,A-,2,0,2024-05-21,Urgent,0.204
3367,49,B-,6,1,2024-10-12,Routine,0.233
3368,33,B+,7,7,2024-09-09,Routine,0.998
3369,31,O+,10,7,2023-06-09,Routine,0.699
3370,62,O+,5,4,2022-06-17,Routine,0.801
3371,23,A+,3,2,2023-10-31,Emergency,0.735
3372,68,O+,4,2,2022-01-23,Emergency,0.599
3373,24,A-,4,1,2022-07-06,Emergency,0.209
3374,54,O+,1,1,2024-03-12,Emergency,0.804
3375,39,O+,10,7,2024-09-14,Routine,0.693
3376,52,B+,2,2,2023-04-25,Urgent,0.905
3377,61,B+,3,3,2024-04-24,Routine,0.949
3378,26,O+,7,6,2022-04-30,Routine,0.838
3379,62,A+,2,1,2023-11-24,Emergency,0.565
3380,44,O-,4,2,2024-09-19,Emergency,0.573
3381,1,O+,7,4,2023-09-05,Urgent,0.619
3382,40,O-,5,2,2023-03-01,Routine,0.46
3383,32,O+,1,1,2023-12-19,Urgent,0.875
3384,79,A+,6,5,2022-02-15,Routine,0.857
3385,78,A+,1,1,2023-11-14,Routine,0.734
3386,56,A+,3,2,2022-05-01,Urgent,0.81
3387,67,A+,7,6,2023-03-13,Routine,0.828
3388,52,A+,10,9,2024-05-06,Urgent,0.87
3389,30,AB-,7,2,2022-04-08,Routine,0.287
3390,58,B+,9,9,2024-04-27,Routine,0.962
3391,40,A+,1,1,2023-05-15,Urgent,0.805
3392,36,O+,4,3,2024-12-12,Urgent,0.684
3393,72,O+,4,3,2023-08-10,Routine,0.668
3394,28,B+,5,5,2024-09-26,Urgent,0.994
3395,8,B+,5,5,2022-09-17,Emergency,0.965
3396,5,A+,9,6,2024-11-16,Routine,0.632
3397,32,B+,5,5,2022-12-26,Routine,0.931
3398,19,B+,2,2,2022-06-13,Urgent,0.881
3399,3,AB+,2,2,2024-08-15,Urgent,0.971
3400,19,O+,8,7,2024-12-19,Urgent,0.901
3401,44,A+,8,5,2024-12-13,Urgent,0.649
3402,20,A+,7,6,2022-07-10,Urgent,0.843
3403,66,A+,3,3,2022-11-18,Routine,0.851
3404,73,O+,6,4,2022-11-29,Urgent,0.669
3405,65,B+,4,2,2023-08-13,Routine,0.603
3406,14,A+,10,8,2024-06-24,Urgent,0.752
3407,22,B+,9,5,2024-10-11,Emergency,0.608
3408,73,O+,9,7,2024-08-23,Emergency,0.827
3409,57,AB+,5,4,2023-04-16,Routine,0.826
3410,57,B+,8,4,2023-10-30,Emergency,0.504
3411,66,A+,5,3,2023-10-06,Urgent,0.615
3412,21,A+,6,4,2023-10-02,Urgent,0.645
3413,21,O+,6,4,2022-06-29,Routine,0.624
3414,12,A+,8,7,2022-02-13,Routine,0.814
3415,8,B+,7,7,2023-08-17,Routine,0.956
3416,50,B+,6,4,2023-05-18,Routine,0.625
3417,79,A+,6,4,2024-04-21,Urgent,0.7
3418,3,B+,9,7,2022-07-30,Urgent,0.784
3419,18,O+,6,6,2023-03-23,Routine,0.952
3420,22,A-,9,4,2024-02-13,Emergency,0.452
3421,56,B+,6,4,2023-12-02,Urgent,0.664
3422,16,A+,10,9,2024-06-18,Urgent,0.915
3423,80,O-,1,0,2022-06-01,Urgent,0.237
3424,2,O+,5,4,2022-04-16,Urgent,0.817
3425,44,B+,7,4,2023-07-16,Urgent,0.637
3426,51,B+,7,5,2022-05-19,Routine,0.774
3427,32,O+,9,8,2022-07-02,Urgent,0.834
3428,59,A+,5,5,2023-07-19,Routine,0.941
3429,12,O+,10,9,2024-05-06,Routine,0.946
3430,71,B+,9,6,2024-04-13,Urgent,0.671
3431,75,A-,5,2,2022-11-15,Urgent,0.468
3432,34,O+,10,10,2023-12-27,Urgent,0.97
3433,80,A+,5,4,2023-07-02,Urgent,0.836
3434,24,A+,4,3,2024-01-01,Urgent,0.801
3435,77,O+,5,4,2022-07-05,Routine,0.767
3436,45,AB+,8,6,2024-01-22,Urgent,0.776
3437,61,B+,6,5,2023-06-03,Routine,0.793
3438,2,O+,5,3,2024-01-29,Urgent,0.609
3439,8,A+,5,5,2024-01-07,Routine,0.928
3440,79,A+,6,5,2024-10-07,Urgent,0.907
3441,18,AB+,2,1,2023-04-13,Urgent,0.638
3442,63,A-,2,0,2024-12-27,Routine,0.21
3443,70,B+,6,5,2024-09-20,Urgent,0.795
3444,68,B+,3,3,2023-12-26,Routine,0.857
3445,30,O+,3,3,2023-07-03,Routine,0.968
3446,49,A+,10,9,2022-11-15,Urgent,0.881
3447,76,O+,2,2,2022-11-17,Emergency,0.889
3448,64,O-,5,3,2024-05-17,Emergency,0.526
3449,31,A-,4,2,2024-05-09,Urgent,0.395
3450,35,O+,9,8,2024-05-25,Urgent,0.849
3451,52,A+,7,6,2023-07-19,Routine,0.85
3452,19,A+,3,3,2022-09-18,Urgent,0.864
3453,41,B+,2,2,2023-11-12,Urgent,0.906
3454,1,O+,10,7,2024-07-13,Routine,0.676
3455,34,O-,6,1,2022-08-19,Emergency,0.202
3456,33,B+,9,7,2022-01-02,Routine,0.772
3457,60,A+,10,10,2024-01-03,Urgent,0.976
3458,79,O+,7,6,2024-04-05,Routine,0.822
3459,39,O+,4,4,2022-04-15,Routine,0.909
3460,29,AB+,8,5,2023-11-21,Urgent,0.684
3461,67,B+,5,4,2022-04-21,Routine,0.718
3462,22,A+,10,9,2023-05-10,Urgent,0.865
3463,52,A+,7,7,2022-11-19,Routine,0.939
3464,73,O+,3,3,2023-09-22,Urgent,0.834
3465,72,B+,6,5,2023-06-21,Routine,0.899
3466,80,A+,10,6,2024-04-09,Urgent,0.601
3467,17,O+,2,2,2022-07-18,Routine,0.768
3468,65,O+,1,1,2023-03-11,Routine,0.664
3469,53,B+,7,6,2022-12-06,Urgent,0.854
3470,58,B+,4,3,2024-08-04,Urgent,0.643
3471,67,O+,5,5,2024-12-05,Routine,0.97
3472,14,O+,5,5,2023-04-15,Routine,0.965
3473,76,A+,10,10,2022-02-28,Urgent,0.971
3474,25,A+,6,5,2024-10-10,Urgent,0.77
3475,12,B+,9,9,2024-04-09,Urgent,0.95
3476,21,A+,5,5,2024-10-14,Routine,0.939
3477,39,O+,6,6,2024-02-19,Urgent,0.99
3478,38,B+,3,3,2023-08-26,Urgent,0.961
3479,56,B+,6,5,2022-11-13,Urgent,0.803
3480,21,O+,2,2,2024-02-28,Routine,0.931
3481,43,B+,3,2,2023-08-17,Emergency,0.807
3482,4,O+,10,9,2024-10-20,Routine,0.941
3483,10,A+,1,1,2024-10-22,Urgent,0.762
3484,12,O+,4,3,2024-10-03,Routine,0.736
3485,57,A+,3,2,2022-09-30,Urgent,0.814
3486,68,A+,9,8,2023-08-27,Urgent,0.893
3487,20,O+,8,6,2024-08-03,Emergency,0.69
3488,3,A+,9,9,2023-03-12,Routine,0.982
3489,19,B+,3,3,2024-05-14,Routine,0.847
3490,33,B+,2,1,2022-07-03,Urgent,0.658
3491,29,O+,9,7,2022-10-19,Urgent,0.804
3492,21,O+,3,2,2024-12-16,Urgent,0.735
3493,37,O+,9,7,2024-09-25,Urgent,0.771
3494,46,O+,5,4,2023-03-07,Routine,0.839
3495,44,O+,7,6,2024-06-15,Urgent,0.842
3496,13,B+,4,3,2024-12-20,Urgent,0.644
3497,30,O+,10,7,2024-05-27,Urgent,0.669
3498,15,O+,6,3,2024-01-29,Emergency,0.518
3499,51,O+,2,2,2024-06-25,Routine,0.889
3500,29,O+,1,1,2023-02-07,Emergency,0.986
3501,13,O+,9,7,2023-12-06,Urgent,0.774
3502,68,B+,3,3,2024-10-19,Routine,0.937
3503,27,O+,8,5,2024-06-08,Urgent,0.603
3504,74,A+,3,2,2023-09-29,Urgent,0.706
3505,49,A+,3,3,2024-01-19,Urgent,0.901
3506,6,B+,2,2,2024-01-28,Urgent,0.817
3507,47,O+,5,3,2023-02-22,Routine,0.668
3508,59,A+,3,3,2024-01-18,Urgent,0.835
3509,68,O-,5,1,2024-10-02,Routine,0.205
3510,60,O+,5,3,2023-07-02,Routine,0.617
3511,17,O+,9,8,2024-03-17,Urgent,0.92
3512,75,O+,7,5,2023-02-17,Routine,0.677
3513,7,A+,3,2,2023-06-25,Urgent,0.627
3514,70,O+,2,2,2023-08-05,Routine,0.763
3515,13,B+,9,8,2023-09-25,Emergency,0.847
3516,34,A+,6,4,2022-12-30,Routine,0.675
3517,15,AB+,7,6,2024-10-25,Routine,0.83
3518,78,A+,7,5,2022-10-07,Routine,0.732
3519,6,A+,7,6,2023-05-01,Routine,0.897
3520,62,B-,5,2,2022-08-21,Urgent,0.462
3521,64,A+,7,4,2022-10-24,Urgent,0.622
3522,38,A+,10,8,2022-04-25,Urgent,0.794
3523,9,B+,3,2,2022-01-20,Urgent,0.627
3524,69,B+,1,1,2024-12-10,Urgent,0.737
3525,50,A+,5,4,2023-07-15,Emergency,0.872
3526,29,O+,3,3,2023-06-05,Routine,0.955
3527,4,O+,1,1,2024-12-22,Routine,0.839
3528,53,A+,3,3,2023-01-15,Routine,0.966
3529,56,AB-,5,3,2022-05-20,Routine,0.647
3530,67,O+,6,6,2024-10-06,Emergency,0.925
3531,68,O+,1,1,2023-03-08,Emergency,0.501
3532,38,A+,10,7,2024-09-05,Routine,0.717
3533,80,B+,3,3,2022-11-06,Urgent,0.877
3534,31,O+,6,6,2024-12-01,Routine,0.955
3535,21,B+,2,2,2023-01-05,Urgent,0.882
3536,52,O+,5,4,2024-12-23,Urgent,0.882
3537,37,O+,8,7,2022-03-17,Emergency,0.845
3538,45,O+,2,1,2022-08-23,Routine,0.701
3539,62,O+,6,4,2023-11-06,Emergency,0.734
3540,43,A+,3,2,2024-06-09,Urgent,0.741
3541,22,O+,7,5,2022-07-27,Routine,0.66
3542,30,O+,4,3,2023-01-22,Routine,0.799
3543,39,A+,3,3,2024-02-22,Routine,0.921
3544,14,B+,8,7,2022-01-02,Routine,0.818
3545,12,O+,8,6,2024-07-29,Routine,0.798
3546,30,O+,8,7,2024-05-28,Urgent,0.9
3547,69,A+,1,1,2024-09-22,Routine,0.81
3548,61,A+,10,9,2024-01-14,Routine,0.855
3549,42,B+,6,6,2023-04-22,Routine,0.963
3550,44,A+,6,4,2022-01-07,Emergency,0.745
3551,24,O+,4,3,2023-08-30,Urgent,0.678
3552,50,O+,5,3,2023-01-24,Routine,0.647
3553,32,A+,1,1,2023-12-14,Emergency,0.919
3554,40,O+,9,6,2022-11-08,Routine,0.671
3555,69,O+,7,7,2022-11-26,Routine,0.976
3556,74,O+,3,3,2023-05-31,Routine,0.837
3557,53,O+,5,3,2022-04-01,Routine,0.659
3558,3,O+,1,1,2024-03-18,Urgent,0.679
3559,59,B+,4,3,2022-05-10,Urgent,0.626
3560,12,A+,1,1,2023-06-11,Urgent,0.873
3561,12,A-,2,1,2024-05-22,Urgent,0.492
3562,63,A+,8,6,2022-06-29,Emergency,0.806
3563,52,A-,4,2,2022-12-08,Routine,0.55
3564,18,B+,3,3,2023-05-07,Urgent,0.835
3565,1,A+,2,1,2023-03-25,Urgent,0.616
3566,41,A+,5,5,2023-03-19,Urgent,0.949
3567,30,B+,10,6,2022-10-01,Routine,0.612
3568,60,O+,10,10,2022-06-15,Urgent,0.958
3569,40,B-,9,6,2024-04-27,Urgent,0.698
3570,35,A+,7,6,2022-03-03,Routine,0.923
3571,33,O+,9,5,2024-08-21,Routine,0.61
3572,45,O+,4,3,2023-06-12,Urgent,0.752
3573,49,B+,7,6,2022-01-28,Routine,0.899
3574,20,O-,10,5,2024-01-11,Emergency,0.489
3575,59,AB+,3,3,2024-11-06,Routine,0.943
3576,78,B-,6,2,2022-01-08,Routine,0.277
3577,64,O+,8,4,2022-11-25,Emergency,0.523
3578,19,A+,5,3,2024-10-27,Routine,0.692
3579,19,B+,6,6,2023-09-12,Routine,0.961
3580,2,O+,1,1,2024-09-05,Routine,0.762
3581,70,O+,8,6,2024-05-05,Routine,0.757
3582,30,O+,7,4,2022-07-20,Urgent,0.614
3583,55,B+,4,4,2024-10-16,Emergency,0.906
3584,60,B+,6,6,2023-08-11,Urgent,0.917
3585,37,A+,10,7,2024-11-30,Routine,0.738
3586,29,B+,10,9,2022-07-04,Urgent,0.889
3587,58,O+,2,2,2024-07-08,Emergency,0.896
3588,57,B+,10,8,2022-10-11,Routine,0.756
3589,9,A+,8,5,2022-07-26,Urgent,0.639
3590,49,O+,2,1,2023-03-02,Urgent,0.709
3591,54,O+,1,1,2024-06-15,Urgent,0.79
3592,29,A+,7,6,2023-12-15,Urgent,0.848
3593,77,O+,8,7,2023-04-25,Routine,0.86
3594,59,O+,4,3,2024-05-05,Routine,0.675
3595,71,O+,9,6,2022-12-29,Emergency,0.618
3596,71,A+,5,3,2023-03-23,Routine,0.677
3597,29,O+,10,7,2022-03-10,Routine,0.656
3598,80,A+,2,2,2024-04-10,Emergency,0.823
3599,17,AB+,8,6,2024-06-27,Routine,0.705
3600,14,B-,3,2,2023-07-21,Urgent,0.626
3601,66,O+,3,2,2023-03-07,Routine,0.68
3602,54,B-,6,3,2022-11-14,Urgent,0.442
3603,45,B+,4,3,2023-04-29,Urgent,0.698
3604,21,O-,4,2,2024-03-31,Urgent,0.537
3605,16,AB+,2,1,2023-04-08,Routine,0.674
3606,54,A+,7,5,2023-12-17,Urgent,0.644
3607,2,A+,6,4,2023-03-29,Urgent,0.691
3608,43,A+,5,4,2022-12-28,Urgent,0.764
3609,62,O+,1,1,2023-03-16,Urgent,0.736
3610,73,B+,8,7,2023-10-27,Routine,0.864
3611,9,O+,1,1,2023-10-19,Emergency,0.811
3612,66,O+,8,7,2022-12-13,Routine,0.934
3613,62,A+,4,2,2023-02-03,Emergency,0.506
3614,62,O+,5,4,2024-01-08,Urgent,0.853
3615,72,A+,1,1,2024-04-13,Urgent,0.645
3616,53,B+,8,7,2023-11-11,Urgent,0.871
3617,66,O+,1,1,2023-05-22,Emergency,0.678
3618,79,O+,10,10,2024-08-10,Urgent,0.966
3619,58,B+,2,2,2024-08-05,Routine,0.915
3620,34,A+,7,5,2022-12-26,Urgent,0.717
3621,35,A+,3,2,2023-10-01,Urgent,0.633
3622,63,B+,4,4,2023-11-23,Urgent,0.946
3623,23,A+,2,2,2023-12-29,Emergency,0.923
3624,80,O+,2,1,2023-03-02,Emergency,0.573
3625,13,O+,10,8,2023-09-30,Urgent,0.818
3626,13,A+,3,2,2024-03-19,Urgent,0.71
3627,54,B-,1,0,2024-12-02,Urgent,0.262
3628,4,B+,2,2,2022-02-09,Routine,0.779
3629,44,A+,7,5,2023-12-11,Urgent,0.771
3630,15,O+,5,5,2024-05-30,Routine,0.919
3631,17,A+,3,3,2022-07-08,Urgent,0.914
3632,66,O-,7,3,2024-04-11,Routine,0.462
3633,11,B+,7,6,2023-12-25,Routine,0.92
3634,79,A+,7,6,2022-11-18,Routine,0.825
3635,39,A+,6,4,2024-08-11,Routine,0.663
3636,65,O+,6,5,2023-04-24,Urgent,0.903
3637,76,O+,3,2,2022-01-21,Urgent,0.786
3638,43,A+,3,2,2024-11-25,Routine,0.829
3639,27,O+,2,2,2022-03-30,Emergency,0.882
3640,12,A+,7,5,2024-09-23,Routine,0.69
3641,22,O+,3,2,2023-12-29,Routine,0.796
3642,53,AB+,10,10,2023-01-09,Urgent,0.961
3643,76,O-,8,5,2022-07-08,Urgent,0.637
3644,70,B+,6,6,2022-05-21,Emergency,0.925
3645,62,O+,5,4,2023-06-10,Routine,0.784
3646,5,O+,8,5,2022-07-14,Routine,0.682
3647,2,B+,1,1,2024-08-26,Urgent,0.645
3648,10,B+,7,7,2022-08-26,Routine,0.987
3649,9,O+,7,7,2022-05-30,Routine,0.994
3650,8,B+,4,3,2023-06-15,Routine,0.864
3651,49,O+,8,7,2023-05-23,Routine,0.829
3652,19,O+,7,4,2024-01-21,Routine,0.607
3653,51,O+,3,2,2023-11-14,Emergency,0.789
3654,19,O+,4,3,2024-11-14,Emergency,0.808
3655,14,O+,2,2,2024-02-28,Routine,0.899
3656,17,A+,7,7,2024-12-30,Routine,0.965
3657,21,O+,6,5,2023-08-18,Urgent,0.891
3658,68,O+,3,2,2022-10-15,Urgent,0.801
3659,48,B+,1,1,2022-08-07,Urgent,0.707
3660,35,O+,8,5,2024-07-20,Routine,0.683
3661,43,O+,6,4,2022-09-15,Routine,0.713
3662,38,O+,6,5,2024-09-27,Routine,0.805
3663,60,B+,1,1,2024-03-17,Routine,0.635
3664,13,O+,4,4,2022-05-13,Routine,0.899
3665,19,O+,6,4,2023-06-27,Urgent,0.718
3666,67,AB+,3,2,2024-01-13,Urgent,0.728
3667,71,O+,4,3,2023-03-06,Routine,0.629
3668,5,A+,8,7,2023-11-24,Emergency,0.908
3669,10,A+,5,4,2024-04-16,Routine,0.74
3670,79,O+,2,2,2023-07-23,Routine,0.998
3671,21,A+,4,2,2024-07-16,Emergency,0.588
3672,45,O-,2,1,2023-12-27,Routine,0.567
3673,57,O+,2,2,2022-04-11,Routine,0.814
3674,12,O+,8,7,2022-03-07,Urgent,0.82
3675,26,A+,10,9,2023-05-25,Routine,0.866
3676,58,A+,7,6,2024-07-01,Emergency,0.914
3677,63,O+,3,2,2024-09-12,Urgent,0.783
3678,57,A+,4,2,2024-05-31,Emergency,0.611
3679,53,O+,8,6,2024-06-24,Urgent,0.767
3680,61,A+,8,8,2022-08-06,Urgent,0.991
3681,19,A-,9,4,2022-04-04,Routine,0.481
3682,30,O+,9,7,2024-09-21,Urgent,0.805
3683,49,O+,8,6,2022-06-24,Routine,0.726
3684,77,AB+,10,7,2023-05-19,Routine,0.667
3685,67,O+,7,7,2024-12-22,Routine,0.964
3686,50,O+,9,6,2023-03-30,Urgent,0.635
3687,51,A+,3,2,2023-02-20,Routine,0.797
3688,41,AB+,2,2,2023-12-03,Routine,0.914
3689,33,O+,7,6,2024-09-11,Routine,0.828
3690,7,B+,10,7,2023-02-02,Urgent,0.706
3691,50,O+,7,4,2022-07-28,Emergency,0.52
3692,29,B+,8,5,2023-10-21,Routine,0.625
3693,23,O+,4,2,2024-08-16,Routine,0.604
3694,66,O+,1,1,2023-09-16,Routine,0.866
3695,1,A+,4,3,2022-06-12,Routine,0.76
3696,20,A+,2,2,2024-04-16,Urgent,0.77
3697,76,AB+,9,7,2024-01-22,Routine,0.832
3698,52,O+,7,6,2024-09-25,Urgent,0.903
3699,35,A-,10,3,2023-12-03,Urgent,0.255
3700,29,B+,9,7,2022-10-02,Emergency,0.729
3701,29,O+,8,7,2022-12-04,Routine,0.88
3702,16,B+,9,7,2023-07-30,Urgent,0.761
3703,44,O+,2,2,2022-01-20,Routine,0.89
3704,59,A+,9,6,2022-12-11,Emergency,0.675
3705,61,B+,10,10,2023-08-10,Routine,0.958
3706,76,O+,6,6,2024-04-24,Urgent,0.997
3707,27,B+,4,4,2023-12-12,Urgent,0.895
3708,80,A+,5,4,2024-02-04,Urgent,0.778
3709,58,O+,4,4,2022-07-10,Routine,0.882
3710,29,A+,5,5,2023-11-23,Routine,0.955
3711,53,A+,2,2,2024-02-12,Routine,0.784
3712,49,A-,2,1,2023-01-05,Routine,0.341
3713,15,O+,1,1,2023-12-27,Routine,0.768
3714,29,A+,9,8,2024-10-05,Urgent,0.9
3715,8,O+,3,3,2023-04-22,Emergency,0.869
3716,10,A+,10,10,2022-07-12,Routine,0.975
3717,14,O+,7,5,2024-09-17,Urgent,0.701
3718,19,A+,6,5,2023-12-14,Emergency,0.766
3719,73,AB+,3,3,2022-05-17,Routine,0.907
3720,69,A-,2,1,2023-07-05,Emergency,0.534
3721,19,B+,1,1,2022-03-06,Urgent,0.927
3722,69,A+,4,3,2022-09-13,Urgent,0.774
3723,46,A+,9,5,2024-03-25,Emergency,0.564
3724,60,O-,8,6,2023-04-28,Urgent,0.688
3725,71,A+,1,1,2023-12-04,Urgent,0.742
3726,45,AB+,10,10,2024-03-20,Urgent,0.967
3727,17,A+,6,5,2023-08-16,Routine,0.849
3728,29,A+,3,3,2024-11-26,Emergency,0.929
3729,74,A+,8,6,2023-04-25,Emergency,0.711
3730,18,A+,10,8,2022-05-16,Urgent,0.757
3731,59,O+,6,3,2022-01-11,Emergency,0.538
3732,9,A+,2,2,2024-03-06,Routine,0.868
3733,70,AB+,10,9,2022-05-03,Urgent,0.89
3734,4,A+,1,1,2024-12-21,Routine,0.974
3735,24,A+,5,4,2022-10-23,Urgent,0.73
3736,72,O-,10,5,2022-07-22,Routine,0.508
3737,12,B+,3,2,2024-12-04,Routine,0.665
3738,30,O+,3,3,2024-09-02,Urgent,0.898
3739,56,A+,9,7,2024-07-31,Urgent,0.824
3740,21,A+,3,2,2022-06-14,Urgent,0.793
3741,44,A+,10,9,2022-04-01,Emergency,0.92
3742,69,AB+,6,4,2022-06-10,Emergency,0.584
3743,35,O+,10,8,2022-04-10,Routine,0.788
3744,60,O+,4,4,2023-08-02,Urgent,0.941
3745,48,A+,6,6,2022-11-23,Routine,0.975
3746,5,B+,6,4,2024-02-04,Emergency,0.623
3747,4,O+,6,4,2022-11-23,Urgent,0.713
3748,41,AB+,9,5,2024-06-25,Emergency,0.605
3749,17,O+,10,9,2022-06-05,Routine,0.851
3750,70,B+,9,8,2022-11-11,Routine,0.867
3751,21,B+,1,1,2022-04-06,Urgent,0.745
3752,5,O+,2,2,2022-06-27,Routine,0.798
3753,33,B+,7,6,2022-09-01,Routine,0.888
3754,5,O+,9,8,2023-02-15,Routine,0.867
3755,17,O+,3,3,2024-09-21,Routine,0.894
3756,55,A+,9,7,2023-06-01,Routine,0.8
3757,28,A+,6,5,2022-07-27,Routine,0.753
3758,49,O+,9,7,2023-06-28,Routine,0.759
3759,48,A+,3,2,2023-05-30,Routine,0.724
3760,78,AB+,5,5,2022-06-17,Routine,0.923
3761,40,O+,6,4,2023-01-13,Urgent,0.748
3762,32,O+,3,2,2022-10-19,Routine,0.819
3763,46,A+,9,8,2024-10-27,Urgent,0.938
3764,9,O+,1,1,2022-09-10,Urgent,0.782
3765,41,O+,8,6,2024-08-21,Routine,0.758
3766,14,A+,8,7,2024-09-04,Routine,0.885
3767,47,B+,8,6,2022-01-19,Urgent,0.74
3768,37,A+,10,10,2024-06-04,Routine,0.993
3769,40,O+,7,7,2022-01-11,Routine,0.99
3770,35,A+,7,5,2024-04-30,Routine,0.661
3771,34,O+,8,6,2023-01-30,Urgent,0.732
3772,58,O+,2,1,2024-05-01,Emergency,0.748
3773,11,AB+,1,1,2024-05-23,Routine,0.683
3774,14,O+,9,9,2022-03-16,Urgent,0.989
3775,11,A+,5,4,2024-05-26,Urgent,0.722
3776,18,A+,4,3,2022-04-22,Urgent,0.627
3777,68,O+,2,1,2022-02-12,Routine,0.622
3778,68,O+,5,5,2023-03-22,Emergency,0.912
3779,29,A+,3,3,2022-10-14,Urgent,0.994
3780,8,A+,5,4,2024-10-11,Urgent,0.808
3781,29,O+,1,1,2024-09-08,Routine,0.766
3782,42,O+,6,5,2024-10-18,Routine,0.869
3783,12,AB+,7,5,2024-02-02,Routine,0.704
3784,33,O+,6,6,2023-01-25,Routine,0.964
3785,36,B+,9,8,2022-09-01,Urgent,0.868
3786,53,B+,5,4,2023-03-17,Urgent,0.728
3787,47,B+,9,6,2022-05-19,Routine,0.713
3788,57,O+,10,9,2023-04-19,Urgent,0.866
3789,47,B+,8,7,2022-07-24,Urgent,0.826
3790,72,O+,7,5,2024-03-03,Routine,0.668
3791,53,A+,6,4,2024-04-21,Emergency,0.716
3792,50,O+,10,6,2023-04-28,Urgent,0.624
3793,9,O+,4,3,2022-01-17,Routine,0.81
3794,76,O+,7,6,2022-07-08,Urgent,0.812
3795,63,A+,3,3,2023-12-26,Urgent,0.928
3796,49,B+,10,9,2022-01-14,Routine,0.926
3797,44,B+,3,3,2022-11-23,Routine,0.842
3798,49,O+,10,7,2022-03-17,Emergency,0.688
3799,68,B+,10,7,2023-10-03,Urgent,0.657
3800,21,O+,4,3,2023-01-04,Routine,0.875
3801,15,A+,5,4,2023-06-19,Routine,0.863
3802,34,AB+,9,9,2024-04-04,Routine,0.988
3803,37,A+,6,4,2022-08-12,Urgent,0.609
3804,49,A+,4,3,2023-09-12,Emergency,0.853
3805,57,O+,1,1,2023-10-02,Urgent,0.925
3806,2,O+,1,1,2023-04-11,Urgent,0.717
3807,38,B+,9,9,2022-04-12,Routine,0.982
3808,18,A+,10,9,2023-11-15,Urgent,0.928
3809,39,B+,10,6,2023-11-21,Emergency,0.633
3810,48,B+,6,5,2023-12-14,Routine,0.848
3811,65,A+,10,8,2023-12-31,Urgent,0.8
3812,72,O+,5,4,2024-02-03,Routine,0.89
3813,17,B+,10,6,2024-09-01,Routine,0.611
3814,73,AB+,5,3,2022-06-01,Emergency,0.675
3815,40,A+,7,7,2022-07-26,Routine,0.987
3816,61,O+,5,4,2023-09-29,Routine,0.899
3817,17,O+,3,2,2024-01-04,Emergency,0.679
3818,3,A+,4,4,2023-03-08,Urgent,0.906
3819,74,A+,8,7,2023-08-18,Routine,0.92
3820,42,B+,6,4,2023-04-16,Routine,0.659
3821,59,O+,7,5,2022-05-13,Urgent,0.69
3822,75,O+,6,5,2023-05-03,Routine,0.841
3823,13,A+,6,4,2024-05-17,Urgent,0.715
3824,75,B+,6,5,2024-02-05,Urgent,0.792
3825,78,B+,7,4,2022-01-27,Routine,0.632
3826,72,O+,3,2,2024-06-21,Routine,0.824
3827,36,B+,10,10,2023-03-14,Routine,0.968
3828,15,A+,8,6,2022-03-06,Emergency,0.774
3829,58,O+,5,5,2023-03-27,Routine,0.988
3830,5,AB+,7,5,2024-11-26,Routine,0.769
3831,15,B+,9,6,2024-04-12,Routine,0.685
3832,57,A+,1,1,2024-06-28,Urgent,0.665
3833,68,B+,4,3,2022-07-04,Routine,0.728
3834,64,O+,10,7,2022-06-12,Routine,0.679
3835,73,A+,4,3,2024-12-28,Routine,0.81
3836,34,A+,10,6,2024-07-07,Urgent,0.65
3837,57,A-,1,0,2024-06-10,Routine,0.288
3838,22,O+,5,5,2022-10-29,Urgent,0.9
3839,12,B+,4,4,2022-04-25,Urgent,0.975
3840,11,O+,7,6,2022-09-13,Routine,0.801
3841,22,A+,10,7,2024-10-10,Routine,0.726
3842,48,A+,4,4,2022-03-23,Routine,0.992
3843,56,O+,5,3,2023-08-31,Urgent,0.643
3844,80,O+,2,2,2024-07-13,Urgent,0.852
3845,35,B+,9,5,2022-09-08,Emergency,0.564
3846,27,O+,7,5,2022-06-19,Routine,0.661
3847,31,O+,3,2,2022-02-15,Routine,0.636
3848,14,O-,9,4,2022-11-27,Urgent,0.422
3849,43,O+,1,1,2023-08-26,Routine,0.978
3850,42,O+,4,4,2023-12-08,Routine,0.917
3851,22,A+,2,2,2024-04-28,Routine,0.83
3852,18,O+,8,7,2022-01-30,Urgent,0.878
3853,16,O+,6,4,2023-08-30,Urgent,0.74
3854,55,A+,8,6,2022-10-21,Routine,0.764
3855,72,B+,3,2,2024-03-27,Routine,0.68
3856,70,A+,3,2,2023-01-24,Emergency,0.662
3857,5,O+,9,8,2023-08-10,Routine,0.924
3858,38,O+,4,3,2022-04-22,Urgent,0.799
3859,39,O+,5,3,2024-07-20,Routine,0.688
3860,77,B+,10,10,2023-03-02,Urgent,0.982
3861,47,O+,2,2,2022-02-21,Emergency,0.801
3862,41,B+,9,8,2022-11-13,Urgent,0.864
3863,70,A+,1,1,2024-03-25,Routine,0.867
3864,36,A+,5,4,2024-11-25,Routine,0.766
3865,45,B+,9,7,2022-09-04,Routine,0.827
3866,69,B+,2,1,2022-09-13,Urgent,0.606
3867,7,O+,6,5,2024-08-21,Emergency,0.912
3868,23,A+,4,3,2024-11-13,Urgent,0.643
3869,28,A+,8,6,2022-02-08,Routine,0.721
3870,68,B+,8,7,2023-09-28,Routine,0.933
3871,28,A+,6,4,2022-09-03,Urgent,0.675
3872,24,O+,8,8,2024-02-02,Routine,0.995
3873,77,AB+,6,4,2024-06-27,Urgent,0.614
3874,42,A+,3,3,2024-11-03,Urgent,0.994
3875,53,A+,5,4,2023-12-09,Urgent,0.848
3876,47,O+,10,6,2023-03-20,Routine,0.61
3877,4,AB+,6,6,2023-01-25,Urgent,0.978
3878,3,O-,4,2,2022-04-19,Emergency,0.49
3879,62,O+,5,5,2024-10-10,Routine,0.943
3880,3,O+,7,5,2023-05-16,Routine,0.687
3881,28,A-,3,2,2024-07-10,Routine,0.663
3882,24,O-,10,4,2022-05-07,Urgent,0.353
3883,6,A+,9,7,2024-12-22,Urgent,0.78
3884,62,B+,1,1,2024-08-05,Emergency,0.768
3885,80,O+,5,4,2022-08-26,Urgent,0.733
3886,16,O+,3,2,2023-07-24,Routine,0.833
3887,64,A+,7,6,2023-10-22,Urgent,0.91
3888,22,A+,8,7,2022-11-02,Routine,0.887
3889,34,O+,1,1,2022-07-19,Emergency,0.773
3890,34,O+,7,7,2024-02-20,Routine,0.931
3891,42,AB+,8,7,2024-01-13,Routine,0.827
3892,23,O+,8,6,2023-08-25,Routine,0.812
3893,53,A+,8,6,2024-07-22,Routine,0.78
3894,43,A+,9,8,2022-02-18,Routine,0.935
3895,24,A+,3,2,2022-08-14,Urgent,0.751
3896,27,A+,8,7,2022-07-18,Routine,0.853
3897,31,O+,4,3,2022-05-24,Routine,0.668
3898,15,B+,6,5,2023-04-09,Routine,0.857
3899,57,O+,3,3,2024-06-08,Routine,0.972
3900,39,B+,10,10,2022-07-07,Urgent,0.982
3901,7,B-,8,4,2024-05-25,Emergency,0.44
3902,2,O-,10,4,2024-09-28,Urgent,0.407
3903,51,A+,10,9,2024-03-27,Emergency,0.923
3904,80,A+,2,1,2024-01-25,Routine,0.724
3905,10,O+,3,3,2024-06-25,Routine,0.977
3906,74,B+,4,3,2024-05-25,Urgent,0.838
3907,77,B-,9,3,2022-12-13,Routine,0.373
3908,40,A-,1,1,2022-12-12,Routine,0.607
3909,71,O+,3,2,2022-08-14,Urgent,0.823
3910,69,A+,2,1,2022-03-01,Emergency,0.712
3911,2,A+,5,4,2023-05-11,Urgent,0.809
3912,74,B+,4,3,2024-07-14,Routine,0.678
3913,66,B+,8,6,2023-05-27,Emergency,0.786
3914,37,O+,8,6,2023-01-10,Routine,0.811
3915,32,A+,7,4,2023-06-16,Emergency,0.591
3916,28,B+,4,3,2022-03-31,Routine,0.699
3917,16,O+,7,5,2022-04-30,Urgent,0.656
3918,31,AB+,3,2,2022-01-15,Routine,0.615
3919,55,A+,7,6,2023-08-05,Urgent,0.843
3920,49,A+,4,2,2023-09-16,Emergency,0.596
3921,44,O+,3,2,2024-09-19,Routine,0.803
3922,21,A-,10,2,2024-05-09,Routine,0.224
3923,17,O+,4,4,2024-03-25,Urgent,0.974
3924,18,A+,6,4,2023-09-24,Urgent,0.695
3925,47,A+,8,6,2024-03-22,Urgent,0.707
3926,75,O+,3,3,2022-07-02,Urgent,0.954
3927,25,A+,7,5,2023-10-12,Emergency,0.718
3928,15,B+,5,5,2024-08-26,Routine,0.906
3929,12,B+,4,3,2023-07-26,Urgent,0.843
3930,66,A+,2,1,2023-02-20,Routine,0.649
3931,30,A+,4,2,2022-08-30,Emergency,0.584
3932,35,O+,1,1,2023-02-15,Routine,0.601
3933,15,B+,3,3,2022-11-17,Routine,0.94
3934,30,O+,5,4,2023-12-21,Emergency,0.733
3935,79,O+,7,7,2024-07-09,Routine,0.991
3936,41,A-,5,1,2022-07-30,Emergency,0.26
3937,51,A+,2,1,2022-11-03,Routine,0.685
3938,36,A+,6,4,2022-02-09,Emergency,0.681
3939,16,A+,6,4,2023-08-05,Routine,0.617
3940,79,A+,6,4,2024-09-23,Routine,0.705
3941,77,A+,5,4,2022-04-14,Routine,0.71
3942,38,A+,3,3,2024-01-12,Routine,0.912
3943,37,A+,1,1,2024-12-30,Urgent,0.804
3944,3,A+,5,3,2024-10-06,Routine,0.629
3945,54,A-,3,1,2022-09-09,Urgent,0.461
3946,49,B+,6,4,2023-06-30,Routine,0.679
3947,3,O+,5,5,2022-10-03,Urgent,0.975
3948,11,O+,2,2,2024-06-10,Routine,0.898
3949,9,O+,2,1,2022-03-01,Urgent,0.675
3950,40,O+,3,3,2022-07-14,Routine,0.998
3951,15,O+,5,3,2022-07-29,Routine,0.666
3952,18,B+,9,6,2022-08-24,Routine,0.648
3953,15,O+,1,1,2024-06-05,Routine,0.835
3954,49,O+,7,5,2024-12-18,Urgent,0.728
3955,77,O+,5,4,2024-08-24,Emergency,0.757
3956,60,O+,8,7,2023-01-07,Emergency,0.821
3957,65,A+,1,1,2023-12-01,Urgent,0.78
3958,10,O+,7,6,2024-03-07,Urgent,0.903
3959,24,A+,5,5,2022-03-31,Emergency,0.925
3960,61,A+,7,6,2024-08-06,Urgent,0.888
3961,76,O+,5,4,2024-08-30,Urgent,0.894
3962,58,O+,7,5,2023-07-20,Urgent,0.726
3963,32,O+,9,8,2023-06-20,Routine,0.837
3964,74,O+,3,2,2022-02-06,Routine,0.639
3965,5,O+,2,2,2022-04-30,Routine,0.774
3966,72,O+,8,6,2024-02-01,Urgent,0.807
3967,74,O+,8,7,2023-09-06,Routine,0.925
3968,50,O+,8,6,2024-01-10,Routine,0.724
3969,71,B+,10,8,2023-01-02,Routine,0.825
3970,77,O+,7,6,2024-05-27,Routine,0.908
3971,20,O+,7,6,2024-03-27,Urgent,0.817
3972,76,A+,4,3,2023-07-23,Urgent,0.798
3973,34,B+,2,2,2023-11-07,Urgent,0.778
3974,65,O+,10,7,2022-07-10,Routine,0.7
3975,48,O+,4,3,2024-07-02,Urgent,0.711
3976,59,O+,2,2,2024-12-05,Routine,0.764
3977,19,A+,9,6,2023-06-18,Emergency,0.688
3978,63,B+,3,3,2023-09-14,Urgent,0.934
3979,20,B+,10,8,2024-08-02,Routine,0.815
3980,15,A-,7,5,2022-11-21,Routine,0.676
3981,24,O+,4,4,2023-06-09,Urgent,0.98
3982,52,AB+,10,8,2023-09-10,Routine,0.85
3983,75,A+,5,3,2024-10-20,Routine,0.699
3984,78,B+,4,2,2022-07-13,Emergency,0.532
3985,53,O+,9,9,2023-12-12,Urgent,0.971
3986,5,A+,2,2,2024-10-04,Urgent,0.783
3987,41,O-,2,1,2024-01-06,Routine,0.458
3988,60,B+,1,1,2023-07-12,Emergency,0.846
3989,9,O+,5,4,2023-02-16,Urgent,0.784
3990,33,A+,7,6,2022-05-14,Routine,0.861
3991,49,B+,7,5,2023-01-13,Routine,0.778
3992,79,O+,8,7,2022-05-25,Urgent,0.894
3993,54,AB+,2,2,2022-06-27,Urgent,0.759
3994,12,A-,10,3,2022-07-08,Emergency,0.318
3995,40,A+,5,4,2023-02-09,Routine,0.863
3996,53,O+,10,6,2023-01-02,Routine,0.611
3997,2,O+,8,7,2022-02-19,Urgent,0.926
3998,50,O+,1,1,2023-05-22,Urgent,0.981
3999,47,B+,7,7,2022-12-25,Routine,0.951
4000,47,B+,10,8,2022-04-08,Emergency,0.778
4001,47,A+,4,3,2024-12-21,Urgent,0.636
4002,16,B+,3,2,2023-04-16,Urgent,0.641
4003,26,O+,6,6,2022-09-22,Routine,0.922
4004,61,B+,10,9,2022-04-21,Urgent,0.878
4005,68,B+,2,1,2022-10-04,Routine,0.732
4006,76,O+,4,3,2022-02-25,Routine,0.683
4007,63,A+,1,1,2022-08-01,Urgent,0.816
4008,78,B+,1,1,2023-11-10,Routine,0.997
4009,42,O+,2,2,2024-08-25,Urgent,0.907
4010,35,O+,4,3,2022-01-17,Routine,0.649
4011,77,A+,3,2,2023-08-07,Urgent,0.743
4012,15,A-,1,1,2023-05-08,Routine,0.628
4013,9,AB+,8,6,2024-01-10,Urgent,0.734
4014,25,O+,3,2,2024-03-10,Routine,0.781
4015,65,AB+,8,7,2023-07-11,Routine,0.93
4016,12,A+,2,1,2023-03-31,Routine,0.709
4017,70,O+,4,4,2024-10-27,Routine,0.908
4018,49,AB+,10,8,2023-04-23,Routine,0.837
4019,48,B+,5,4,2024-02-02,Routine,0.75
4020,22,B-,7,4,2024-07-30,Routine,0.563
4021,13,A+,3,2,2023-12-17,Routine,0.8
4022,67,O+,10,6,2023-07-22,Routine,0.642
4023,23,A+,5,4,2024-06-15,Routine,0.892
4024,54,O+,6,5,2022-04-27,Routine,0.852
4025,22,B+,10,9,2023-01-26,Routine,0.941
4026,47,O+,2,1,2022-03-06,Emergency,0.744
4027,59,O+,3,2,2024-07-24,Urgent,0.619
4028,61,O+,3,3,2024-06-08,Routine,0.94
4029,55,O+,6,4,2024-06-24,Routine,0.724
4030,15,B+,10,7,2023-03-18,Routine,0.701
4031,51,A-,2,1,2022-07-15,Routine,0.547
4032,55,A+,7,7,2024-09-01,Urgent,0.951
4033,55,O+,7,6,2024-04-29,Routine,0.878
4034,67,A+,6,4,2024-12-29,Routine,0.652
4035,13,O+,2,2,2022-12-10,Routine,0.91
4036,49,A+,3,3,2024-01-31,Routine,0.999
4037,46,A+,2,2,2024-07-26,Urgent,0.843
4038,45,A+,1,1,2022-04-24,Routine,0.682
4039,24,A+,9,6,2023-01-31,Urgent,0.71
4040,47,B+,6,4,2024-04-09,Urgent,0.681
4041,39,A+,8,6,2022-09-20,Emergency,0.743
4042,41,A+,8,6,2024-08-30,Routine,0.791
4043,26,O+,7,5,2023-06-17,Urgent,0.756
4044,4,O+,4,3,2023-10-07,Routine,0.634
4045,43,O+,9,6,2023-12-09,Routine,0.641
4046,43,AB+,7,5,2023-12-06,Emergency,0.655
4047,24,O+,3,2,2024-05-12,Routine,0.715
4048,43,O+,9,6,2022-05-20,Urgent,0.647
4049,58,B+,7,5,2023-06-18,Routine,0.737
4050,29,O+,6,6,2024-12-07,Routine,0.976
4051,70,A+,10,7,2024-06-23,Routine,0.717
4052,32,O+,9,8,2022-02-09,Routine,0.895
4053,5,B+,5,3,2024-10-16,Emergency,0.575
4054,35,AB-,2,1,2022-11-11,Routine,0.261
4055,80,O+,1,1,2022-03-08,Routine,0.688
4056,80,O+,2,2,2024-04-10,Routine,0.84
4057,45,B+,4,3,2024-09-30,Urgent,0.713
4058,80,A+,6,6,2023-05-15,Routine,0.999
4059,7,B+,2,1,2023-08-09,Routine,0.737
4060,49,O-,6,4,2024-02-08,Emergency,0.645
4061,28,O+,8,6,2022-10-05,Routine,0.708
4062,32,B+,5,4,2024-11-26,Urgent,0.887
4063,46,B+,10,10,2022-01-29,Routine,0.974
4064,28,B+,1,1,2024-04-19,Emergency,0.651
4065,64,B+,2,1,2024-11-07,Urgent,0.735
4066,55,A+,7,7,2024-07-25,Routine,0.936
4067,54,A+,6,5,2022-10-06,Routine,0.911
4068,41,O+,3,2,2023-10-30,Emergency,0.581
4069,45,O+,10,9,2022-01-17,Urgent,0.948
4070,50,O-,8,3,2023-03-14,Urgent,0.436
4071,68,O+,1,1,2023-12-17,Routine,0.752
4072,51,B-,8,3,2024-11-14,Routine,0.359
4073,46,B+,7,5,2022-06-21,Urgent,0.761
4074,19,B+,2,2,2023-08-22,Urgent,0.961
4075,37,O+,2,1,2023-05-08,Routine,0.664
4076,78,B+,8,7,2023-02-05,Urgent,0.838
4077,35,O+,2,2,2024-03-12,Urgent,0.966
4078,65,A+,1,1,2024-08-21,Emergency,0.576
4079,74,A+,1,1,2024-01-25,Routine,0.649
4080,50,O+,8,8,2024-02-05,Routine,0.982
4081,21,A+,1,1,2023-03-30,Routine,0.633
4082,23,B+,10,7,2023-05-18,Urgent,0.691
4083,7,O+,9,7,2022-05-19,Urgent,0.743
4084,3,O+,8,7,2024-10-01,Urgent,0.922
4085,78,B+,9,7,2024-09-18,Urgent,0.803
4086,67,A-,4,3,2022-10-12,Routine,0.672
4087,17,B+,5,4,2024-10-27,Urgent,0.774
4088,35,B+,4,4,2022-03-21,Urgent,0.952
4089,24,AB+,4,4,2022-09-16,Routine,0.987
4090,57,O+,5,3,2024-01-18,Emergency,0.6
4091,41,B+,9,5,2022-12-11,Emergency,0.51
4092,75,O+,5,5,2024-07-20,Urgent,0.918
4093,2,A-,8,3,2022-08-15,Routine,0.434
4094,47,O+,1,1,2022-11-04,Emergency,0.966
4095,50,AB+,2,2,2023-10-10,Urgent,0.917
4096,9,A+,1,1,2024-02-17,Emergency,0.571
4097,61,B+,5,5,2022-02-17,Urgent,0.929
4098,76,O-,2,1,2024-01-24,Emergency,0.385
4099,11,O+,6,4,2024-10-08,Urgent,0.685
4100,34,A+,7,7,2024-11-28,Routine,0.966
4101,11,AB+,2,2,2024-01-04,Routine,0.936
4102,40,B+,3,3,2023-06-02,Routine,0.932
4103,15,A+,1,1,2022-03-27,Routine,0.82
4104,47,A+,5,4,2024-06-12,Routine,0.779
4105,60,A-,2,1,2022-07-02,Routine,0.446
4106,1,A+,7,6,2022-11-13,Urgent,0.831
4107,11,O+,1,1,2024-09-15,Emergency,0.672
4108,20,A+,6,4,2022-10-13,Urgent,0.683
4109,66,O+,8,7,2022-09-17,Urgent,0.893
4110,21,O+,3,3,2024-03-02,Routine,0.897
4111,59,B+,9,8,2023-09-28,Routine,0.875
4112,68,A+,7,7,2023-11-25,Routine,0.961
4113,51,AB+,10,8,2024-08-09,Emergency,0.813
4114,70,A-,10,6,2022-08-27,Routine,0.617
4115,77,A+,7,6,2022-10-27,Urgent,0.887
4116,43,O+,2,1,2024-04-11,Urgent,0.668
4117,47,O+,1,1,2024-09-21,Urgent,0.743
4118,6,A+,7,6,2024-04-04,Urgent,0.803
4119,74,B+,8,8,2022-07-11,Routine,0.941
4120,29,O+,10,9,2022-12-29,Urgent,0.896
4121,29,O+,9,8,2024-06-09,Urgent,0.86
4122,19,B+,9,6,2024-11-06,Urgent,0.683
4123,19,A+,10,8,2022-01-26,Urgent,0.81
4124,27,O+,1,1,2023-09-05,Urgent,1.0
4125,79,O+,5,4,2024-05-15,Routine,0.775
4126,19,A+,10,6,2024-03-09,Emergency,0.586
4127,34,B+,8,5,2024-11-02,Routine,0.677
4128,38,A+,5,4,2023-07-16,Urgent,0.809
4129,19,O+,4,3,2023-03-17,Routine,0.666
4130,1,A+,4,3,2023-02-04,Routine,0.794
4131,49,A+,1,1,2022-04-26,Routine,0.887
4132,53,O+,6,4,2024-10-24,Routine,0.732
4133,33,O+,8,5,2024-05-12,Urgent,0.63
4134,64,B+,9,8,2022-04-21,Emergency,0.885
4135,28,A+,7,4,2024-07-18,Routine,0.612
4136,80,O+,6,4,2022-07-25,Routine,0.624
4137,11,B+,8,5,2023-12-09,Urgent,0.62
4138,18,A+,10,9,2022-03-07,Urgent,0.921
4139,59,B-,3,2,2022-06-16,Emergency,0.572
4140,17,A+,5,3,2023-05-14,Routine,0.654
4141,50,O+,10,8,2022-03-14,Routine,0.829
4142,47,O+,4,4,2023-12-05,Routine,0.896
4143,25,B+,7,4,2024-12-18,Routine,0.622
4144,18,B+,6,5,2022-01-10,Urgent,0.835
4145,56,O+,6,6,2024-07-24,Urgent,0.938
4146,23,A+,1,1,2022-07-03,Routine,0.958
4147,19,A+,8,5,2022-04-13,Routine,0.663
4148,74,O+,8,6,2024-01-04,Urgent,0.7
4149,57,O+,1,1,2024-07-29,Urgent,0.867
4150,68,O+,6,4,2023-05-09,Routine,0.601
4151,18,AB+,2,2,2023-05-27,Routine,0.77
4152,52,B-,4,1,2024-06-12,Urgent,0.233
4153,49,O+,10,10,2023-01-24,Routine,0.954
4154,65,B+,2,2,2022-09-12,Emergency,0.819
4155,36,A+,5,4,2023-06-29,Urgent,0.866
4156,25,A+,3,2,2024-06-21,Emergency,0.813
4157,51,B+,7,7,2023-04-10,Emergency,0.994
4158,14,O+,10,7,2024-03-15,Routine,0.657
4159,45,B+,6,6,2023-04-14,Urgent,0.996
4160,20,O+,5,3,2023-03-03,Routine,0.618
4161,63,O+,2,2,2022-01-27,Urgent,0.955
4162,6,A+,10,7,2024-07-03,Urgent,0.686
4163,59,O+,3,3,2024-03-14,Routine,0.911
4164,69,O+,8,6,2024-05-09,Routine,0.702
4165,50,O+,3,2,2022-04-21,Routine,0.701
4166,27,O+,1,1,2022-01-16,Urgent,0.905
4167,27,O+,3,3,2023-05-29,Routine,0.986
4168,72,A+,9,7,2023-05-12,Routine,0.791
4169,61,B-,10,5,2023-06-08,Routine,0.454
4170,74,B+,5,4,2022-12-20,Urgent,0.706
4171,23,A+,8,8,2022-04-10,Routine,0.989
4172,47,A+,9,6,2024-09-03,Urgent,0.648
4173,40,O+,9,7,2022-07-02,Urgent,0.723
4174,69,O+,6,5,2022-12-30,Urgent,0.817
4175,72,B+,9,6,2022-02-06,Urgent,0.656
4176,63,B+,6,5,2024-04-14,Urgent,0.864
4177,70,A+,5,4,2022-01-31,Urgent,0.828
4178,15,O+,3,2,2024-10-31,Routine,0.606
4179,26,O+,5,5,2022-11-28,Routine,0.965
4180,4,A-,2,1,2022-10-03,Routine,0.525
4181,33,O+,1,1,2023-05-02,Urgent,0.713
4182,15,O+,8,5,2022-09-26,Routine,0.642
4183,62,A+,9,9,2022-11-27,Routine,0.978
4184,24,A+,1,1,2022-01-05,Urgent,0.911
4185,56,O+,3,2,2023-05-07,Routine,0.62
4186,73,O+,5,5,2022-03-29,Routine,0.906
4187,11,A-,10,3,2022-11-20,Routine,0.258
4188,60,AB-,8,3,2022-09-22,Urgent,0.327
4189,48,AB+,6,4,2023-04-15,Routine,0.733
4190,12,O+,2,1,2023-06-03,Emergency,0.659
4191,70,O-,7,4,2022-06-21,Emergency,0.576
4192,68,O+,1,1,2023-04-04,Routine,0.618
4193,73,O+,9,7,2022-04-24,Emergency,0.771
4194,4,AB+,7,7,2023-03-21,Routine,0.977
4195,20,B+,7,4,2022-10-18,Urgent,0.636
4196,51,O+,6,5,2022-11-16,Urgent,0.773
4197,71,A+,10,10,2024-10-08,Emergency,0.977
4198,17,O+,1,1,2022-04-03,Urgent,0.813
4199,38,A+,6,4,2023-10-08,Emergency,0.588
4200,77,B+,9,8,2022-07-12,Routine,0.838
4201,4,B+,3,3,2022-12-31,Routine,0.885
4202,75,B+,8,6,2024-12-11,Urgent,0.701
4203,20,B+,8,5,2023-11-27,Routine,0.658
4204,20,A+,4,3,2024-02-29,Routine,0.632
4205,14,A+,5,4,2022-05-30,Urgent,0.865
4206,65,A+,6,4,2024-01-21,Routine,0.696
4207,47,A+,5,3,2024-10-27,Urgent,0.618
4208,17,O-,2,1,2024-02-05,Urgent,0.296
4209,62,O+,7,7,2024-01-25,Emergency,0.968
4210,79,O+,8,5,2022-12-13,Routine,0.653
4211,77,O+,9,6,2022-10-21,Urgent,0.662
4212,61,O+,2,1,2024-07-19,Routine,0.622
4213,64,A+,3,2,2022-10-01,Routine,0.653
4214,21,A+,4,4,2022-10-21,Routine,0.962
4215,79,B+,5,4,2023-07-17,Routine,0.764
4216,50,O+,8,7,2022-08-22,Routine,0.824
4217,80,A-,7,3,2022-12-15,Routine,0.402
4218,37,A+,6,6,2024-02-18,Urgent,0.941
4219,47,O+,8,7,2024-06-09,Routine,0.862
4220,55,O+,2,1,2024-10-14,Urgent,0.628
4221,4,O+,2,1,2023-11-28,Urgent,0.609
4222,52,A+,9,6,2022-11-21,Urgent,0.648
4223,13,O+,9,6,2024-09-08,Emergency,0.644
4224,14,A+,8,5,2024-03-24,Routine,0.636
4225,51,O+,10,6,2024-04-18,Urgent,0.608
4226,15,A+,10,8,2024-07-30,Routine,0.774
4227,13,B+,4,3,2023-09-12,Routine,0.854
4228,60,O+,4,3,2023-04-21,Urgent,0.633
4229,37,O+,6,4,2024-05-04,Routine,0.728
4230,56,AB+,7,7,2023-06-28,Urgent,0.976
4231,61,AB+,10,9,2022-05-27,Routine,0.881
4232,5,A+,5,4,2024-07-28,Routine,0.847
4233,72,O+,6,5,2022-12-26,Emergency,0.854
4234,75,O+,6,4,2024-09-01,Emergency,0.641
4235,25,B+,6,5,2024-02-02,Urgent,0.832
4236,11,O+,5,4,2022-12-23,Urgent,0.768
4237,23,B+,6,5,2023-01-17,Routine,0.864
4238,17,O+,5,4,2024-08-19,Routine,0.857
4239,42,B+,2,1,2023-04-19,Emergency,0.712
4240,65,A+,10,7,2023-05-13,Routine,0.739
4241,43,O+,4,3,2022-06-11,Urgent,0.691
4242,8,B+,7,7,2024-08-14,Urgent,0.939
4243,28,O-,5,3,2022-10-12,Routine,0.576
4244,8,O+,7,4,2023-07-05,Routine,0.627
4245,23,O-,9,4,2023-10-06,Routine,0.448
4246,59,A+,8,6,2022-08-04,Routine,0.731
4247,6,A+,1,1,2023-09-07,Routine,0.737
4248,75,B+,4,3,2024-08-10,Routine,0.716
4249,48,B+,8,7,2023-10-29,Urgent,0.858
4250,11,A+,1,1,2024-05-03,Routine,0.625
4251,36,O+,1,1,2024-06-10,Emergency,0.892
4252,63,O+,5,3,2024-01-18,Emergency,0.673
4253,28,A+,10,10,2022-02-17,Urgent,0.957
4254,74,AB+,4,4,2022-03-26,Routine,0.941
4255,11,A+,6,6,2022-05-30,Routine,0.949
4256,17,AB+,4,3,2023-07-14,Routine,0.646
4257,79,A+,1,1,2024-12-09,Routine,0.717
4258,9,B+,10,7,2022-03-25,Routine,0.7
4259,19,B+,6,5,2023-08-29,Routine,0.827
4260,11,AB+,2,2,2024-05-12,Routine,0.757
4261,61,A+,7,7,2023-01-08,Urgent,0.967
4262,32,B+,8,7,2022-09-20,Emergency,0.87
4263,15,O+,9,7,2022-07-25,Routine,0.763
4264,66,O-,2,1,2024-08-15,Routine,0.316
4265,31,O-,2,1,2024-11-02,Urgent,0.458
4266,66,B-,9,3,2024-08-31,Routine,0.286
4267,31,B+,7,5,2022-04-29,Urgent,0.78
4268,62,O+,4,4,2022-09-29,Routine,0.879
4269,40,A+,1,1,2024-07-02,Emergency,0.954
4270,45,A+,4,3,2023-01-04,Emergency,0.742
4271,45,A+,9,5,2022-04-22,Routine,0.604
4272,79,A+,8,7,2022-01-09,Emergency,0.919
4273,8,O+,1,1,2024-08-02,Urgent,0.851
4274,77,B+,10,9,2022-07-04,Emergency,0.941
4275,33,B+,6,5,2024-01-03,Urgent,0.821
4276,63,O+,6,5,2023-11-20,Routine,0.786
4277,14,B+,2,1,2022-07-31,Routine,0.673
4278,3,AB+,5,4,2022-12-25,Routine,0.872
4279,15,O+,9,7,2022-07-16,Urgent,0.765
4280,76,B+,10,8,2022-08-26,Urgent,0.763
4281,44,B+,7,5,2023-05-08,Urgent,0.775
4282,22,A+,6,6,2024-09-17,Routine,0.94
4283,22,O+,9,7,2024-08-15,Routine,0.738
4284,53,O+,4,4,2024-09-13,Urgent,1.0
4285,39,A+,10,6,2022-09-09,Routine,0.65
4286,67,A-,10,5,2022-09-08,Urgent,0.547
4287,64,B+,2,1,2024-10-16,Urgent,0.727
4288,48,A-,2,1,2024-07-25,Emergency,0.326
4289,3,B+,8,5,2022-01-09,Routine,0.618
4290,64,A+,9,6,2023-11-13,Routine,0.645
4291,33,A+,3,3,2024-04-25,Urgent,0.892
4292,32,O+,9,6,2022-07-05,Urgent,0.687
4293,4,O+,5,4,2024-08-23,Urgent,0.865
4294,69,B+,1,1,2022-05-09,Urgent,0.933
4295,65,A+,5,5,2023-08-16,Routine,0.945
4296,38,B+,2,2,2024-09-12,Urgent,0.912
4297,56,B+,9,8,2024-12-07,Emergency,0.909
4298,12,A+,9,7,2024-11-29,Routine,0.764
4299,6,B+,1,1,2024-06-22,Routine,0.615
4300,5,A+,5,3,2022-06-06,Urgent,0.642
4301,59,A+,6,5,2024-02-25,Routine,0.774
4302,49,B+,9,8,2022-01-06,Routine,0.908
4303,36,O+,10,6,2022-07-02,Routine,0.621
4304,20,O+,1,1,2022-11-24,Emergency,0.756
4305,19,A+,8,8,2022-06-09,Urgent,0.969
4306,8,O+,5,4,2023-08-04,Urgent,0.714
4307,56,A+,8,6,2022-07-20,Emergency,0.696
4308,32,B+,6,4,2024-10-02,Urgent,0.627
4309,42,A+,8,7,2024-07-18,Routine,0.887
4310,20,B+,7,7,2022-01-09,Routine,0.93
4311,40,O+,9,8,2024-03-30,Routine,0.922
4312,53,AB+,1,1,2023-05-31,Routine,0.72
4313,37,O+,10,9,2023-06-25,Routine,0.855
4314,50,O+,9,6,2022-10-31,Urgent,0.675
4315,52,O+,3,3,2023-09-04,Routine,0.943
4316,25,O+,2,1,2023-06-20,Routine,0.674
4317,76,O+,5,5,2023-11-24,Routine,0.942
4318,50,O+,8,7,2022-03-08,Urgent,0.858
4319,31,O+,1,1,2023-11-02,Routine,0.938
4320,16,A+,5,4,2022-09-16,Routine,0.706
4321,59,O+,2,2,2022-04-03,Urgent,0.913
4322,68,A+,3,2,2022-12-15,Routine,0.827
4323,14,A+,4,3,2023-01-20,Routine,0.82
4324,29,O+,9,6,2022-04-24,Urgent,0.638
4325,30,B+,10,6,2022-12-16,Urgent,0.602
4326,65,B+,6,6,2024-05-26,Emergency,0.978
4327,33,B+,5,5,2023-08-28,Urgent,0.95
4328,56,AB+,7,6,2022-07-03,Urgent,0.868
4329,63,AB+,5,4,2023-05-10,Routine,0.812
4330,19,O+,1,1,2023-06-08,Urgent,0.74
4331,23,O+,8,7,2023-08-12,Urgent,0.843
4332,12,O+,10,7,2023-12-19,Routine,0.696
4333,1,O+,3,2,2022-10-28,Urgent,0.737
4334,49,B+,8,5,2023-05-16,Routine,0.667
4335,62,B+,7,5,2022-02-20,Emergency,0.762
4336,70,A+,10,7,2023-02-06,Routine,0.742
4337,24,B+,10,9,2022-04-21,Emergency,0.913
4338,26,A+,10,9,2024-03-27,Routine,0.939
4339,74,A+,10,7,2024-11-04,Routine,0.666
4340,75,A+,4,4,2024-09-10,Urgent,0.937
4341,68,O+,7,6,2022-05-12,Routine,0.858
4342,45,O+,6,5,2022-03-02,Routine,0.82
4343,46,AB+,7,6,2023-10-12,Routine,0.904
4344,75,B-,1,0,2024-11-08,Routine,0.377
4345,61,O+,10,6,2022-05-08,Urgent,0.603
4346,75,B+,5,3,2023-06-30,Routine,0.654
4347,43,O+,2,2,2022-12-24,Urgent,0.985
4348,22,A+,1,1,2022-03-08,Urgent,0.938
4349,52,AB+,9,9,2023-03-13,Routine,0.987
4350,30,O+,7,6,2022-08-10,Routine,0.859
4351,46,O+,8,6,2022-11-29,Routine,0.763
4352,45,O+,7,7,2024-02-21,Urgent,0.957
4353,53,A+,8,7,2022-05-08,Routine,0.866
4354,63,A+,1,1,2024-01-10,Routine,0.802
4355,37,O+,5,4,2024-09-30,Routine,0.835
4356,31,O+,7,6,2024-11-20,Emergency,0.855
4357,24,AB+,8,7,2023-04-07,Urgent,0.928
4358,7,O+,10,6,2024-07-20,Urgent,0.638
4359,48,O+,8,6,2024-02-14,Routine,0.764
4360,18,O-,10,7,2022-10-09,Routine,0.66
4361,60,O+,7,5,2024-02-19,Emergency,0.648
4362,67,O+,1,1,2024-09-28,Routine,0.708
4363,58,A+,3,3,2023-04-19,Routine,0.991
4364,46,O+,9,9,2023-01-05,Urgent,0.998
4365,5,O+,7,6,2024-05-01,Emergency,0.909
4366,66,O+,8,7,2023-01-07,Routine,0.852
4367,69,A+,9,6,2023-10-08,Urgent,0.661
4368,48,O+,4,3,2024-06-01,Routine,0.633
4369,53,B+,6,4,2024-09-23,Routine,0.652
4370,73,A+,10,6,2022-05-28,Urgent,0.627
4371,38,B+,5,4,2024-09-19,Emergency,0.701
4372,58,B+,2,2,2023-04-29,Routine,0.76
4373,25,A+,7,6,2023-12-17,Routine,0.794
4374,53,B+,7,5,2022-11-08,Routine,0.689
4375,19,O+,9,8,2023-06-25,Routine,0.841
4376,24,A+,7,5,2024-03-22,Urgent,0.754
4377,23,A+,2,1,2023-06-11,Urgent,0.689
4378,24,O+,7,6,2022-12-20,Routine,0.833
4379,32,O+,7,7,2024-01-23,Routine,0.929
4380,39,A+,6,5,2022-03-13,Urgent,0.861
4381,55,O+,10,9,2023-11-09,Urgent,0.863
4382,13,O+,2,2,2022-05-29,Emergency,0.975
4383,35,A+,9,6,2023-09-24,Urgent,0.715
4384,78,O+,1,1,2023-02-22,Emergency,0.644
4385,55,A+,3,3,2022-07-20,Emergency,0.98
4386,21,O+,9,7,2024-09-16,Urgent,0.811
4387,53,B+,4,3,2022-11-27,Routine,0.866
4388,42,O+,2,1,2024-06-09,Emergency,0.594
4389,58,A+,8,6,2022-09-30,Routine,0.785
4390,40,AB+,3,2,2024-03-23,Routine,0.719
4391,5,A+,1,1,2022-07-06,Urgent,0.8
4392,31,O+,2,2,2023-06-26,Routine,0.867
4393,47,B+,4,4,2022-01-28,Urgent,0.917
4394,19,O+,2,1,2023-06-28,Urgent,0.6
4395,19,AB+,2,1,2023-01-03,Emergency,0.619
4396,28,O+,6,6,2023-03-10,Routine,0.994
4397,51,AB+,10,6,2023-02-10,Routine,0.601
4398,45,A+,3,2,2022-09-30,Urgent,0.817
4399,59,AB+,5,5,2022-12-29,Urgent,0.955
4400,71,O+,2,1,2022-08-04,Routine,0.67
4401,46,A-,5,2,2022-02-10,Routine,0.489
4402,66,O+,2,2,2023-09-14,Urgent,0.876
4403,43,B+,9,6,2024-05-29,Emergency,0.617
4404,16,B+,7,5,2023-09-25,Emergency,0.779
4405,45,O-,4,2,2023-06-02,Urgent,0.432
4406,40,B+,5,3,2022-04-10,Routine,0.649
4407,20,O+,3,2,2024-03-17,Emergency,0.632
4408,56,O+,1,1,2023-02-27,Emergency,0.806
4409,71,A+,1,1,2022-04-07,Urgent,0.974
4410,31,B+,8,7,2022-02-25,Urgent,0.901
4411,33,B+,4,3,2023-03-12,Routine,0.647
4412,2,A+,4,3,2024-06-25,Routine,0.782
4413,37,A+,9,5,2022-12-03,Urgent,0.607
4414,55,A+,7,5,2022-07-26,Routine,0.685
4415,27,A+,8,7,2023-12-19,Urgent,0.817
4416,46,AB+,7,4,2023-10-11,Emergency,0.601
4417,39,B+,10,6,2022-06-08,Emergency,0.595
4418,62,B+,7,4,2024-02-17,Routine,0.611
4419,43,A+,9,8,2022-04-11,Routine,0.858
4420,9,AB+,9,7,2022-10-27,Urgent,0.781
4421,59,A+,7,5,2022-05-19,Routine,0.706
4422,62,O+,10,7,2024-10-13,Routine,0.733
4423,23,A+,2,2,2023-08-12,Routine,0.951
4424,42,O+,3,2,2023-06-21,Urgent,0.694
4425,53,B+,3,2,2024-01-31,Emergency,0.708
4426,60,O-,8,2,2022-12-06,Routine,0.206
4427,20,O+,5,3,2022-02-14,Routine,0.694
4428,15,O+,6,6,2023-09-30,Urgent,0.961
4429,33,O+,7,6,2023-04-09,Routine,0.892
4430,2,O+,1,1,2022-02-02,Emergency,0.561
4431,25,B+,7,5,2022-11-09,Urgent,0.662
4432,37,O+,4,4,2022-12-07,Routine,0.999
4433,15,O+,2,1,2024-10-12,Routine,0.641
4434,29,A+,4,3,2022-09-27,Routine,0.838
4435,71,B+,6,6,2022-08-04,Routine,0.971
4436,3,O+,2,2,2023-01-30,Urgent,0.907
4437,8,A+,9,5,2024-07-28,Emergency,0.557
4438,9,O+,9,8,2024-05-31,Urgent,0.894
4439,62,B+,3,3,2022-06-26,Routine,0.926
4440,26,B+,3,3,2022-06-13,Emergency,0.853
4441,16,A+,9,6,2024-04-02,Urgent,0.648
4442,80,O+,8,6,2022-10-04,Routine,0.721
4443,6,B+,7,5,2023-03-09,Urgent,0.646
4444,52,O+,1,1,2024-09-02,Urgent,0.882
4445,25,O+,7,5,2022-10-01,Routine,0.774
4446,28,B+,4,4,2023-12-04,Urgent,0.992
4447,37,O+,10,9,2023-09-14,Routine,0.926
4448,2,O+,9,8,2022-04-09,Urgent,0.942
4449,78,B+,2,2,2023-01-12,Emergency,0.959
4450,10,O+,8,7,2022-11-03,Routine,0.935
4451,34,B+,9,6,2022-11-14,Routine,0.616
4452,3,B+,2,2,2024-05-01,Emergency,0.786
4453,64,A-,10,7,2023-04-27,Routine,0.658
4454,67,A+,1,1,2022-08-18,Routine,0.774
4455,36,B+,9,8,2023-04-07,Urgent,0.898
4456,26,O+,8,7,2024-01-05,Routine,0.855
4457,5,B-,2,1,2024-04-07,Routine,0.501
4458,43,AB+,10,10,2023-05-16,Urgent,0.986
4459,59,B+,8,6,2023-01-26,Routine,0.788
4460,10,O+,10,7,2022-01-21,Routine,0.656
4461,63,AB+,8,4,2022-12-09,Emergency,0.552
4462,39,AB-,4,3,2022-11-27,Routine,0.651
4463,51,A+,2,2,2023-02-01,Routine,0.809
4464,45,O+,3,2,2023-12-19,Routine,0.614
4465,42,O+,1,1,2023-03-10,Routine,0.879
4466,79,A+,6,6,2023-01-28,Routine,0.956
4467,63,O+,7,5,2024-02-15,Urgent,0.723
4468,36,B+,7,7,2022-09-09,Urgent,0.935
4469,69,A+,2,1,2024-06-24,Urgent,0.734
4470,1,B+,3,3,2022-01-29,Emergency,0.938
4471,33,AB+,7,5,2022-09-10,Urgent,0.665
4472,40,A+,5,4,2023-03-17,Routine,0.784
4473,11,A+,3,3,2022-11-06,Emergency,0.892
4474,12,O+,8,6,2023-02-15,Routine,0.749
4475,37,O+,8,6,2022-06-01,Urgent,0.726
4476,43,A+,2,2,2024-04-20,Routine,0.953
4477,13,AB+,2,2,2022-06-20,Routine,0.823
4478,53,A+,8,8,2023-07-29,Emergency,0.994
4479,11,O-,7,4,2024-05-04,Routine,0.634
4480,49,O+,1,1,2024-11-03,Urgent,0.722
4481,30,B+,6,4,2024-03-18,Routine,0.719
4482,27,A+,2,2,2022-11-01,Routine,0.807
4483,24,A+,3,3,2024-02-23,Routine,0.845
4484,34,AB+,5,4,2022-07-30,Routine,0.838
4485,25,A+,3,3,2022-11-15,Routine,0.884
4486,77,O+,10,8,2023-07-21,Routine,0.832
4487,75,O+,10,8,2022-11-10,Routine,0.755
4488,77,A+,7,4,2024-03-13,Routine,0.643
4489,43,O+,8,8,2024-09-19,Routine,0.986
4490,45,O+,10,6,2022-08-17,Routine,0.649
4491,11,A+,4,3,2024-10-07,Routine,0.793
4492,51,A+,6,6,2023-05-17,Routine,0.998
4493,6,AB+,1,1,2022-01-29,Urgent,0.883
4494,5,O+,7,5,2022-07-10,Urgent,0.744
4495,42,A+,10,8,2023-10-09,Emergency,0.783
4496,80,A+,10,10,2024-05-05,Urgent,0.969
4497,68,O-,6,4,2024-07-16,Urgent,0.601
4498,3,A+,2,2,2022-03-04,Routine,0.78
4499,53,AB+,9,8,2023-03-16,Routine,0.938
4500,55,A+,1,1,2023-06-04,Routine,0.682
4501,19,A+,7,4,2024-09-27,Urgent,0.631
4502,41,B+,10,8,2023-03-01,Urgent,0.769
4503,77,O+,8,5,2023-04-24,Routine,0.623
4504,41,O+,8,7,2022-12-11,Routine,0.929
4505,23,B+,3,3,2023-12-14,Routine,0.91
4506,50,A+,4,3,2024-01-28,Routine,0.695
4507,4,B+,7,5,2023-12-05,Routine,0.71
4508,29,A+,2,2,2022-10-07,Urgent,0.862
4509,58,O+,2,2,2023-07-12,Urgent,0.816
4510,8,B+,3,2,2023-10-07,Routine,0.832
4511,41,O+,5,5,2022-04-23,Routine,0.907
4512,61,O+,8,6,2023-06-18,Routine,0.719
4513,43,A+,4,3,2023-07-16,Routine,0.853
4514,49,B+,4,2,2023-09-14,Urgent,0.6
4515,2,A+,7,4,2023-11-29,Routine,0.605
4516,55,B+,8,7,2024-04-10,Routine,0.823
4517,66,A+,3,2,2023-11-20,Urgent,0.738
4518,42,O+,3,3,2022-10-01,Urgent,0.904
4519,76,B+,3,2,2022-07-25,Routine,0.771
4520,56,B+,3,3,2024-04-18,Urgent,0.925
4521,34,A+,9,8,2023-02-01,Urgent,0.919
4522,63,B+,1,1,2022-09-20,Urgent,0.953
4523,50,O+,2,1,2023-06-15,Routine,0.696
4524,29,A+,3,2,2022-11-22,Routine,0.733
4525,17,A+,9,9,2024-12-08,Urgent,0.95
4526,25,A+,4,3,2024-08-30,Routine,0.729
4527,80,A+,1,1,2022-08-09,Urgent,0.656
4528,36,AB+,9,6,2022-11-07,Urgent,0.659
4529,41,B+,4,3,2023-01-14,Emergency,0.81
4530,41,A+,7,6,2024-01-29,Routine,0.826
4531,30,A+,2,1,2023-04-13,Routine,0.708
4532,51,B+,7,5,2024-09-08,Emergency,0.746
4533,11,O+,4,3,2024-08-02,Routine,0.692
4534,70,O-,5,1,2023-01-06,Urgent,0.241
4535,73,O+,5,4,2022-08-02,Urgent,0.737
4536,67,B+,4,2,2024-04-19,Routine,0.618
4537,57,O+,10,8,2022-09-11,Urgent,0.765
4538,54,O+,3,2,2023-08-10,Urgent,0.698
4539,74,O+,1,1,2024-08-06,Routine,0.96
4540,35,A+,4,3,2023-06-13,Urgent,0.743
4541,79,A+,9,8,2024-01-29,Routine,0.853
4542,57,A+,9,6,2022-04-06,Routine,0.694
4543,48,A+,5,5,2023-06-17,Emergency,0.95
4544,56,AB+,7,6,2023-06-06,Emergency,0.899
4545,41,O-,5,3,2022-09-04,Urgent,0.686
4546,8,O+,7,6,2022-04-30,Urgent,0.908
4547,59,A+,8,8,2023-05-21,Routine,0.964
4548,42,A+,4,4,2024-07-23,Routine,0.916
4549,27,A+,5,3,2024-10-14,Urgent,0.61
4550,49,A+,7,6,2022-05-21,Emergency,0.864
4551,38,O+,6,5,2023-04-16,Emergency,0.804
4552,30,B+,5,5,2023-04-26,Routine,0.9
4553,75,A+,7,6,2022-06-27,Routine,0.826
4554,25,A+,8,5,2024-09-14,Routine,0.656
4555,11,A+,4,3,2022-05-31,Urgent,0.823
4556,67,B+,6,3,2022-06-14,Emergency,0.567
4557,58,A+,5,5,2024-01-20,Urgent,0.957
4558,8,O+,5,4,2022-07-14,Urgent,0.718
4559,63,B+,3,2,2024-04-10,Urgent,0.731
4560,37,A+,5,3,2023-01-09,Routine,0.609
4561,72,A+,5,4,2022-02-26,Routine,0.794
4562,27,B-,2,1,2024-08-26,Emergency,0.656
4563,47,AB+,9,6,2023-11-09,Routine,0.705
4564,44,O+,10,7,2023-09-09,Urgent,0.708
4565,75,A+,6,6,2024-12-27,Routine,0.994
4566,34,O+,10,7,2023-02-17,Urgent,0.653
4567,75,B+,3,2,2023-03-24,Urgent,0.652
4568,53,AB+,8,6,2023-06-18,Routine,0.76
4569,5,A+,8,7,2023-02-09,Routine,0.878
4570,34,B+,6,4,2022-03-28,Urgent,0.645
4571,75,B+,8,7,2023-12-16,Routine,0.91
4572,14,B+,6,6,2023-01-25,Urgent,0.953
4573,45,O+,9,6,2022-08-17,Routine,0.638
4574,51,O+,4,4,2022-03-26,Urgent,0.907
4575,48,O+,5,5,2024-07-10,Routine,0.97
4576,49,O+,2,1,2023-12-26,Urgent,0.67
4577,10,A+,2,2,2022-10-24,Routine,0.996
4578,78,O+,3,2,2023-12-02,Routine,0.829
4579,10,A+,1,1,2024-10-02,Routine,0.985
4580,27,B+,7,4,2023-02-04,Urgent,0.605
4581,40,A+,4,3,2024-06-19,Emergency,0.751
4582,57,A+,7,6,2022-05-28,Routine,0.826
4583,48,AB+,9,7,2023-12-04,Routine,0.731
4584,61,O+,3,3,2022-11-17,Routine,0.891
4585,52,AB+,8,6,2023-07-09,Routine,0.789
4586,15,A+,4,3,2024-03-21,Urgent,0.692
4587,26,B+,2,1,2024-06-18,Urgent,0.715
4588,75,O+,2,2,2023-01-14,Routine,0.801
4589,56,B+,6,4,2023-07-31,Routine,0.62
4590,65,B+,8,5,2024-05-17,Urgent,0.636
4591,32,O+,2,2,2024-09-25,Routine,0.991
4592,21,AB+,4,3,2022-03-12,Routine,0.751
4593,45,B+,5,5,2022-05-24,Routine,0.924
4594,49,O+,6,5,2023-07-25,Routine,0.833
4595,14,A+,9,8,2023-06-17,Routine,0.848
4596,35,O+,2,2,2023-10-16,Routine,0.898
4597,10,O+,2,2,2023-11-10,Routine,0.923
4598,78,O+,3,2,2024-05-09,Emergency,0.785
4599,38,O+,7,4,2023-08-21,Emergency,0.635
4600,61,B+,3,2,2024-07-31,Routine,0.661
4601,75,O+,5,5,2023-05-07,Urgent,0.927
4602,58,AB+,6,4,2023-07-28,Urgent,0.662
4603,62,AB+,2,1,2022-05-22,Urgent,0.701
4604,66,O-,10,3,2022-05-19,Routine,0.268
4605,64,A+,9,9,2022-07-09,Urgent,0.979
4606,3,O+,4,2,2022-07-13,Urgent,0.617
4607,76,O+,4,3,2024-09-26,Routine,0.825
4608,48,O+,6,6,2024-01-19,Urgent,0.992
4609,34,A+,6,6,2022-11-05,Routine,0.918
4610,15,B+,4,3,2023-10-09,Urgent,0.847
4611,11,O+,10,8,2024-01-07,Urgent,0.78
4612,34,O-,1,1,2022-03-10,Emergency,0.665
4613,14,A+,7,6,2024-09-06,Urgent,0.787
4614,40,A+,8,7,2023-05-13,Routine,0.868
4615,60,A+,1,1,2022-10-21,Routine,0.768
4616,44,O+,1,1,2023-05-30,Emergency,0.807
4617,44,O+,1,1,2023-08-09,Routine,0.602
4618,21,O-,9,4,2023-01-09,Urgent,0.425
4619,65,O+,7,6,2024-09-19,Urgent,0.787
4620,77,B+,5,4,2022-04-20,Urgent,0.826
4621,33,B+,9,6,2024-05-28,Emergency,0.701
4622,37,A+,3,2,2023-01-05,Urgent,0.783
4623,75,B+,2,1,2024-04-21,Urgent,0.669
4624,76,A+,9,7,2023-03-23,Urgent,0.785
4625,16,A+,4,3,2023-03-28,Routine,0.692
4626,36,A-,2,1,2023-12-25,Routine,0.383
4627,80,A+,2,2,2023-06-24,Routine,0.916
4628,65,O+,9,8,2022-02-13,Urgent,0.871
4629,19,A-,4,2,2024-09-19,Urgent,0.563
4630,43,O+,7,7,2024-07-19,Routine,0.968
4631,42,B+,8,7,2022-07-12,Urgent,0.837
4632,79,O+,5,4,2023-06-26,Emergency,0.742
4633,23,O+,4,3,2022-07-27,Urgent,0.837
4634,15,A+,1,1,2022-12-08,Routine,0.933
4635,51,B+,3,2,2023-06-06,Routine,0.745
4636,54,O+,4,3,2024-07-16,Urgent,0.724
4637,63,O-,3,1,2023-11-16,Urgent,0.237
4638,77,A-,1,0,2022-12-30,Emergency,0.273
4639,24,O+,7,7,2024-05-24,Routine,0.932
4640,18,O+,3,2,2023-12-08,Routine,0.827
4641,32,O+,3,2,2023-02-25,Urgent,0.694
4642,17,O+,4,2,2022-03-27,Routine,0.616
4643,57,AB+,6,4,2024-02-08,Urgent,0.611
4644,8,A+,9,6,2022-09-18,Routine,0.699
4645,68,A+,10,8,2023-10-25,Routine,0.77
4646,61,A+,3,3,2023-11-06,Routine,0.918
4647,78,A+,9,9,2022-03-20,Urgent,0.954
4648,38,AB-,9,3,2024-11-24,Urgent,0.364
4649,27,O+,1,1,2022-06-02,Urgent,0.612
4650,15,O+,3,2,2024-03-03,Routine,0.779
4651,48,O+,1,1,2024-02-09,Urgent,0.799
4652,26,O+,1,1,2023-08-04,Routine,0.972
4653,39,O+,10,10,2023-09-23,Routine,0.975
4654,57,B+,10,7,2023-04-08,Urgent,0.705
4655,71,O+,8,7,2023-10-23,Urgent,0.931
4656,24,O+,10,9,2023-04-15,Routine,0.919
4657,48,A+,2,2,2024-09-03,Urgent,0.883
4658,12,O+,10,9,2022-08-04,Routine,0.866
4659,62,O+,2,2,2023-09-16,Routine,0.901
4660,74,B+,7,6,2023-10-31,Routine,0.828
4661,48,A+,6,5,2022-05-12,Routine,0.805
4662,54,O+,5,4,2022-05-09,Routine,0.893
4663,80,A+,2,1,2023-10-05,Routine,0.67
4664,26,A+,3,2,2023-02-20,Urgent,0.731
4665,51,B+,1,1,2024-11-14,Urgent,0.734
4666,37,B-,8,6,2023-05-15,Urgent,0.69
4667,72,O+,3,3,2024-01-04,Emergency,0.877
4668,71,AB+,6,5,2022-08-12,Routine,0.808
4669,16,O+,10,10,2024-05-16,Routine,0.976
4670,73,B+,1,1,2022-04-04,Emergency,0.89
4671,60,B+,1,1,2024-10-17,Routine,0.894
4672,35,O+,1,1,2022-05-18,Urgent,0.627
4673,69,AB+,6,6,2023-03-07,Urgent,0.924
4674,47,A+,8,7,2024-06-05,Routine,0.892
4675,68,O+,8,8,2022-10-08,Emergency,0.992
4676,34,O+,5,3,2023-04-02,Routine,0.696
4677,74,O+,3,3,2023-03-22,Routine,0.844
4678,29,O+,3,2,2023-06-28,Urgent,0.776
4679,23,A+,2,1,2022-09-22,Urgent,0.611
4680,63,O+,9,9,2022-03-04,Routine,0.972
4681,4,A+,8,5,2023-07-18,Routine,0.655
4682,59,O+,5,3,2022-06-24,Routine,0.679
4683,44,O+,4,3,2024-07-20,Urgent,0.828
4684,27,B+,3,2,2024-01-11,Urgent,0.627
4685,68,O+,5,5,2022-06-13,Emergency,0.942
4686,43,O+,7,7,2024-07-19,Routine,0.967
4687,4,A+,3,2,2024-02-17,Routine,0.813
4688,43,O+,4,3,2022-08-01,Urgent,0.846
4689,22,O+,4,4,2023-04-17,Routine,0.924
4690,74,A+,1,1,2023-09-19,Routine,0.896
4691,46,O+,6,4,2024-12-25,Urgent,0.629
4692,5,A+,8,7,2024-02-08,Routine,0.921
4693,13,B-,4,2,2023-01-03,Routine,0.43
4694,24,A+,9,7,2022-10-17,Routine,0.803
4695,22,O+,10,6,2024-12-24,Urgent,0.649
4696,41,B+,6,4,2023-11-30,Urgent,0.633
4697,43,A+,6,5,2023-08-20,Routine,0.894
4698,33,A+,9,8,2023-07-10,Urgent,0.864
4699,30,O+,9,7,2022-06-10,Urgent,0.799
4700,14,A+,6,6,2022-10-24,Routine,0.975
4701,29,A+,10,8,2023-06-11,Routine,0.834
4702,58,B+,1,1,2024-12-22,Routine,0.859
4703,8,B+,3,2,2022-10-21,Routine,0.785
4704,64,O+,6,4,2022-10-02,Emergency,0.596
4705,24,O+,6,6,2024-11-04,Routine,0.996
4706,18,O+,6,5,2024-04-18,Urgent,0.828
4707,79,O+,4,3,2022-10-21,Routine,0.693
4708,3,O+,7,5,2023-09-01,Routine,0.703
4709,58,AB+,1,1,2024-02-11,Routine,0.74
4710,27,A+,3,3,2022-11-21,Routine,0.879
4711,15,O+,1,1,2022-04-28,Urgent,0.777
4712,48,B-,9,3,2022-05-06,Routine,0.342
4713,73,O+,5,3,2024-08-19,Emergency,0.582
4714,30,A+,7,5,2024-06-26,Urgent,0.75
4715,13,O+,2,1,2023-03-24,Routine,0.603
4716,19,O+,10,9,2024-08-17,Urgent,0.915
4717,51,A+,6,5,2024-05-03,Urgent,0.795
4718,1,B+,6,6,2023-04-06,Routine,0.959
4719,21,A+,5,4,2023-04-15,Routine,0.844
4720,36,O+,8,8,2023-05-14,Emergency,0.938
4721,20,O+,1,1,2023-07-20,Urgent,0.917
4722,78,O+,3,3,2022-07-10,Urgent,0.945
4723,68,O+,9,9,2023-07-14,Routine,0.98
4724,32,O+,2,2,2022-08-03,Routine,0.902
4725,77,A+,6,3,2024-09-10,Emergency,0.544
4726,29,B+,3,2,2022-10-01,Routine,0.715
4727,52,A+,6,5,2023-01-14,Routine,0.819
4728,78,A+,6,4,2024-04-12,Urgent,0.662
4729,15,O+,2,1,2024-08-11,Urgent,0.61
4730,7,B+,1,1,2023-12-15,Urgent,0.905
4731,37,O-,5,3,2022-02-02,Urgent,0.526
4732,14,O+,6,4,2023-09-08,Routine,0.73
4733,32,O+,5,3,2023-08-07,Routine,0.62
4734,28,AB+,5,3,2023-09-27,Routine,0.626
4735,33,A+,8,8,2023-12-16,Routine,0.955
4736,13,B+,7,6,2022-02-20,Urgent,0.796
4737,65,O+,1,1,2023-09-22,Emergency,0.641
4738,78,A+,10,7,2022-09-28,Routine,0.675
4739,1,A+,4,4,2023-03-22,Urgent,0.951
4740,62,A+,1,1,2022-12-03,Emergency,0.93
4741,65,A+,10,9,2022-07-19,Urgent,0.935
4742,52,O+,2,2,2022-09-21,Routine,0.776
4743,80,B+,4,4,2023-01-11,Urgent,0.966
4744,78,A+,1,1,2022-07-08,Routine,0.606
4745,53,O-,5,3,2024-10-23,Routine,0.589
4746,64,O+,4,3,2023-02-16,Routine,0.814
4747,34,O+,3,3,2024-04-29,Urgent,0.87
4748,77,B+,5,4,2023-07-12,Urgent,0.891
4749,61,O+,10,8,2024-12-11,Urgent,0.841
4750,2,O+,5,3,2022-04-13,Urgent,0.628
4751,54,AB+,7,5,2023-06-12,Routine,0.751
4752,38,O+,10,8,2024-02-02,Urgent,0.763
4753,63,O+,5,4,2022-08-14,Urgent,0.768
4754,58,O+,8,5,2022-05-01,Routine,0.649
4755,39,O+,2,1,2024-05-03,Urgent,0.69
4756,70,O+,9,6,2024-08-30,Urgent,0.672
4757,78,B-,10,4,2024-08-09,Routine,0.427
4758,20,O+,9,9,2023-05-27,Urgent,0.949
4759,29,O+,6,4,2023-03-25,Routine,0.627
4760,58,O+,9,6,2022-04-26,Routine,0.689
4761,53,AB+,1,1,2023-07-10,Routine,0.705
4762,2,B+,2,2,2024-12-19,Urgent,0.813
4763,40,AB-,6,2,2023-04-30,Emergency,0.392
4764,14,B+,3,3,2023-02-28,Routine,0.835
4765,7,O+,10,9,2024-03-02,Routine,0.907
4766,7,A+,8,6,2023-02-20,Routine,0.8
4767,53,B+,1,1,2022-09-13,Routine,0.964
4768,74,O+,9,8,2022-03-26,Urgent,0.88
4769,19,A+,5,3,2024-05-03,Urgent,0.624
4770,36,O-,5,1,2024-01-13,Urgent,0.239
4771,77,O+,7,6,2023-10-27,Urgent,0.913
4772,21,B-,7,5,2023-12-24,Urgent,0.645
4773,5,A+,7,5,2023-05-31,Urgent,0.677
4774,13,B+,7,7,2024-12-24,Urgent,0.974
4775,4,A+,1,1,2023-12-29,Routine,0.66
4776,5,O+,1,1,2024-10-23,Routine,0.723
4777,39,O+,8,8,2024-11-06,Urgent,0.959
4778,35,O+,9,6,2024-12-29,Routine,0.658
4779,12,B-,8,5,2022-06-23,Routine,0.621
4780,29,O+,10,7,2024-05-23,Urgent,0.685
4781,3,AB+,7,6,2024-08-28,Routine,0.835
4782,62,O-,2,1,2024-06-26,Emergency,0.569
4783,14,B+,9,6,2024-12-13,Routine,0.664
4784,5,B+,5,5,2023-03-14,Routine,0.98
4785,12,A+,7,7,2023-02-16,Urgent,0.935
4786,63,O+,10,10,2024-03-28,Urgent,0.965
4787,29,A+,4,3,2022-08-12,Routine,0.646
4788,61,AB+,1,1,2023-02-16,Routine,0.953
4789,58,O+,8,7,2024-06-07,Routine,0.867
4790,61,A-,4,2,2024-04-23,Routine,0.539
4791,8,O+,9,8,2024-02-14,Routine,0.866
4792,21,O+,8,7,2022-03-24,Urgent,0.91
4793,33,O-,7,3,2023-10-23,Routine,0.467
4794,45,O+,6,6,2023-06-30,Urgent,0.921
4795,72,A+,10,9,2022-04-02,Routine,0.855
4796,3,O+,9,9,2022-08-03,Urgent,0.997
4797,9,O+,9,8,2022-10-08,Routine,0.837
4798,39,B+,6,5,2023-11-13,Routine,0.786
4799,14,O+,9,7,2023-11-12,Routine,0.824
4800,80,O+,6,4,2022-04-08,Routine,0.635
4801,38,A+,5,5,2024-08-31,Routine,0.958
4802,62,A+,5,3,2022-10-31,Emergency,0.611
4803,11,O+,5,5,2024-08-15,Routine,0.91
4804,78,A+,4,4,2023-05-02,Emergency,0.984
4805,14,O+,6,4,2022-10-04,Routine,0.634
4806,69,A+,4,3,2023-03-21,Routine,0.873
4807,66,O+,5,5,2023-11-03,Emergency,0.919
4808,8,A-,6,2,2024-05-20,Urgent,0.358
4809,71,O+,8,8,2022-01-19,Routine,0.944
4810,20,AB+,10,7,2022-06-17,Routine,0.681
4811,39,AB+,4,4,2022-02-26,Urgent,0.963
4812,40,B+,9,8,2022-11-26,Routine,0.906
4813,78,O+,2,2,2022-01-24,Routine,0.851
4814,42,AB+,9,8,2024-09-28,Urgent,0.919
4815,50,A+,8,6,2022-12-14,Urgent,0.72
4816,11,A+,7,6,2022-01-08,Routine,0.835
4817,48,B+,10,7,2022-01-11,Urgent,0.742
4818,20,A+,2,2,2022-10-16,Routine,0.867
4819,58,A+,1,1,2024-12-23,Routine,0.819
4820,34,B+,9,8,2024-07-30,Routine,0.923
4821,10,O+,5,3,2022-12-25,Emergency,0.685
4822,57,A+,8,6,2022-12-16,Routine,0.811
4823,36,O+,10,7,2024-06-05,Routine,0.739
4824,59,O+,9,8,2023-06-21,Routine,0.902
4825,51,O+,6,6,2022-06-29,Routine,0.926
4826,57,O+,9,9,2024-11-13,Urgent,0.991
4827,37,O+,1,1,2023-11-25,Routine,0.673
4828,13,A+,8,7,2024-03-25,Routine,0.932
4829,26,A+,6,4,2023-06-08,Routine,0.727
4830,77,O+,7,4,2024-01-11,Routine,0.616
4831,31,A-,4,1,2022-06-30,Urgent,0.203
4832,16,A+,10,7,2024-09-08,Emergency,0.725
4833,63,O+,10,7,2022-05-15,Urgent,0.662
4834,76,B+,5,5,2023-02-01,Routine,0.921
4835,53,O+,3,2,2024-01-07,Urgent,0.684
4836,18,B+,10,7,2023-05-10,Routine,0.688
4837,49,O+,8,6,2022-07-01,Urgent,0.806
4838,56,O+,10,6,2023-08-14,Emergency,0.642
4839,63,O+,4,3,2024-01-26,Emergency,0.728
4840,29,O+,2,1,2023-01-15,Urgent,0.616
4841,21,O+,7,5,2024-10-14,Routine,0.782
4842,34,O+,8,8,2024-12-05,Urgent,0.946
4843,76,A+,3,2,2022-04-02,Urgent,0.793
4844,79,B+,9,8,2022-04-24,Urgent,0.866
4845,57,B-,8,4,2023-01-01,Urgent,0.517
4846,75,A+,7,7,2024-07-02,Emergency,0.954
4847,6,B+,2,2,2022-09-18,Routine,0.926
4848,2,O+,5,4,2024-01-16,Urgent,0.851
4849,22,AB+,5,4,2022-09-23,Urgent,0.842
4850,35,B+,10,6,2022-06-22,Emergency,0.566
4851,46,O+,9,8,2023-02-10,Routine,0.864
4852,2,O+,8,6,2024-01-02,Routine,0.793
4853,66,B+,10,10,2023-12-12,Urgent,0.953
4854,3,B+,5,4,2023-08-11,Routine,0.738
4855,42,B+,6,4,2022-07-07,Emergency,0.637
4856,23,O+,3,2,2022-04-28,Routine,0.656
4857,22,B+,6,4,2024-04-24,Urgent,0.64
4858,22,O+,8,5,2022-04-03,Routine,0.662
4859,24,B+,8,4,2024-12-02,Emergency,0.514
4860,32,AB+,6,4,2022-12-11,Urgent,0.653
4861,8,O+,6,6,2022-08-19,Emergency,0.961
4862,61,A+,1,1,2022-07-06,Routine,0.695
4863,55,AB+,8,6,2024-02-19,Emergency,0.693
4864,18,O+,2,1,2023-02-24,Emergency,0.605
4865,15,O+,10,6,2023-06-17,Routine,0.649
4866,62,O+,5,3,2023-04-17,Urgent,0.617
4867,14,B+,2,2,2023-01-01,Routine,0.852
4868,48,B+,4,3,2022-05-01,Urgent,0.677
4869,60,O+,10,8,2024-05-26,Routine,0.789
4870,17,O+,10,8,2024-06-13,Urgent,0.789
4871,16,O+,1,1,2022-11-03,Routine,0.628
4872,75,O+,2,1,2024-04-16,Urgent,0.626
4873,22,B+,3,3,2024-12-22,Urgent,0.884
4874,67,B+,5,3,2024-09-18,Emergency,0.667
4875,13,A+,10,9,2022-08-23,Routine,0.95
4876,2,O+,4,3,2024-10-18,Urgent,0.665
4877,60,A+,9,6,2022-06-13,Routine,0.65
4878,43,O+,3,2,2022-05-25,Emergency,0.645
4879,77,A+,10,7,2023-05-10,Routine,0.692
4880,34,O+,10,9,2024-05-02,Routine,0.88
4881,70,B+,3,2,2024-07-05,Routine,0.828
4882,12,A+,10,8,2024-10-28,Routine,0.829
4883,5,B+,5,4,2024-03-01,Emergency,0.789
4884,29,A+,6,5,2023-05-13,Routine,0.915
4885,80,B+,2,2,2024-05-24,Urgent,0.978
4886,60,O+,3,3,2023-07-27,Routine,0.901
4887,5,A+,7,6,2022-07-23,Urgent,0.805
4888,36,AB+,3,2,2024-11-15,Urgent,0.627
4889,67,O+,3,2,2022-04-14,Urgent,0.7
4890,46,O+,6,3,2022-04-11,Emergency,0.535
4891,1,A+,5,3,2023-11-23,Routine,0.633
4892,43,AB+,8,8,2023-11-04,Routine,0.997
4893,77,O+,1,1,2022-05-12,Urgent,0.751
4894,18,A-,9,5,2023-10-05,Routine,0.572
4895,59,B+,5,3,2024-09-17,Emergency,0.667
4896,40,AB+,10,7,2024-03-28,Routine,0.73
4897,66,O+,2,2,2022-11-18,Routine,0.833
4898,72,A+,1,1,2024-09-26,Routine,0.984
4899,54,O+,4,3,2023-10-14,Routine,0.677
4900,66,B+,6,6,2023-07-26,Urgent,0.972
4901,13,A+,6,5,2023-05-12,Routine,0.916
4902,38,B+,3,3,2023-08-23,Urgent,0.927
4903,8,O+,6,4,2023-10-16,Routine,0.659
4904,19,A+,2,1,2024-09-23,Emergency,0.588
4905,1,AB+,8,5,2022-10-24,Routine,0.669
4906,53,B+,7,4,2023-12-28,Urgent,0.611
4907,30,A-,6,3,2024-12-16,Emergency,0.583
4908,2,O+,9,7,2022-05-04,Urgent,0.776
4909,37,O+,3,3,2022-06-30,Routine,0.924
4910,48,O+,3,2,2023-12-24,Routine,0.686
4911,18,A+,6,6,2022-02-03,Routine,0.958
4912,62,B+,4,3,2022-01-28,Urgent,0.694
4913,31,A+,5,4,2024-04-29,Routine,0.834
4914,66,B+,8,8,2023-08-07,Routine,0.968
4915,75,A-,8,5,2023-09-17,Emergency,0.662
4916,54,O+,6,6,2023-12-27,Urgent,0.944
4917,71,O+,2,1,2022-06-11,Urgent,0.63
4918,49,O+,10,8,2023-07-30,Urgent,0.799
4919,69,O+,6,5,2022-07-18,Routine,0.863
4920,18,AB+,3,2,2022-11-28,Urgent,0.713
4921,68,O+,1,1,2024-09-23,Urgent,0.851
4922,17,A+,6,5,2024-02-08,Routine,0.866
4923,12,A+,4,3,2023-11-14,Urgent,0.78
4924,45,B+,9,6,2022-05-27,Routine,0.644
4925,27,A-,1,1,2023-10-28,Urgent,0.563
4926,26,O+,1,1,2023-05-14,Routine,0.678
4927,6,A+,9,5,2024-09-29,Routine,0.603
4928,15,B+,1,1,2024-02-07,Routine,0.95
4929,3,B+,1,1,2023-12-10,Routine,0.656
4930,37,B+,7,5,2022-07-06,Routine,0.785
4931,64,A+,2,1,2023-09-23,Urgent,0.742
4932,32,O+,5,5,2024-10-14,Routine,0.925
4933,67,B+,6,6,2024-09-07,Routine,0.995
4934,68,B+,2,1,2023-02-23,Routine,0.655
4935,59,O+,3,3,2024-08-02,Urgent,0.919
4936,40,AB+,3,2,2024-10-23,Routine,0.692
4937,13,B+,9,7,2024-12-31,Emergency,0.81
4938,23,B+,8,8,2022-12-05,Routine,0.996
4939,15,B+,7,6,2023-05-25,Emergency,0.919
4940,2,B+,9,8,2023-09-12,Routine,0.87
4941,54,O+,3,2,2022-08-23,Urgent,0.693
4942,37,A+,5,5,2022-12-03,Routine,0.93
4943,10,A+,9,6,2024-02-04,Urgent,0.678
4944,18,O+,4,2,2023-09-16,Routine,0.602
4945,75,O+,6,4,2022-12-06,Emergency,0.584
4946,9,A+,7,5,2022-05-13,Urgent,0.689
4947,31,B+,9,5,2023-04-30,Emergency,0.535
4948,26,A+,4,3,2024-09-09,Urgent,0.677
4949,62,A+,5,3,2023-09-04,Emergency,0.659
4950,38,O-,9,3,2024-11-01,Routine,0.348
4951,53,O+,6,5,2022-07-16,Emergency,0.799
4952,31,A+,1,1,2022-05-02,Routine,0.775
4953,79,B+,3,2,2024-12-20,Routine,0.665
4954,48,A+,6,5,2023-10-16,Routine,0.752
4955,42,B+,6,4,2023-05-14,Emergency,0.714
4956,61,B+,5,4,2023-06-01,Routine,0.719
4957,45,A+,1,1,2024-02-09,Routine,0.675
4958,61,A+,6,3,2024-03-17,Emergency,0.546
4959,33,B+,9,8,2024-12-30,Routine,0.865
4960,26,O+,8,5,2023-02-08,Routine,0.684
4961,36,O+,1,1,2024-03-12,Routine,0.869
4962,38,O+,10,6,2022-11-12,Routine,0.64
4963,5,O+,7,6,2022-05-03,Routine,0.851
4964,14,B+,1,1,2024-12-08,Routine,0.64
4965,57,O+,5,4,2022-04-20,Urgent,0.776
4966,68,A+,9,8,2024-02-05,Urgent,0.917
4967,55,B+,3,2,2023-01-10,Routine,0.651
4968,80,A+,5,5,2022-08-18,Urgent,0.974
4969,67,O+,7,5,2024-01-22,Routine,0.682
4970,38,B+,7,4,2023-04-28,Routine,0.616
4971,5,O+,7,6,2023-07-18,Urgent,0.907
4972,24,A+,10,7,2023-05-05,Routine,0.738
4973,37,B+,8,7,2024-03-29,Urgent,0.92
4974,34,AB+,1,1,2024-10-20,Emergency,0.896
4975,51,A+,10,6,2024-05-15,Urgent,0.64
4976,25,A+,7,6,2023-03-17,Urgent,0.837
4977,24,O+,4,4,2023-03-11,Routine,0.923
4978,11,A+,9,8,2024-12-21,Routine,0.919
4979,34,O-,8,5,2024-06-28,Routine,0.671
4980,31,A+,9,5,2024-12-07,Emergency,0.592
4981,52,B+,4,4,2024-10-04,Routine,0.943
4982,1,B+,6,4,2022-02-03,Emergency,0.642
4983,33,O+,4,3,2024-01-20,Routine,0.743
4984,61,AB+,3,2,2024-07-10,Emergency,0.793
4985,62,O+,9,6,2023-11-23,Routine,0.682
4986,36,B+,8,5,2022-06-23,Routine,0.685
4987,11,O+,4,4,2023-06-17,Routine,0.982
4988,76,B+,1,1,2022-05-18,Routine,0.669
4989,44,B+,7,5,2024-11-06,Routine,0.732
4990,36,O+,6,6,2024-03-15,Urgent,0.94
4991,80,A+,4,3,2024-12-13,Urgent,0.81
4992,30,B+,9,7,2023-04-11,Routine,0.755
4993,67,B+,6,5,2023-06-01,Routine,0.806
4994,12,A+,6,5,2024-08-28,Routine,0.858
4995,60,O+,4,4,2023-05-18,Routine,0.878
4996,15,AB+,2,2,2023-05-12,Emergency,0.95
4997,20,A+,10,8,2023-08-16,Routine,0.761
4998,48,O+,5,4,2024-03-23,Routine,0.849
4999,15,B+,8,7,2024-06-12,Routine,0.856
5000,15,B+,2,1,2024-02-05,Emergency,0.527
5001,33,B+,2,1,2024-02-05,Emergency,0.746
5002,49,AB+,8,7,2022-07-26,Urgent,0.901
5003,18,AB-,1,1,2022-08-05,Urgent,0.673
5004,76,A+,10,6,2022-07-23,Routine,0.617
5005,40,O+,5,4,2024-09-23,Urgent,0.711
5006,20,O+,2,1,2024-12-23,Urgent,0.608
5007,4,B-,1,1,2022-10-11,Urgent,0.617
5008,79,A+,3,3,2022-10-18,Urgent,0.889
5009,69,A+,1,1,2022-10-25,Urgent,0.697
5010,31,O+,1,1,2022-06-02,Routine,0.725
5011,60,B+,4,2,2022-07-19,Urgent,0.617
5012,30,O+,3,2,2024-03-24,Routine,0.692
5013,74,O+,5,5,2022-10-19,Routine,0.913
5014,18,A+,7,5,2023-12-16,Routine,0.704
5015,64,O+,2,1,2022-07-07,Routine,0.709
5016,26,A+,10,9,2023-03-29,Routine,0.938
5017,39,B+,10,7,2022-04-05,Routine,0.702
5018,75,O+,4,3,2024-07-20,Routine,0.867
5019,2,O+,9,8,2022-07-21,Routine,0.863
5020,60,A+,5,4,2024-12-29,Routine,0.85
5021,20,O+,4,4,2022-10-09,Urgent,0.891
5022,1,B+,9,6,2023-07-21,Urgent,0.664
5023,7,A+,8,5,2022-09-09,Routine,0.681
5024,48,O+,9,8,2024-11-18,Routine,0.907
5025,18,B+,5,4,2022-12-16,Routine,0.758
5026,73,A+,5,5,2022-07-03,Routine,0.981
5027,8,B-,2,1,2024-06-26,Urgent,0.683
5028,51,A+,4,3,2022-01-31,Routine,0.871
5029,10,A+,4,3,2023-09-26,Urgent,0.748
5030,54,A+,1,1,2022-05-18,Emergency,0.756
5031,58,B+,6,5,2024-10-22,Urgent,0.826
5032,62,B+,2,1,2023-09-28,Routine,0.643
5033,35,A+,6,5,2024-12-31,Urgent,0.782
5034,5,B+,4,3,2023-07-04,Emergency,0.667
5035,53,B+,5,5,2024-04-02,Routine,0.986
5036,79,B-,8,5,2023-10-02,Emergency,0.65
5037,9,A+,10,6,2022-09-26,Routine,0.606
5038,63,A+,8,7,2023-12-09,Routine,0.937
5039,19,O+,8,5,2023-12-27,Urgent,0.649
5040,73,A+,1,1,2022-08-04,Routine,0.621
5041,49,B+,6,5,2024-11-07,Routine,0.777
5042,13,O+,6,4,2022-08-02,Urgent,0.695
5043,58,O+,6,5,2022-11-17,Urgent,0.907
5044,3,O+,2,2,2024-06-09,Routine,0.771
5045,13,O+,10,8,2022-11-13,Urgent,0.788
5046,79,A+,9,8,2024-03-22,Urgent,0.896
5047,1,O+,6,4,2024-03-05,Routine,0.649
5048,76,A+,5,4,2022-06-23,Urgent,0.718
5049,32,A+,4,4,2022-04-05,Routine,0.957
5050,32,A-,3,1,2022-11-01,Emergency,0.423
5051,36,B+,3,2,2023-12-22,Urgent,0.607
5052,9,A+,7,5,2022-09-22,Urgent,0.735
5053,39,B+,6,5,2023-05-30,Routine,0.758
5054,16,A+,5,4,2022-10-03,Urgent,0.843
5055,18,O+,9,6,2022-01-21,Routine,0.613
5056,78,A+,3,2,2024-08-14,Routine,0.722
5057,55,O+,2,1,2023-06-09,Routine,0.721
5058,2,B+,3,2,2024-09-17,Emergency,0.512
5059,73,A+,6,4,2024-11-25,Urgent,0.64
5060,24,A+,3,3,2022-09-10,Emergency,0.932
5061,77,B+,7,4,2022-03-18,Routine,0.623
5062,56,O+,10,5,2024-05-29,Emergency,0.531
5063,62,A+,5,4,2022-04-15,Routine,0.709
5064,3,O+,9,7,2022-03-24,Routine,0.758
5065,72,O+,2,2,2024-03-28,Emergency,0.949
5066,48,B+,3,2,2024-01-16,Routine,0.713
5067,21,O+,6,4,2024-03-19,Emergency,0.629
5068,39,O+,1,1,2023-06-03,Emergency,0.611
5069,23,O+,7,6,2024-11-28,Urgent,0.787
5070,18,O+,5,5,2023-11-07,Routine,0.915
5071,49,A+,2,2,2022-07-23,Routine,0.999
5072,71,A-,7,2,2024-06-29,Urgent,0.264
5073,46,O+,9,7,2022-03-23,Urgent,0.772
5074,75,A+,10,9,2022-10-14,Urgent,0.861
5075,79,O+,3,3,2024-09-28,Emergency,0.872
5076,15,O+,1,1,2022-01-03,Urgent,0.836
5077,38,O+,8,6,2024-03-06,Routine,0.764
5078,54,A+,4,4,2023-02-15,Routine,0.981
5079,71,O+,1,1,2022-06-25,Emergency,0.573
5080,73,O+,6,4,2023-07-17,Routine,0.647
5081,16,A+,3,2,2022-03-22,Urgent,0.807
5082,75,O-,1,0,2023-04-15,Emergency,0.405
5083,12,AB+,10,6,2022-12-16,Emergency,0.586
5084,8,O-,8,3,2022-10-28,Routine,0.407
5085,44,O+,4,3,2023-07-17,Urgent,0.738
5086,27,O+,2,1,2024-02-13,Routine,0.691
5087,16,AB+,7,6,2023-02-28,Routine,0.788
5088,56,O+,2,1,2023-03-15,Routine,0.68
5089,29,AB+,3,2,2023-04-01,Routine,0.772
5090,79,B+,3,3,2022-12-24,Urgent,0.928
5091,1,B+,7,5,2023-02-22,Routine,0.742
5092,29,AB+,2,1,2022-03-06,Emergency,0.54
5093,6,B+,8,5,2022-02-03,Routine,0.662
5094,35,B+,4,3,2022-09-17,Routine,0.669
5095,80,B+,1,1,2023-11-25,Emergency,0.505
5096,12,A+,3,3,2023-01-12,Routine,0.923
5097,36,A+,5,4,2022-12-29,Routine,0.75
5098,75,B+,7,7,2024-10-21,Urgent,0.929
5099,28,O+,1,1,2024-08-14,Emergency,0.96
5100,45,O+,8,7,2024-05-24,Routine,0.821
5101,6,O+,3,2,2022-08-07,Routine,0.706
5102,16,O+,5,3,2023-11-23,Routine,0.601
5103,34,A+,4,4,2023-05-30,Routine,0.935
5104,49,O+,10,8,2024-01-06,Routine,0.845
5105,19,O+,8,8,2022-10-15,Urgent,0.985
5106,34,A+,5,5,2023-01-28,Routine,0.923
5107,10,A+,2,2,2022-08-03,Routine,0.775
5108,32,B+,5,4,2022-05-11,Routine,0.884
5109,66,B+,4,3,2023-03-18,Routine,0.686
5110,20,A+,9,8,2024-05-08,Routine,0.903
5111,75,O+,2,2,2023-07-09,Routine,0.935
5112,73,O+,10,7,2024-04-17,Urgent,0.73
5113,9,A+,4,3,2023-03-11,Urgent,0.857
5114,32,B+,1,1,2023-09-19,Routine,0.751
5115,15,O+,4,3,2023-03-08,Routine,0.861
5116,4,A+,8,7,2024-03-16,Urgent,0.824
5117,48,B+,10,6,2023-12-13,Urgent,0.638
5118,61,AB+,6,5,2024-06-10,Routine,0.84
5119,20,A+,9,6,2022-06-03,Urgent,0.706
5120,67,O+,8,8,2023-12-22,Routine,0.957
5121,63,O+,7,5,2024-07-06,Urgent,0.743
5122,8,O+,3,2,2023-01-20,Routine,0.623
5123,10,O+,2,2,2022-01-26,Routine,0.899
5124,69,B+,3,2,2022-07-23,Routine,0.671
5125,29,O+,7,7,2022-07-26,Urgent,0.971
5126,12,A+,8,6,2022-05-01,Urgent,0.688
5127,26,A+,2,2,2024-10-28,Urgent,0.758
5128,46,B+,2,1,2023-08-15,Urgent,0.654
5129,10,O+,9,7,2024-08-02,Routine,0.754
5130,30,O+,10,9,2022-03-19,Urgent,0.875
5131,73,A+,6,6,2022-12-29,Routine,0.925
5132,29,O+,2,1,2024-12-05,Routine,0.62
5133,9,B+,5,4,2024-09-20,Urgent,0.855
5134,34,O+,8,7,2023-10-14,Urgent,0.878
5135,13,O+,3,3,2023-04-12,Urgent,0.866
5136,32,A-,5,3,2023-12-22,Urgent,0.607
5137,6,B+,2,2,2022-08-28,Urgent,0.812
5138,60,A+,5,3,2023-08-23,Routine,0.645
5139,10,O+,6,5,2023-08-23,Emergency,0.82
5140,27,B+,10,8,2024-01-27,Urgent,0.796
5141,24,A+,6,5,2024-06-16,Routine,0.872
5142,19,O+,6,4,2022-12-25,Routine,0.667
5143,52,O-,3,1,2024-12-17,Routine,0.495
5144,44,A+,1,1,2022-04-01,Emergency,0.983
5145,14,B+,1,1,2024-04-08,Urgent,0.868
5146,38,AB+,3,3,2022-06-05,Routine,0.871
5147,67,A+,6,4,2022-09-08,Urgent,0.652
5148,77,O+,9,7,2022-12-12,Routine,0.764
5149,38,A+,8,6,2022-04-07,Routine,0.708
5150,75,AB+,9,6,2023-10-06,Urgent,0.675
5151,36,O+,4,3,2023-09-08,Routine,0.645
5152,42,O+,9,8,2024-05-15,Emergency,0.893
5153,23,O+,4,2,2023-03-24,Routine,0.601
5154,80,O+,5,3,2024-03-26,Urgent,0.696
5155,15,O+,4,4,2023-07-04,Routine,0.946
5156,46,B+,7,5,2022-04-03,Urgent,0.771
5157,78,B+,8,6,2024-07-21,Urgent,0.707
5158,16,A+,8,6,2023-09-17,Routine,0.708
5159,36,B+,3,3,2023-06-15,Routine,0.866
5160,49,AB+,2,2,2022-12-09,Routine,0.823
5161,32,B+,1,1,2024-03-27,Urgent,0.946
5162,59,B+,10,9,2023-11-22,Routine,0.922
5163,37,A+,10,7,2022-04-23,Emergency,0.68
5164,8,B+,3,3,2023-11-29,Routine,0.978
5165,10,O+,2,2,2024-05-25,Urgent,0.907
5166,40,AB+,2,1,2022-05-05,Emergency,0.569
5167,3,O+,1,1,2022-09-19,Routine,0.624
5168,65,O+,3,2,2023-08-30,Urgent,0.73
5169,52,A+,9,5,2023-02-16,Urgent,0.609
5170,68,O+,6,6,2023-12-18,Urgent,0.935
5171,11,B+,3,2,2022-06-15,Urgent,0.686
5172,64,O+,5,4,2024-03-17,Routine,0.889
5173,6,A+,3,2,2024-03-06,Urgent,0.657
5174,20,O+,5,5,2022-03-14,Routine,0.964
5175,4,O+,6,4,2023-02-13,Routine,0.687
5176,21,B+,10,9,2023-12-03,Routine,0.866
5177,75,O+,7,6,2024-09-15,Routine,0.905
5178,53,A+,4,4,2022-11-22,Routine,0.989
5179,53,B+,5,5,2022-01-11,Routine,0.911
5180,69,O+,9,7,2023-07-23,Routine,0.796
5181,44,B+,9,6,2022-08-27,Urgent,0.693
5182,23,B+,1,1,2023-11-03,Urgent,0.839
5183,64,A+,9,7,2022-10-26,Urgent,0.745
5184,3,O+,8,7,2024-05-09,Urgent,0.834
5185,35,B+,1,1,2022-01-01,Urgent,0.738
5186,24,AB+,6,5,2024-09-13,Urgent,0.77
5187,70,O-,7,2,2024-06-05,Urgent,0.257
5188,38,A+,3,2,2022-10-27,Routine,0.612
5189,70,A+,6,5,2023-01-08,Routine,0.822
5190,6,B+,8,6,2024-07-05,Routine,0.786
5191,68,A-,5,3,2022-06-01,Emergency,0.591
5192,69,A+,1,1,2023-10-29,Urgent,0.754
5193,41,A-,6,4,2022-12-19,Routine,0.68
5194,9,O-,2,0,2024-08-09,Emergency,0.25
5195,31,A+,1,1,2024-05-07,Emergency,0.795
5196,23,O+,9,8,2022-01-27,Routine,0.881
5197,41,O+,7,4,2022-08-28,Routine,0.638
5198,49,B+,7,5,2022-10-09,Urgent,0.652
5199,41,A+,10,8,2022-04-17,Routine,0.77
5200,21,O+,4,3,2022-11-10,Routine,0.625
5201,9,O+,5,4,2023-07-05,Urgent,0.856
5202,39,A+,1,1,2023-06-02,Urgent,0.64
5203,41,A+,6,4,2024-07-27,Routine,0.605
5204,30,A+,5,3,2023-04-11,Routine,0.631
5205,15,O+,9,7,2022-01-16,Routine,0.822
5206,69,A+,4,4,2023-09-19,Emergency,0.888
5207,69,A+,3,2,2024-01-15,Emergency,0.561
5208,21,A+,5,5,2024-05-20,Routine,0.964
5209,1,O+,6,4,2023-02-02,Emergency,0.748
5210,70,B+,5,3,2022-11-13,Emergency,0.577
5211,27,AB+,5,4,2022-06-02,Routine,0.818
5212,28,O-,3,2,2024-03-29,Urgent,0.655
5213,19,A+,4,4,2024-10-13,Routine,0.974
5214,1,A+,4,3,2023-11-28,Urgent,0.836
5215,24,AB+,4,3,2024-07-24,Routine,0.636
5216,26,B+,7,5,2023-08-10,Emergency,0.734
5217,44,B+,7,5,2023-05-12,Urgent,0.712
5218,69,O+,1,1,2023-04-13,Routine,0.845
5219,16,B+,10,8,2022-06-18,Routine,0.758
5220,24,O+,9,8,2023-07-14,Routine,0.894
5221,40,O+,3,2,2023-01-03,Urgent,0.712
5222,49,O+,10,8,2023-03-25,Routine,0.808
5223,42,A-,7,3,2024-04-21,Emergency,0.438
5224,32,O+,7,5,2024-04-23,Urgent,0.672
5225,70,AB-,2,1,2024-04-21,Routine,0.648
5226,59,O+,4,3,2022-11-06,Routine,0.788
5227,73,O-,8,4,2023-11-03,Emergency,0.556
5228,49,A+,3,2,2023-02-06,Urgent,0.69
5229,29,O-,8,5,2022-01-27,Urgent,0.597
5230,70,B+,4,3,2024-01-18,Urgent,0.774
5231,22,A+,3,3,2024-01-01,Routine,0.94
5232,38,O+,3,3,2024-05-06,Routine,0.927
5233,10,B-,1,1,2022-06-13,Urgent,0.565
5234,3,O+,3,2,2022-12-24,Emergency,0.663
5235,68,A-,4,1,2023-12-06,Routine,0.268
5236,23,AB+,10,9,2024-07-24,Urgent,0.892
5237,64,B+,4,3,2022-03-03,Urgent,0.781
5238,39,AB+,7,7,2022-12-29,Emergency,0.966
5239,66,O+,9,6,2022-10-16,Urgent,0.655
5240,27,A+,2,1,2022-07-07,Routine,0.694
5241,11,O+,4,3,2022-12-21,Urgent,0.866
5242,68,O+,10,9,2024-01-03,Routine,0.861
5243,47,O+,1,1,2024-10-19,Urgent,0.809
5244,1,A+,5,4,2023-12-13,Routine,0.756
5245,23,O+,7,5,2024-07-07,Urgent,0.758
5246,76,O+,6,4,2022-04-14,Urgent,0.654
5247,49,A+,5,4,2024-09-29,Routine,0.86
5248,62,A-,10,6,2023-11-08,Urgent,0.646
5249,11,B+,5,4,2023-07-01,Routine,0.742
5250,78,O+,7,7,2024-01-17,Routine,0.958
5251,36,A+,4,4,2023-04-29,Routine,0.895
5252,10,O+,4,2,2023-01-31,Routine,0.604
5253,50,O+,10,8,2023-05-07,Routine,0.772
5254,55,O+,5,4,2022-04-04,Routine,0.822
5255,56,A+,4,3,2023-04-20,Routine,0.646
5256,65,AB+,6,4,2024-03-02,Urgent,0.643
5257,64,O+,5,3,2023-02-21,Urgent,0.684
5258,56,AB+,8,5,2024-04-01,Urgent,0.617
5259,61,O+,4,3,2022-10-27,Routine,0.756
5260,80,O+,4,4,2024-11-09,Emergency,0.93
5261,74,O-,10,3,2022-09-04,Routine,0.329
5262,38,O+,7,5,2023-12-11,Routine,0.644
5263,52,AB+,4,3,2023-12-18,Routine,0.848
5264,6,O+,2,1,2023-11-20,Urgent,0.727
5265,5,A+,8,7,2022-04-10,Routine,0.82
5266,80,B+,1,1,2022-02-19,Routine,0.743
5267,21,O+,5,3,2023-04-12,Routine,0.646
5268,75,A+,7,5,2022-11-13,Emergency,0.651
5269,53,A+,9,9,2023-05-13,Routine,0.984
5270,58,O+,2,1,2024-11-16,Emergency,0.538
5271,76,A+,7,6,2022-02-11,Routine,0.83
5272,72,O+,4,4,2022-10-06,Routine,0.915
5273,52,O+,2,1,2024-12-19,Routine,0.729
5274,26,A+,7,7,2024-04-01,Emergency,0.953
5275,25,A+,1,1,2023-01-22,Routine,0.724
5276,61,O+,5,3,2024-04-25,Urgent,0.68
5277,20,O+,8,7,2022-12-19,Routine,0.915
5278,22,B+,3,2,2024-06-29,Routine,0.747
5279,41,A-,10,6,2024-12-11,Routine,0.578
5280,78,A+,1,1,2022-05-30,Routine,0.911
5281,18,B+,4,4,2023-03-27,Routine,0.914
5282,58,A+,6,6,2024-03-14,Urgent,0.938
5283,58,B+,8,5,2022-12-15,Routine,0.646
5284,73,A+,2,1,2024-10-22,Urgent,0.661
5285,12,O+,10,7,2024-06-07,Routine,0.651
5286,67,O+,8,6,2024-11-10,Emergency,0.752
5287,58,AB+,4,4,2024-01-05,Urgent,0.921
5288,23,A+,7,5,2022-06-14,Urgent,0.643
5289,64,B+,1,1,2024-11-04,Urgent,0.846
5290,22,O+,4,4,2024-01-31,Urgent,0.891
5291,53,B+,6,4,2022-06-15,Routine,0.703
5292,33,A+,10,6,2022-01-26,Routine,0.621
5293,46,O+,3,3,2024-08-03,Emergency,0.992
5294,11,A+,8,7,2024-03-01,Urgent,0.853
5295,76,O-,7,2,2024-02-18,Routine,0.276
5296,33,B+,2,2,2023-12-18,Routine,0.819
5297,39,AB+,5,4,2023-08-11,Urgent,0.847
5298,27,O+,8,6,2023-11-30,Routine,0.703
5299,17,O+,9,9,2023-04-18,Emergency,0.98
5300,71,AB+,1,1,2024-09-23,Urgent,0.653
5301,32,A+,6,5,2024-06-05,Routine,0.868
5302,74,AB+,9,6,2024-11-13,Routine,0.716
5303,5,A+,8,6,2023-03-26,Routine,0.718
5304,70,AB+,4,3,2022-10-19,Routine,0.8
5305,48,A+,9,7,2024-08-08,Routine,0.793
5306,20,O+,5,4,2022-03-18,Urgent,0.751
5307,70,AB+,10,7,2023-05-11,Urgent,0.733
5308,70,O+,10,7,2024-02-03,Urgent,0.717
5309,24,O+,4,2,2024-08-01,Urgent,0.618
5310,64,B+,9,6,2023-01-20,Routine,0.655
5311,73,O+,5,3,2022-09-12,Routine,0.677
5312,46,A+,10,9,2024-12-14,Urgent,0.913
5313,75,O+,4,3,2024-09-23,Emergency,0.743
5314,29,O+,1,1,2022-07-31,Routine,0.618
5315,8,A+,10,7,2022-01-17,Urgent,0.658
5316,70,B+,1,1,2023-04-03,Urgent,0.814
5317,60,A+,6,5,2022-03-01,Emergency,0.784
5318,62,O+,7,6,2022-06-01,Routine,0.858
5319,27,A+,6,5,2024-05-20,Routine,0.914
5320,35,O+,8,6,2024-06-04,Emergency,0.735
5321,15,O+,8,5,2023-06-08,Routine,0.687
5322,33,O+,3,3,2022-02-18,Routine,0.972
5323,73,A+,3,2,2023-10-20,Emergency,0.545
5324,71,O+,6,4,2023-09-30,Routine,0.692
5325,32,O-,5,3,2023-06-02,Routine,0.644
5326,72,O+,8,5,2023-07-19,Routine,0.635
5327,61,O+,9,8,2023-05-12,Urgent,0.929
5328,42,A+,5,4,2023-02-24,Urgent,0.779
5329,2,O-,1,1,2024-06-24,Urgent,0.583
5330,38,O+,8,8,2024-09-10,Urgent,0.991
5331,5,O+,9,7,2024-09-15,Urgent,0.746
5332,41,A+,5,3,2022-04-08,Urgent,0.655
5333,60,B+,3,3,2022-04-15,Routine,0.872
5334,33,O+,6,4,2023-09-23,Routine,0.734
5335,12,B+,6,5,2023-02-28,Routine,0.781
5336,67,O+,3,3,2023-06-16,Routine,0.931
5337,63,O+,3,3,2024-04-23,Urgent,0.899
5338,40,B+,6,4,2024-10-20,Urgent,0.698
5339,4,O+,9,7,2022-10-09,Routine,0.784
5340,23,O+,8,5,2024-09-18,Routine,0.651
5341,10,A+,2,1,2022-07-25,Routine,0.627
5342,4,A-,3,1,2024-09-06,Urgent,0.443
5343,37,O+,6,6,2024-02-19,Routine,0.982
5344,11,B+,9,8,2024-07-07,Routine,0.868
5345,14,B+,10,9,2022-09-24,Urgent,0.915
5346,53,O+,6,4,2023-08-28,Routine,0.618
5347,45,B+,10,8,2022-04-12,Routine,0.773
5348,59,B+,9,8,2024-10-04,Emergency,0.875
5349,2,A+,9,6,2022-08-10,Urgent,0.719
5350,74,A+,8,6,2023-03-05,Urgent,0.731
5351,67,O+,10,9,2022-11-06,Routine,0.862
5352,34,B-,8,5,2023-12-08,Emergency,0.684
5353,59,B-,2,1,2023-04-15,Urgent,0.31
5354,62,O+,2,1,2023-06-13,Emergency,0.592
5355,19,A+,6,4,2024-01-16,Urgent,0.716
5356,69,O+,4,3,2022-11-15,Routine,0.728
5357,2,O+,1,1,2024-03-18,Routine,0.67
5358,29,A+,4,4,2023-01-30,Routine,0.932
5359,10,A+,7,4,2023-11-25,Urgent,0.634
5360,39,O+,10,7,2023-06-20,Routine,0.737
5361,31,O+,5,4,2023-02-13,Routine,0.877
5362,18,B+,4,3,2023-10-24,Routine,0.659
5363,43,O+,5,3,2022-02-21,Urgent,0.628
5364,24,A+,6,5,2024-04-16,Routine,0.894
5365,71,A+,4,2,2022-09-21,Emergency,0.573
5366,24,B+,8,6,2022-04-09,Routine,0.787
5367,16,A+,1,1,2022-06-13,Routine,0.64
5368,72,B+,1,1,2023-03-23,Urgent,0.86
5369,41,A+,3,3,2022-11-22,Emergency,0.981
5370,78,O+,3,3,2023-01-17,Urgent,0.947
5371,68,B+,5,5,2023-01-05,Routine,0.931
5372,58,A+,3,2,2022-02-06,Urgent,0.71
5373,18,O+,4,4,2023-03-17,Routine,0.984
5374,66,AB+,10,6,2023-11-10,Routine,0.607
5375,34,B+,5,4,2022-05-20,Routine,0.755
5376,49,O+,5,4,2023-02-08,Routine,0.721
5377,54,O+,9,8,2024-04-14,Routine,0.896
5378,72,A+,4,3,2022-04-20,Routine,0.747
5379,21,B+,6,4,2023-10-02,Routine,0.704
5380,27,A+,9,8,2022-07-22,Routine,0.858
5381,63,O+,1,1,2024-02-25,Urgent,0.875
5382,49,B-,3,2,2023-05-26,Urgent,0.516
5383,22,A+,8,6,2022-10-07,Routine,0.784
5384,67,A+,7,5,2024-02-28,Urgent,0.706
5385,65,AB+,4,4,2023-12-07,Routine,0.961
5386,5,B+,7,4,2022-04-10,Emergency,0.576
5387,26,O+,10,10,2023-02-08,Urgent,0.983
5388,33,A+,4,3,2024-11-15,Emergency,0.782
5389,1,O+,1,1,2024-12-14,Routine,0.86
5390,69,A+,8,6,2024-02-06,Routine,0.705
5391,25,AB+,10,9,2023-05-22,Urgent,0.866
5392,80,B+,9,7,2022-09-02,Routine,0.773
5393,28,A+,10,9,2022-07-08,Routine,0.911
5394,53,O+,5,3,2022-05-15,Urgent,0.653
5395,71,B+,5,4,2023-04-21,Routine,0.839
5396,23,O+,2,2,2023-07-25,Routine,0.839
5397,58,A+,2,2,2023-01-18,Routine,0.811
5398,67,A+,5,4,2023-09-29,Urgent,0.779
5399,77,O+,10,9,2024-08-27,Routine,0.943
5400,51,O+,1,1,2024-05-11,Urgent,0.885
5401,16,A+,10,10,2022-12-21,Urgent,0.996
5402,77,AB+,7,7,2022-11-10,Routine,0.94
5403,11,B+,3,3,2024-06-02,Urgent,0.921
5404,69,AB+,1,1,2024-06-12,Urgent,0.78
5405,65,B+,6,6,2024-03-25,Urgent,0.956
5406,9,A+,10,10,2024-11-21,Urgent,0.963
5407,49,O+,9,8,2022-10-21,Urgent,0.94
5408,76,O+,10,6,2023-09-02,Emergency,0.614
5409,27,O+,10,6,2024-08-30,Urgent,0.614
5410,74,A+,6,6,2023-04-12,Routine,0.978
5411,29,A+,7,7,2023-04-29,Emergency,0.969
5412,23,O+,10,7,2024-02-25,Routine,0.744
5413,61,O+,1,1,2023-12-23,Emergency,0.784
5414,65,A+,4,3,2023-04-18,Urgent,0.681
5415,35,O+,9,7,2022-05-09,Routine,0.767
5416,9,B+,3,2,2023-10-15,Routine,0.803
5417,66,A+,6,4,2023-11-14,Urgent,0.625
5418,23,A+,1,1,2023-02-08,Routine,0.844
5419,6,O+,7,5,2023-05-24,Routine,0.729
5420,16,O+,8,7,2024-12-07,Urgent,0.817
5421,59,A+,1,1,2022-08-01,Routine,0.825
5422,55,A+,9,7,2024-05-14,Routine,0.815
5423,41,O+,5,3,2023-10-28,Routine,0.615
5424,41,O+,1,1,2024-10-07,Routine,0.781
5425,76,A+,5,4,2024-07-08,Urgent,0.755
5426,63,A+,4,3,2022-12-10,Emergency,0.692
5427,65,B-,8,5,2024-07-27,Urgent,0.633
5428,3,O+,5,4,2024-10-14,Urgent,0.866
5429,56,O+,9,5,2024-09-18,Urgent,0.603
5430,73,A+,8,7,2024-04-27,Emergency,0.916
5431,28,A-,6,4,2024-01-16,Routine,0.678
5432,52,A+,5,4,2022-12-15,Urgent,0.796
5433,62,O+,3,3,2023-10-30,Urgent,0.978
5434,36,O+,9,7,2024-08-22,Emergency,0.757
5435,39,O+,7,5,2024-10-04,Routine,0.743
5436,12,O+,4,4,2023-10-20,Routine,0.949
5437,45,O+,2,2,2023-04-17,Routine,0.761
5438,24,O+,8,6,2023-08-22,Routine,0.713
5439,8,A+,4,4,2022-01-06,Routine,0.926
5440,10,O+,4,3,2022-02-19,Urgent,0.745
5441,69,A+,9,8,2022-05-30,Routine,0.88
5442,17,O+,10,10,2022-03-11,Routine,0.958
5443,46,O+,3,3,2024-04-22,Emergency,0.928
5444,30,O+,5,3,2024-10-30,Emergency,0.681
5445,66,A+,6,5,2022-05-14,Routine,0.777
5446,47,O+,5,5,2024-09-15,Routine,0.927
5447,60,O+,2,1,2022-12-09,Urgent,0.632
5448,61,O+,2,1,2023-01-09,Urgent,0.695
5449,10,A+,8,7,2022-03-18,Routine,0.921
5450,71,A+,7,4,2024-01-25,Urgent,0.631
5451,29,B+,1,1,2023-03-15,Urgent,0.899
5452,55,O+,3,2,2023-05-19,Routine,0.811
5453,13,O+,5,3,2024-09-14,Routine,0.63
5454,65,A+,4,3,2023-06-19,Routine,0.813
5455,1,B+,6,5,2024-09-30,Routine,0.842
5456,48,O+,3,2,2022-04-08,Routine,0.604
5457,15,O+,8,6,2022-01-14,Urgent,0.717
5458,17,A+,6,5,2022-01-30,Emergency,0.785
5459,7,A+,9,7,2024-07-14,Urgent,0.752
5460,50,O+,8,7,2022-10-05,Routine,0.855
5461,50,O+,10,6,2024-05-18,Routine,0.625
5462,50,A+,1,1,2023-07-26,Routine,0.902
5463,55,O+,2,2,2022-10-27,Urgent,0.809
5464,72,A+,6,5,2023-03-10,Urgent,0.772
5465,49,AB+,9,6,2023-04-26,Routine,0.705
5466,50,A+,7,6,2023-03-21,Routine,0.813
5467,38,A+,2,1,2024-07-24,Routine,0.703
5468,39,A+,3,2,2024-07-18,Urgent,0.713
5469,36,O+,3,2,2024-12-02,Routine,0.771
5470,73,A+,7,6,2024-02-12,Emergency,0.885
5471,18,O+,7,5,2024-05-08,Urgent,0.685
5472,9,B+,5,5,2023-01-01,Routine,0.907
5473,32,O+,8,6,2023-12-11,Routine,0.736
5474,2,A+,4,4,2022-11-05,Urgent,0.994
5475,8,O+,5,5,2023-07-29,Emergency,0.977
5476,40,O-,8,4,2023-01-14,Urgent,0.486
5477,67,O+,7,6,2023-02-15,Routine,0.848
5478,47,A+,7,6,2023-02-05,Routine,0.855
5479,18,O+,2,2,2023-12-06,Urgent,0.869
5480,43,B+,9,8,2022-10-26,Urgent,0.894
5481,29,A+,2,1,2024-08-20,Routine,0.681
5482,5,O+,6,5,2024-04-06,Routine,0.864
5483,18,O+,7,6,2023-10-31,Urgent,0.791
5484,33,A+,3,2,2022-03-04,Urgent,0.786
5485,48,O+,10,6,2022-04-28,Routine,0.628
5486,70,A+,4,3,2022-09-20,Urgent,0.642
5487,4,O+,2,2,2023-11-07,Urgent,0.967
5488,24,B+,7,4,2024-05-29,Emergency,0.639
5489,42,A+,8,7,2024-09-09,Routine,0.872
5490,6,B+,10,8,2022-06-02,Routine,0.831
5491,68,AB+,6,4,2024-09-09,Urgent,0.699
5492,42,O+,7,6,2024-11-15,Routine,0.844
5493,78,B+,4,3,2023-08-20,Urgent,0.664
5494,3,O+,8,5,2023-03-17,Urgent,0.612
5495,38,O+,8,5,2024-01-19,Routine,0.679
5496,80,O+,8,6,2024-01-08,Emergency,0.723
5497,57,A+,9,8,2022-12-11,Routine,0.875
5498,61,O+,10,8,2022-07-16,Routine,0.758
5499,6,B+,5,3,2024-07-22,Routine,0.699
5500,52,B+,4,3,2022-07-29,Urgent,0.748
5501,8,B-,3,2,2024-12-26,Routine,0.59
5502,64,A+,5,4,2024-08-06,Urgent,0.781
5503,64,A-,2,1,2022-05-26,Routine,0.295
5504,75,B+,3,3,2022-07-31,Routine,0.864
5505,13,B+,1,1,2022-04-09,Urgent,0.709
5506,56,O+,1,1,2024-03-16,Emergency,0.604
5507,21,O+,8,6,2022-06-02,Urgent,0.709
5508,75,AB+,6,6,2023-11-11,Urgent,0.943
5509,66,A+,2,1,2022-05-07,Urgent,0.62
5510,29,O+,2,2,2023-10-20,Urgent,0.973
5511,53,O+,9,8,2023-03-22,Urgent,0.862
5512,19,O+,2,2,2023-12-12,Urgent,0.76
5513,22,A+,4,3,2024-10-05,Urgent,0.84
5514,44,A+,6,5,2023-08-21,Routine,0.881
5515,33,O+,9,7,2024-02-01,Routine,0.767
5516,39,O+,7,7,2024-05-30,Routine,0.941
5517,68,A+,10,8,2023-12-07,Urgent,0.757
5518,39,B+,4,4,2022-07-14,Routine,0.987
5519,73,O+,8,5,2023-03-09,Routine,0.647
5520,34,A+,1,1,2022-04-29,Urgent,0.762
5521,7,O+,6,6,2024-06-04,Urgent,0.935
5522,71,O+,1,1,2023-10-15,Urgent,0.974
5523,34,B+,10,8,2023-10-21,Routine,0.824
5524,38,O+,4,3,2023-02-02,Urgent,0.822
5525,33,A+,4,3,2022-09-29,Urgent,0.743
5526,13,O+,7,5,2024-05-02,Routine,0.766
5527,9,B+,3,2,2022-10-04,Routine,0.688
5528,44,A+,8,6,2023-02-13,Urgent,0.736
5529,12,A+,3,2,2022-09-01,Urgent,0.601
5530,19,A+,5,4,2022-11-03,Urgent,0.802
5531,57,B+,7,6,2024-09-07,Routine,0.84
5532,17,O+,10,8,2022-12-06,Urgent,0.762
5533,74,O+,3,3,2023-01-22,Urgent,0.959
5534,78,B+,8,7,2024-06-30,Routine,0.868
5535,14,O+,7,5,2023-06-18,Emergency,0.728
5536,36,O+,3,2,2022-08-01,Emergency,0.719
5537,79,O+,5,4,2023-11-19,Emergency,0.732
5538,28,A-,6,2,2023-12-13,Routine,0.304
5539,33,O+,2,1,2022-12-17,Routine,0.693
5540,37,B+,8,7,2022-03-31,Urgent,0.919
5541,52,A+,5,5,2023-06-25,Urgent,0.951
5542,16,B+,8,5,2024-07-15,Routine,0.647
5543,67,B+,2,1,2022-08-18,Emergency,0.67
5544,80,A+,10,8,2024-07-07,Urgent,0.804
5545,76,B+,9,8,2022-08-09,Urgent,0.871
5546,12,A+,3,2,2023-01-23,Urgent,0.72
5547,49,A+,8,8,2024-08-27,Emergency,0.996
5548,77,A+,6,5,2022-11-16,Urgent,0.879
5549,74,B+,2,1,2023-02-14,Routine,0.629
5550,24,A+,4,3,2023-02-15,Urgent,0.859
5551,61,B+,10,9,2022-08-06,Routine,0.901
5552,40,B+,3,3,2024-10-13,Emergency,0.896
5553,8,O+,10,8,2024-12-18,Routine,0.785
5554,9,O+,1,1,2022-02-14,Emergency,0.939
5555,35,A+,8,7,2022-05-24,Urgent,0.846
5556,52,O+,6,5,2022-12-17,Emergency,0.872
5557,76,B+,7,5,2024-02-05,Routine,0.785
5558,32,O+,4,3,2022-01-22,Urgent,0.653
5559,15,O+,9,6,2023-08-22,Routine,0.629
5560,20,A+,3,2,2024-11-28,Urgent,0.673
5561,38,O+,2,2,2022-06-23,Emergency,0.814
5562,1,O+,9,7,2024-05-17,Urgent,0.785
5563,12,O+,5,5,2024-09-13,Urgent,0.972
5564,31,O+,5,3,2024-05-15,Emergency,0.69
5565,40,A+,10,6,2023-11-06,Emergency,0.633
5566,74,O+,8,7,2023-12-11,Urgent,0.824
5567,21,O+,9,6,2023-11-24,Routine,0.722
5568,9,O+,1,1,2024-09-24,Emergency,0.932
5569,39,A+,2,2,2022-01-06,Routine,0.89
5570,73,O+,10,7,2022-12-15,Emergency,0.74
5571,40,O-,9,4,2023-12-21,Routine,0.467
5572,76,A+,8,5,2022-02-16,Urgent,0.669
5573,13,O+,5,4,2023-02-14,Emergency,0.774
5574,6,A+,10,7,2022-03-22,Routine,0.662
5575,66,AB+,8,5,2024-10-12,Routine,0.682
5576,65,O+,4,3,2022-09-03,Routine,0.843
5577,45,O+,8,6,2022-06-25,Routine,0.703
5578,35,A+,1,1,2024-11-24,Urgent,0.718
5579,56,A+,5,4,2023-10-10,Routine,0.81
5580,71,B+,1,1,2022-06-18,Urgent,0.683
5581,72,A+,3,2,2024-11-24,Routine,0.759
5582,44,O+,5,3,2024-02-16,Urgent,0.6
5583,30,O+,9,8,2023-09-26,Routine,0.91
5584,31,A+,10,9,2023-02-05,Urgent,0.89
5585,51,B+,6,6,2024-05-04,Urgent,0.972
5586,66,O+,4,3,2022-07-13,Routine,0.63
5587,63,A+,9,7,2024-02-09,Urgent,0.755
5588,61,A+,7,5,2024-09-30,Routine,0.692
5589,73,B+,7,7,2023-03-25,Urgent,0.979
5590,35,A+,4,4,2022-03-23,Routine,0.998
5591,45,A+,7,6,2024-04-09,Routine,0.876
5592,74,B+,8,6,2022-06-25,Routine,0.762
5593,23,A+,3,2,2022-03-07,Urgent,0.743
5594,60,A+,9,9,2024-10-20,Urgent,0.946
5595,3,A+,6,5,2022-11-17,Routine,0.874
5596,32,O+,4,3,2024-05-09,Routine,0.855
5597,38,AB+,5,5,2023-09-14,Routine,0.908
5598,6,B-,10,3,2022-03-12,Urgent,0.283
5599,30,B+,5,4,2022-11-25,Routine,0.742
5600,28,A+,4,3,2022-12-19,Urgent,0.858
5601,69,O+,7,6,2023-11-13,Routine,0.816
5602,36,O+,10,9,2022-06-30,Urgent,0.942
5603,36,AB+,6,5,2022-06-21,Routine,0.774
5604,13,O+,8,8,2022-06-04,Routine,0.951
5605,15,B+,6,5,2023-11-02,Routine,0.822
5606,16,A+,5,3,2023-09-14,Emergency,0.626
5607,79,O+,10,10,2023-03-17,Emergency,0.955
5608,36,AB+,7,6,2022-03-29,Routine,0.817
5609,64,O+,8,5,2022-02-12,Routine,0.633
5610,26,A+,5,3,2024-12-06,Urgent,0.657
5611,8,A+,8,7,2024-05-31,Emergency,0.934
5612,70,O+,3,3,2023-01-03,Emergency,0.861
5613,56,B+,8,7,2023-10-28,Routine,0.934
5614,62,B-,5,2,2023-01-23,Urgent,0.326
5615,48,B+,8,6,2024-02-27,Routine,0.756
5616,7,B+,7,6,2023-06-20,Routine,0.86
5617,77,O+,6,4,2022-02-21,Routine,0.741
5618,47,O+,1,1,2023-09-16,Routine,0.865
5619,77,O+,2,2,2024-06-17,Urgent,0.9
5620,62,O+,5,4,2022-10-12,Urgent,0.787
5621,31,A+,7,7,2024-10-14,Routine,0.974
5622,61,O+,10,10,2023-10-26,Urgent,0.974
5623,5,O+,3,2,2022-12-01,Routine,0.787
5624,62,O+,10,9,2022-03-10,Emergency,0.895
5625,17,O+,9,8,2024-06-24,Routine,0.85
5626,56,A+,5,4,2023-10-02,Routine,0.869
5627,30,O+,3,2,2024-04-22,Routine,0.741
5628,33,O+,10,8,2022-07-28,Routine,0.801
5629,41,O+,9,6,2023-03-26,Routine,0.684
5630,74,B-,4,2,2022-09-13,Emergency,0.479
5631,76,B+,2,1,2023-09-28,Urgent,0.605
5632,80,O+,3,2,2022-01-08,Urgent,0.711
5633,53,O+,7,6,2022-06-27,Urgent,0.866
5634,23,O+,10,9,2022-05-15,Routine,0.924
5635,44,B+,5,5,2024-06-26,Routine,0.966
5636,64,AB+,7,5,2023-03-20,Routine,0.761
5637,13,AB+,3,2,2023-10-29,Routine,0.783
5638,25,B+,9,9,2022-01-25,Routine,0.983
5639,73,O+,4,3,2022-11-09,Routine,0.843
5640,80,B+,9,8,2022-07-21,Urgent,0.883
5641,45,O+,6,5,2022-04-18,Routine,0.843
5642,47,B+,10,7,2024-04-20,Emergency,0.745
5643,79,A+,6,4,2022-12-22,Routine,0.698
5644,14,A+,6,5,2022-03-05,Routine,0.897
5645,37,O+,6,4,2022-02-15,Routine,0.615
5646,53,B-,9,5,2024-06-22,Routine,0.503
5647,13,AB+,4,3,2024-09-06,Routine,0.864
5648,15,O+,10,9,2024-05-16,Routine,0.882
5649,26,A+,5,4,2023-02-27,Routine,0.702
5650,24,A+,8,7,2024-09-20,Urgent,0.871
5651,11,B+,4,3,2023-04-23,Routine,0.631
5652,55,A+,2,1,2022-11-13,Emergency,0.512
5653,59,O+,1,1,2023-04-09,Urgent,0.71
5654,24,A+,8,6,2024-06-28,Urgent,0.698
5655,13,A+,5,3,2022-02-26,Routine,0.657
5656,4,B+,5,4,2022-02-05,Urgent,0.823
5657,56,B+,7,4,2023-12-23,Urgent,0.6
5658,14,B+,1,1,2023-01-31,Urgent,0.921
5659,4,A+,7,5,2022-10-21,Routine,0.742
5660,75,A+,3,2,2023-11-30,Emergency,0.52
5661,53,O+,9,8,2024-08-20,Urgent,0.838
5662,70,A+,6,4,2023-12-12,Routine,0.683
5663,50,B+,3,3,2024-10-11,Routine,0.909
5664,48,O+,2,2,2023-07-24,Urgent,0.757
5665,26,O+,3,2,2023-07-17,Emergency,0.641
5666,8,AB+,1,1,2023-04-26,Routine,0.648
5667,29,O+,4,3,2023-03-17,Routine,0.655
5668,62,O+,2,2,2023-04-24,Urgent,0.772
5669,41,AB+,6,4,2024-11-11,Urgent,0.617
5670,43,O-,6,4,2023-09-16,Routine,0.66
5671,8,A+,9,6,2023-07-30,Routine,0.633
5672,73,O+,8,7,2022-10-10,Urgent,0.933
5673,73,O+,6,4,2022-04-14,Routine,0.678
5674,49,A+,10,10,2024-02-27,Urgent,0.981
5675,43,A+,1,1,2022-05-26,Urgent,0.65
5676,35,O-,1,0,2024-01-29,Routine,0.379
5677,69,A+,7,5,2024-02-27,Routine,0.735
5678,46,A+,10,8,2023-01-30,Routine,0.786
5679,66,O+,3,2,2022-10-20,Routine,0.783
5680,74,O+,1,1,2023-03-02,Routine,0.676
5681,2,O+,1,1,2024-05-23,Routine,0.962
5682,58,O+,9,6,2023-02-21,Routine,0.694
5683,38,A+,8,6,2023-05-25,Urgent,0.74
5684,1,O+,1,1,2023-09-15,Emergency,0.923
5685,68,A+,3,2,2022-04-08,Routine,0.662
5686,60,O+,9,8,2024-12-07,Urgent,0.836
5687,18,B+,2,2,2022-12-12,Routine,0.784
5688,44,O+,8,7,2024-11-04,Routine,0.918
5689,37,O+,3,2,2022-11-25,Urgent,0.618
5690,20,O+,4,4,2022-10-15,Routine,0.932
5691,37,O+,10,9,2022-03-18,Emergency,0.899
5692,29,A+,9,7,2023-12-10,Urgent,0.806
5693,49,O+,1,1,2024-11-25,Urgent,0.785
5694,22,A+,3,2,2022-07-15,Emergency,0.518
5695,44,O+,4,3,2022-06-07,Urgent,0.852
5696,55,A+,3,3,2024-10-20,Routine,0.874
5697,20,B+,7,7,2023-10-20,Emergency,0.974
5698,23,O+,4,2,2024-09-26,Routine,0.61
5699,54,O+,1,1,2024-10-03,Urgent,0.811
5700,68,AB+,4,4,2022-03-30,Urgent,0.906
5701,30,O+,7,5,2024-06-26,Routine,0.76
5702,42,O+,3,3,2023-10-11,Emergency,0.838
5703,20,A+,8,7,2023-07-14,Routine,0.933
5704,65,A-,5,2,2024-02-23,Routine,0.383
5705,70,O+,5,4,2023-05-23,Routine,0.888
5706,40,O+,3,3,2023-06-01,Routine,0.84
5707,64,O+,2,1,2024-05-05,Routine,0.677
5708,40,O+,7,5,2023-05-08,Urgent,0.784
5709,36,B+,1,1,2023-12-09,Routine,0.725
5710,56,A+,3,2,2023-05-31,Routine,0.686
5711,59,B+,2,2,2022-01-08,Urgent,0.843
5712,6,O+,6,3,2024-03-14,Emergency,0.542
5713,79,AB+,2,2,2023-11-15,Routine,0.959
5714,13,B-,7,3,2024-06-05,Urgent,0.429
5715,70,A+,5,3,2022-06-07,Routine,0.618
5716,27,A+,3,2,2022-07-09,Routine,0.667
5717,17,O+,7,6,2023-02-18,Urgent,0.789
5718,25,B+,3,2,2022-08-02,Urgent,0.653
5719,73,B+,5,5,2023-07-31,Routine,0.983
5720,17,O+,6,6,2024-02-15,Urgent,0.991
5721,10,O+,8,7,2022-01-06,Emergency,0.842
5722,60,B+,8,5,2022-08-31,Routine,0.671
5723,78,B+,2,1,2023-08-02,Urgent,0.66
5724,72,O+,9,6,2024-05-21,Routine,0.701
5725,26,O+,9,5,2022-04-14,Emergency,0.604
5726,29,A+,3,2,2023-03-08,Routine,0.736
5727,73,A-,6,3,2024-02-16,Urgent,0.466
5728,12,A+,3,2,2022-09-12,Routine,0.612
5729,79,O+,8,8,2024-06-14,Routine,0.974
5730,23,AB-,8,2,2023-08-09,Routine,0.202
5731,80,A+,3,3,2022-05-01,Urgent,0.985
5732,27,B+,6,4,2022-03-10,Routine,0.701
5733,8,O+,2,2,2024-11-16,Routine,0.893
5734,4,A+,6,4,2023-06-25,Routine,0.744
5735,44,O+,2,2,2022-12-23,Urgent,0.921
5736,68,B+,5,3,2023-08-28,Emergency,0.573
5737,46,A+,10,9,2023-08-02,Routine,0.898
5738,79,B+,4,4,2024-07-05,Urgent,0.953
5739,76,O+,10,8,2024-01-10,Routine,0.777
5740,73,B+,3,2,2023-06-21,Routine,0.747
5741,21,A+,6,4,2023-11-02,Routine,0.665
5742,44,O+,1,1,2023-03-01,Urgent,0.916
5743,73,O+,3,3,2023-08-25,Routine,0.923
5744,54,B+,3,3,2022-11-30,Urgent,0.855
5745,43,O+,8,7,2022-11-30,Emergency,0.87
5746,12,O+,2,2,2024-01-22,Routine,0.854
5747,57,A+,9,7,2023-05-31,Urgent,0.75
5748,51,A+,2,2,2023-02-08,Urgent,0.975
5749,51,A+,4,3,2022-11-12,Routine,0.804
5750,23,O+,5,3,2023-01-24,Routine,0.602
5751,74,O+,5,3,2022-07-20,Urgent,0.655
5752,4,AB+,8,8,2022-05-20,Routine,0.947
5753,18,AB+,8,5,2022-12-28,Routine,0.657
5754,41,B+,10,6,2022-07-22,Routine,0.606
5755,38,A+,2,2,2024-09-01,Routine,0.906
5756,10,A+,2,2,2023-11-19,Routine,0.755
5757,57,A+,3,2,2022-12-22,Emergency,0.761
5758,77,O+,9,8,2023-07-28,Routine,0.853
5759,47,O+,1,1,2022-07-23,Routine,0.697
5760,29,B+,1,1,2022-07-02,Emergency,0.706
5761,80,O+,6,5,2024-10-09,Urgent,0.819
5762,13,A+,9,6,2022-02-01,Urgent,0.714
5763,35,O+,5,3,2024-06-24,Emergency,0.549
5764,37,O-,1,1,2022-09-16,Routine,0.607
5765,28,B+,8,8,2023-12-31,Urgent,0.945
5766,63,AB+,2,2,2023-11-06,Urgent,0.79
5767,70,B+,10,8,2023-02-21,Urgent,0.835
5768,35,O+,10,9,2023-03-29,Routine,0.928
5769,43,O+,9,6,2024-08-25,Emergency,0.668
5770,24,O+,3,2,2023-07-31,Routine,0.801
5771,55,B+,4,2,2024-06-18,Routine,0.606
5772,79,O+,8,8,2023-12-03,Emergency,0.956
5773,54,B-,7,3,2022-04-22,Emergency,0.475
5774,63,O+,8,5,2024-10-14,Urgent,0.601
5775,57,O+,2,2,2023-05-16,Routine,0.929
5776,56,B+,9,8,2022-01-30,Routine,0.902
5777,39,A+,4,2,2024-02-28,Routine,0.62
5778,51,B+,10,7,2022-08-10,Routine,0.705
5779,34,O+,3,2,2024-04-09,Urgent,0.66
5780,71,A+,2,2,2022-10-25,Urgent,0.987
5781,46,B+,3,2,2024-07-20,Urgent,0.77
5782,76,A+,7,6,2024-01-01,Routine,0.885
5783,4,O+,3,2,2023-08-28,Routine,0.642
5784,32,B+,9,8,2024-09-10,Routine,0.9
5785,32,A-,3,2,2022-05-27,Urgent,0.54
5786,23,A+,4,2,2022-07-26,Emergency,0.553
5787,55,B+,7,5,2023-11-26,Urgent,0.675
5788,62,A+,8,7,2024-07-15,Routine,0.857
5789,34,A+,1,1,2023-04-20,Routine,0.686
5790,73,AB+,1,1,2023-11-02,Routine,0.901
5791,42,A+,6,3,2022-11-01,Emergency,0.513
5792,49,A+,5,4,2022-04-11,Emergency,0.746
5793,49,O+,5,4,2024-06-05,Routine,0.889
5794,3,B+,3,2,2024-09-09,Urgent,0.631
5795,57,B+,7,6,2022-09-17,Urgent,0.882
5796,66,O+,2,1,2023-12-10,Routine,0.667
5797,53,A+,1,1,2022-12-27,Routine,0.693
5798,77,B+,9,7,2023-09-28,Emergency,0.822
5799,50,O+,7,6,2024-07-14,Urgent,0.867
5800,76,A+,3,3,2023-02-04,Routine,0.852
5801,12,B+,1,1,2023-10-05,Routine,0.791
5802,61,A-,7,2,2024-02-16,Emergency,0.242
5803,39,O+,7,4,2024-10-21,Routine,0.605
5804,4,O-,4,1,2022-05-21,Urgent,0.338
5805,69,O+,6,5,2022-07-27,Routine,0.835
5806,8,B+,6,4,2023-01-23,Routine,0.623
5807,39,O+,3,3,2024-06-05,Urgent,0.985
5808,3,O+,9,9,2023-06-14,Urgent,0.978
5809,19,O+,3,3,2023-08-23,Routine,0.939
5810,18,O+,3,3,2023-11-03,Urgent,0.997
5811,40,O+,8,5,2022-04-30,Emergency,0.603
5812,10,B+,9,6,2023-05-27,Emergency,0.697
5813,72,B+,5,5,2024-06-27,Emergency,0.992
5814,58,O+,2,2,2022-08-11,Urgent,0.832
5815,13,A+,8,6,2023-07-21,Routine,0.774
5816,50,O+,5,5,2023-08-17,Emergency,0.913
5817,21,AB-,6,3,2024-12-04,Routine,0.555
5818,11,AB+,2,2,2024-07-25,Urgent,0.961
5819,65,O+,3,2,2022-08-24,Routine,0.692
5820,40,B+,1,1,2022-05-08,Emergency,0.524
5821,9,O+,10,6,2022-07-12,Routine,0.639
5822,50,O+,9,6,2022-04-06,Routine,0.666
5823,41,O+,1,1,2023-02-10,Routine,0.675
5824,62,O+,3,3,2023-06-02,Routine,0.985
5825,17,O+,2,2,2024-12-01,Routine,0.974
5826,54,A-,3,1,2023-05-30,Urgent,0.472
5827,80,O+,1,1,2024-02-23,Urgent,0.743
5828,18,A+,3,2,2024-08-20,Routine,0.761
5829,39,O+,5,3,2022-01-24,Urgent,0.684
5830,47,O+,6,4,2023-12-17,Emergency,0.633
5831,60,B+,1,1,2022-05-21,Urgent,0.748
5832,13,A+,7,6,2023-07-23,Urgent,0.899
5833,76,O+,2,1,2024-04-18,Routine,0.744
5834,74,A+,2,2,2022-06-13,Emergency,0.874
5835,24,O+,1,1,2024-03-27,Routine,0.924
5836,49,A+,10,6,2022-11-28,Routine,0.616
5837,9,O+,6,6,2022-12-13,Routine,0.986
5838,51,O+,4,3,2023-06-10,Urgent,0.832
5839,11,O+,8,8,2022-12-25,Urgent,0.977
5840,8,A+,7,7,2023-09-20,Urgent,0.935
5841,2,O+,6,5,2024-12-07,Urgent,0.879
5842,58,A+,9,7,2023-08-31,Urgent,0.752
5843,78,O+,9,8,2024-12-27,Emergency,0.924
5844,53,O+,1,1,2022-04-05,Routine,0.954
5845,50,A+,7,6,2024-02-09,Urgent,0.927
5846,6,A+,7,7,2024-03-21,Urgent,0.954
5847,77,O+,10,9,2022-01-24,Routine,0.91
5848,65,O+,3,2,2023-03-18,Routine,0.734
5849,70,O+,4,3,2022-01-02,Routine,0.831
5850,74,O+,7,6,2024-05-29,Urgent,0.866
5851,2,B-,10,6,2022-02-19,Routine,0.555
5852,49,AB+,8,6,2024-02-13,Routine,0.734
5853,62,B+,1,1,2023-11-15,Routine,0.801
5854,71,B+,8,6,2023-03-29,Routine,0.715
5855,77,B+,1,1,2024-05-03,Routine,0.963
5856,41,O-,5,1,2022-06-03,Urgent,0.239
5857,18,B+,5,5,2022-08-03,Routine,0.946
5858,50,A+,10,7,2022-06-18,Routine,0.722
5859,34,A+,5,5,2022-09-24,Urgent,0.945
5860,10,A+,3,3,2023-05-12,Routine,0.889
5861,76,O+,8,5,2022-01-14,Urgent,0.614
5862,52,AB+,9,5,2022-03-11,Urgent,0.605
5863,56,O+,1,1,2023-05-28,Routine,0.674
5864,44,O+,2,1,2023-11-23,Routine,0.674
5865,73,A+,7,7,2023-08-26,Urgent,0.93
5866,68,B+,1,1,2023-11-30,Urgent,0.723
5867,51,O+,10,10,2023-10-02,Routine,0.962
5868,30,O+,9,7,2022-04-13,Urgent,0.823
5869,77,O+,7,6,2022-12-22,Routine,0.86
5870,52,O+,10,7,2023-06-23,Routine,0.728
5871,36,B+,2,1,2024-12-03,Urgent,0.652
5872,29,O+,9,6,2022-02-26,Urgent,0.713
5873,29,B+,9,8,2022-09-26,Routine,0.908
5874,32,O+,5,4,2023-03-25,Urgent,0.899
5875,69,O+,3,3,2024-11-03,Urgent,0.922
5876,60,A+,1,1,2023-05-03,Routine,0.601
5877,1,A+,8,7,2024-06-21,Urgent,0.861
5878,58,B+,4,4,2023-07-06,Urgent,0.986
5879,74,A+,10,8,2024-05-30,Routine,0.807
5880,53,O+,8,8,2022-07-22,Routine,0.984
5881,80,A+,4,4,2024-06-23,Routine,0.928
5882,34,A+,7,6,2022-08-19,Routine,0.866
5883,39,B+,3,2,2023-06-04,Routine,0.621
5884,34,O+,3,2,2023-08-24,Urgent,0.768
5885,70,AB+,1,1,2024-08-04,Urgent,0.659
5886,35,AB+,9,5,2023-09-25,Emergency,0.525
5887,23,A-,8,2,2023-05-22,Emergency,0.282
5888,46,A+,10,8,2022-02-03,Routine,0.841
5889,12,B+,5,3,2024-11-24,Urgent,0.623
5890,5,O+,10,10,2023-04-24,Routine,0.972
5891,44,A+,10,7,2023-08-18,Routine,0.663
5892,50,O+,8,5,2023-03-12,Urgent,0.66
5893,42,O-,8,4,2023-01-18,Emergency,0.526
5894,63,A+,5,5,2022-10-22,Routine,0.959
5895,32,O+,7,4,2022-01-17,Urgent,0.614
5896,5,O+,9,7,2022-10-06,Routine,0.76
5897,58,A+,4,4,2023-06-30,Routine,0.983
5898,22,O+,5,5,2024-10-29,Urgent,0.95
5899,53,O+,5,5,2022-07-03,Urgent,0.947
5900,68,A+,1,1,2024-03-11,Routine,0.649
5901,34,O+,7,6,2023-06-05,Emergency,0.856
5902,56,O+,6,4,2022-04-12,Urgent,0.61
5903,21,O+,8,7,2022-08-06,Urgent,0.88
5904,21,B-,8,2,2022-08-28,Urgent,0.244
5905,2,A+,1,1,2024-04-09,Emergency,0.788
5906,19,B+,6,5,2023-12-05,Emergency,0.784
5907,27,A+,7,5,2023-08-14,Emergency,0.72
5908,7,B+,1,1,2022-02-08,Urgent,0.903
5909,9,O+,8,6,2024-03-19,Routine,0.716
5910,62,A+,10,9,2024-04-24,Urgent,0.927
5911,33,A+,2,1,2024-07-13,Emergency,0.715
5912,65,AB+,8,6,2022-08-03,Urgent,0.789
5913,31,A+,4,4,2024-06-02,Routine,0.898
5914,70,O+,4,3,2023-01-14,Routine,0.715
5915,70,O+,2,1,2024-03-02,Routine,0.718
5916,66,O+,9,6,2023-09-01,Urgent,0.646
5917,40,O+,1,1,2022-07-22,Routine,0.932
5918,69,B+,9,5,2023-11-14,Emergency,0.609
5919,55,O+,9,8,2024-01-09,Routine,0.932
5920,72,B-,9,2,2023-08-10,Routine,0.252
5921,47,B+,10,6,2022-07-22,Routine,0.626
5922,42,A+,3,3,2023-04-29,Routine,0.916
5923,32,O+,1,1,2022-07-30,Urgent,0.995
5924,52,O+,10,8,2024-05-23,Routine,0.843
5925,2,AB+,1,1,2022-10-06,Routine,0.913
5926,1,A+,3,2,2023-10-03,Routine,0.645
5927,58,O+,10,7,2023-02-27,Emergency,0.69
5928,59,B+,5,3,2023-04-12,Urgent,0.602
5929,54,B+,2,2,2022-06-26,Routine,0.964
5930,15,O+,7,4,2023-08-23,Routine,0.626
5931,22,B+,6,5,2024-02-16,Routine,0.806
5932,41,AB+,9,6,2023-12-18,Emergency,0.621
5933,26,O+,6,4,2024-04-06,Routine,0.749
5934,21,B+,10,7,2023-05-26,Emergency,0.727
5935,10,O+,7,6,2024-11-15,Routine,0.815
5936,5,B+,5,4,2022-02-24,Urgent,0.775
5937,56,O+,6,4,2024-01-28,Routine,0.702
5938,69,A+,7,4,2023-10-23,Emergency,0.525
5939,18,AB+,9,7,2023-09-30,Routine,0.776
5940,39,O+,9,8,2022-03-01,Urgent,0.899
5941,33,A+,9,5,2024-11-18,Emergency,0.562
5942,57,A-,7,4,2022-11-10,Routine,0.576
5943,38,O+,10,7,2022-01-06,Emergency,0.747
5944,72,O+,4,3,2023-07-20,Urgent,0.769
5945,68,A+,8,5,2022-07-27,Routine,0.636
5946,71,O+,1,1,2023-07-16,Urgent,0.954
5947,28,A-,6,3,2022-01-13,Routine,0.541
5948,68,A+,10,6,2024-04-02,Emergency,0.583
5949,16,A+,9,7,2023-06-07,Routine,0.756
5950,43,O+,6,6,2022-04-23,Urgent,0.978
5951,11,O+,5,5,2024-09-26,Emergency,0.922
5952,79,B-,9,5,2024-04-09,Routine,0.53
5953,29,O+,7,5,2024-05-23,Urgent,0.785
5954,26,B+,7,7,2024-09-07,Routine,0.938
5955,25,O+,9,8,2022-10-15,Routine,0.87
5956,47,A+,7,6,2024-11-12,Routine,0.924
5957,26,B+,1,1,2024-04-25,Routine,0.889
5958,47,B+,5,4,2022-05-18,Urgent,0.81
5959,6,B+,10,8,2024-12-13,Urgent,0.763
5960,28,A+,8,6,2024-01-18,Urgent,0.785
5961,2,A+,1,1,2024-09-14,Routine,0.936
5962,45,O+,1,1,2023-07-27,Routine,0.982
5963,7,AB+,4,4,2023-11-11,Urgent,0.889
5964,51,O+,4,3,2023-08-21,Routine,0.68
5965,52,B+,5,3,2024-09-29,Emergency,0.596
5966,11,O+,2,2,2023-08-29,Urgent,0.969
5967,20,O+,5,3,2023-07-15,Urgent,0.636
5968,47,O+,2,1,2024-07-20,Routine,0.73
5969,31,O+,8,7,2024-06-22,Urgent,0.925
5970,52,AB+,8,7,2024-03-20,Emergency,0.915
5971,74,A+,3,3,2024-06-16,Urgent,0.888
5972,69,B+,10,7,2024-01-10,Urgent,0.678
5973,80,O+,6,5,2023-10-29,Urgent,0.853
5974,10,O+,8,6,2023-08-28,Urgent,0.737
5975,12,A+,7,4,2022-01-22,Urgent,0.615
5976,10,O+,8,6,2022-09-12,Routine,0.787
5977,9,A+,4,3,2024-12-25,Routine,0.681
5978,49,O+,9,9,2024-03-06,Urgent,0.97
5979,10,O+,9,7,2023-10-16,Emergency,0.781
5980,71,O+,8,6,2023-10-21,Urgent,0.733
5981,48,A+,9,6,2023-08-23,Emergency,0.633
5982,56,O+,1,1,2024-04-21,Routine,0.769
5983,9,O+,3,2,2024-09-28,Routine,0.785
5984,73,O+,3,2,2022-11-30,Routine,0.817
5985,40,AB-,6,3,2022-10-20,Routine,0.582
5986,3,O+,3,2,2022-06-13,Routine,0.67
5987,53,B+,4,3,2023-03-12,Routine,0.814
5988,6,O+,9,7,2023-09-24,Routine,0.736
5989,70,AB+,4,4,2024-10-18,Emergency,0.889
5990,32,AB+,8,6,2022-01-18,Urgent,0.733
5991,4,AB+,6,4,2023-10-14,Urgent,0.647
5992,57,O+,5,4,2022-11-13,Urgent,0.826
5993,76,B+,5,3,2022-12-11,Urgent,0.657
5994,32,A+,9,6,2022-12-13,Urgent,0.668
5995,78,O+,2,2,2022-07-20,Emergency,0.982
5996,80,O+,8,6,2024-09-15,Emergency,0.769
5997,13,O+,5,4,2024-02-12,Emergency,0.71
5998,4,A+,7,6,2024-04-14,Routine,0.847
5999,4,A+,9,5,2024-12-09,Emergency,0.542
6000,18,O-,9,4,2024-07-02,Emergency,0.407
6001,9,B+,10,10,2023-01-26,Routine,0.968
6002,23,O+,2,2,2023-03-16,Urgent,0.984
6003,38,A+,4,3,2022-12-08,Emergency,0.637
6004,21,O+,3,3,2023-10-15,Routine,0.959
6005,14,B+,6,5,2023-01-12,Routine,0.9
6006,3,O+,2,2,2023-10-10,Urgent,0.834
6007,16,B+,5,5,2023-06-29,Routine,0.913
6008,40,O+,8,6,2022-10-01,Urgent,0.69
6009,41,A+,2,2,2023-05-19,Routine,0.892
6010,75,O-,1,0,2024-05-19,Routine,0.331
6011,48,B+,1,1,2024-03-30,Urgent,0.817
6012,9,O+,3,2,2024-11-20,Routine,0.74
6013,30,O+,2,2,2022-05-06,Routine,0.919
6014,78,O+,6,5,2022-11-13,Emergency,0.798
6015,70,B+,9,9,2023-02-24,Urgent,0.977
6016,37,O+,7,5,2023-06-26,Urgent,0.668
6017,53,A+,5,3,2024-09-29,Routine,0.631
6018,26,A+,7,6,2023-01-14,Routine,0.898
6019,38,O+,5,4,2024-05-04,Urgent,0.874
6020,23,A+,1,1,2024-10-14,Emergency,0.607
6021,54,B+,3,3,2022-05-15,Routine,0.918
6022,54,O+,4,3,2022-02-28,Urgent,0.87
6023,23,O+,8,7,2023-06-27,Routine,0.832
6024,30,O+,6,5,2023-07-19,Routine,0.877
6025,79,B+,9,9,2024-08-14,Routine,0.976
6026,38,A+,4,3,2022-12-05,Emergency,0.639
6027,2,A+,6,4,2024-02-21,Routine,0.683
6028,43,B+,4,4,2023-03-15,Urgent,0.929
6029,58,O+,7,6,2024-09-23,Routine,0.913
6030,73,O-,7,1,2024-06-04,Emergency,0.205
6031,26,AB+,9,9,2023-02-11,Emergency,0.997
6032,66,O+,3,3,2023-09-01,Urgent,0.887
6033,64,O+,10,8,2022-03-02,Routine,0.823
6034,44,O+,7,6,2024-01-08,Urgent,0.917
6035,9,A+,10,7,2024-02-17,Emergency,0.741
6036,32,O+,1,1,2024-11-29,Emergency,0.681
6037,67,A+,5,4,2022-12-19,Routine,0.718
6038,48,B+,7,6,2023-03-31,Routine,0.917
6039,11,O+,1,1,2023-10-29,Routine,0.682
6040,55,O-,5,2,2023-03-14,Routine,0.412
6041,57,B+,2,1,2024-12-26,Urgent,0.659
6042,59,A+,1,1,2022-04-29,Routine,0.923
6043,30,B+,1,1,2022-04-17,Routine,0.898
6044,34,A+,7,6,2024-10-10,Routine,0.882
6045,11,A+,6,4,2022-08-28,Urgent,0.717
6046,21,AB+,1,1,2022-03-03,Emergency,0.881
6047,31,A+,2,2,2023-03-05,Routine,0.927
6048,23,O+,6,5,2024-02-05,Routine,0.81
6049,58,O+,1,1,2022-11-28,Routine,0.893
6050,38,AB+,8,8,2022-03-04,Urgent,0.947
6051,2,A+,3,2,2022-01-15,Routine,0.69
6052,6,O+,2,1,2024-10-01,Routine,0.622
6053,74,AB+,10,8,2022-02-14,Urgent,0.807
6054,32,B+,1,1,2022-07-09,Routine,0.66
6055,15,A+,5,4,2024-09-10,Routine,0.827
6056,65,O+,10,9,2024-01-13,Emergency,0.948
6057,17,A+,5,5,2022-07-03,Urgent,0.943
6058,65,O+,5,5,2023-06-19,Urgent,0.938
6059,24,O+,4,3,2024-07-06,Urgent,0.71
6060,80,O+,1,1,2022-06-06,Emergency,0.506
6061,14,A+,3,2,2024-02-11,Routine,0.77
6062,42,AB+,4,4,2022-08-24,Routine,0.914
6063,23,O+,7,7,2023-01-10,Urgent,0.963
6064,6,O+,6,3,2024-11-01,Emergency,0.582
6065,66,A+,8,7,2022-06-18,Emergency,0.896
6066,2,O-,5,3,2023-08-30,Routine,0.564
6067,76,A+,5,3,2024-11-03,Urgent,0.63
6068,19,O+,3,2,2024-08-18,Routine,0.806
6069,15,A-,9,3,2022-08-10,Routine,0.331
6070,30,A+,2,2,2024-12-09,Routine,0.851
6071,53,A+,7,7,2024-03-26,Routine,0.936
6072,45,O+,7,5,2023-04-26,Routine,0.683
6073,71,AB+,5,3,2024-09-20,Routine,0.66
6074,43,AB+,4,3,2022-01-19,Routine,0.685
6075,71,B+,4,3,2022-12-04,Routine,0.798
6076,13,O+,5,3,2023-07-16,Routine,0.683
6077,46,O+,3,3,2022-03-25,Emergency,0.892
6078,23,A+,5,5,2022-04-18,Urgent,0.943
6079,65,O+,10,8,2023-09-28,Emergency,0.807
6080,1,O+,1,1,2022-07-11,Urgent,0.757
6081,57,B+,4,4,2024-07-02,Routine,0.979
6082,74,O+,2,2,2023-05-20,Routine,0.959
6083,23,B+,10,9,2024-03-21,Routine,0.89
6084,26,A+,6,5,2023-09-14,Emergency,0.827
6085,32,O+,1,1,2022-06-06,Routine,0.911
6086,62,A-,3,1,2022-06-28,Urgent,0.434
6087,32,B+,7,6,2023-12-28,Emergency,0.9
6088,9,O+,3,2,2024-05-28,Urgent,0.833
6089,42,A+,5,5,2024-01-08,Urgent,0.975
6090,61,O+,6,4,2022-02-01,Routine,0.648
6091,52,O+,7,7,2024-10-28,Emergency,0.989
6092,5,A+,9,9,2022-04-23,Urgent,0.99
6093,26,B+,3,3,2024-01-17,Routine,0.877
6094,56,O+,2,1,2023-09-08,Urgent,0.606
6095,61,A-,8,6,2023-08-23,Urgent,0.694
6096,45,O+,5,5,2023-03-31,Routine,0.917
6097,58,O+,7,6,2022-06-20,Routine,0.891
6098,70,AB+,2,1,2022-08-25,Urgent,0.741
6099,46,A+,8,7,2022-07-12,Routine,0.919
6100,42,AB+,4,4,2023-03-12,Routine,0.986
6101,21,A+,6,4,2022-07-04,Routine,0.687
6102,77,O+,2,2,2022-07-06,Urgent,0.948
6103,48,B+,9,7,2022-05-25,Routine,0.741
6104,53,B+,7,4,2023-06-06,Urgent,0.616
6105,32,A+,8,5,2024-03-22,Routine,0.65
6106,53,A-,6,2,2023-08-26,Routine,0.367
6107,80,B+,3,2,2022-08-21,Routine,0.62
6108,64,B+,2,2,2024-02-20,Routine,0.956
6109,7,B+,4,4,2023-11-03,Urgent,0.886
6110,39,A+,10,7,2022-10-01,Urgent,0.693
6111,69,A+,1,1,2024-06-15,Routine,0.836
6112,20,O+,2,1,2024-09-30,Routine,0.732
6113,52,O+,3,2,2023-05-25,Routine,0.682
6114,26,O+,5,3,2024-02-27,Urgent,0.623
6115,59,O+,2,1,2022-03-18,Urgent,0.7
6116,5,O+,1,1,2024-04-23,Routine,0.688
6117,9,A+,10,8,2023-10-08,Emergency,0.843
6118,10,O+,9,6,2023-12-21,Urgent,0.637
6119,76,B+,8,5,2022-05-26,Routine,0.674
6120,25,O+,9,7,2024-05-17,Urgent,0.749
6121,58,B+,7,6,2024-03-11,Routine,0.862
6122,31,O+,4,3,2023-06-10,Urgent,0.725
6123,30,O+,6,5,2022-07-23,Routine,0.755
6124,24,B+,8,6,2024-04-09,Urgent,0.722
6125,24,O+,4,3,2024-03-11,Routine,0.656
6126,57,O+,10,6,2023-12-24,Routine,0.629
6127,11,O+,9,8,2024-10-23,Urgent,0.835
6128,24,A-,6,3,2024-12-22,Urgent,0.551
6129,64,B+,8,8,2023-03-24,Routine,0.951
6130,46,A+,7,6,2023-08-03,Routine,0.887
6131,32,AB+,10,7,2023-02-15,Emergency,0.717
6132,35,B+,5,5,2023-08-10,Routine,0.984
6133,36,O+,7,6,2022-07-29,Urgent,0.867
6134,55,A+,4,3,2023-05-11,Routine,0.816
6135,60,B+,10,9,2023-11-08,Urgent,0.89
6136,62,B+,3,3,2024-10-15,Routine,0.875
6137,30,A+,6,4,2023-05-19,Urgent,0.603
6138,36,O+,7,6,2023-07-15,Routine,0.913
6139,11,O+,7,6,2023-11-25,Urgent,0.878
6140,7,A-,4,1,2023-09-23,Emergency,0.367
6141,58,O+,9,5,2022-04-11,Emergency,0.538
6142,10,O+,4,3,2023-12-12,Emergency,0.847
6143,21,O+,1,1,2024-08-12,Routine,0.795
6144,78,B+,3,2,2024-04-08,Urgent,0.803
6145,46,B+,9,6,2023-01-23,Urgent,0.618
6146,24,A+,4,3,2023-11-13,Urgent,0.759
6147,69,O+,4,3,2022-10-08,Urgent,0.758
6148,79,O-,7,2,2024-10-23,Routine,0.322
6149,65,AB+,1,1,2023-10-08,Routine,0.833
6150,56,B+,1,1,2023-07-08,Routine,0.677
6151,18,B-,8,3,2024-07-12,Urgent,0.376
6152,80,O+,3,2,2023-08-13,Routine,0.694
6153,46,O+,2,2,2024-12-04,Routine,0.969
6154,31,O+,3,3,2023-07-02,Emergency,0.943
6155,72,A+,9,9,2023-06-11,Emergency,0.971
6156,49,A+,5,4,2024-11-06,Urgent,0.831
6157,55,O+,8,7,2024-02-03,Routine,0.931
6158,79,A-,1,0,2023-03-19,Urgent,0.404
6159,28,A+,8,5,2022-05-05,Urgent,0.662
6160,33,O+,8,7,2024-12-06,Routine,0.911
6161,46,AB+,6,4,2023-06-22,Urgent,0.72
6162,65,B+,5,3,2024-09-26,Urgent,0.641
6163,1,A+,9,6,2023-06-23,Urgent,0.618
6164,71,A+,6,4,2023-02-21,Urgent,0.738
6165,59,B+,10,8,2023-03-11,Emergency,0.785
6166,70,O+,3,2,2023-08-20,Urgent,0.737
6167,21,A+,1,1,2022-05-11,Urgent,0.849
6168,32,B+,6,4,2022-02-08,Urgent,0.641
6169,14,O+,9,5,2024-08-18,Emergency,0.542
6170,80,A+,7,5,2024-08-15,Routine,0.776
6171,76,O+,7,5,2023-07-04,Urgent,0.664
6172,61,O+,10,9,2023-10-07,Routine,0.907
6173,6,B+,1,1,2022-09-10,Routine,0.846
6174,9,O+,9,9,2022-10-31,Urgent,0.949
6175,28,A+,5,4,2024-08-03,Urgent,0.893
6176,64,O+,3,2,2023-03-28,Routine,0.792
6177,44,O+,1,1,2023-08-22,Urgent,0.679
6178,44,O+,5,4,2024-01-09,Emergency,0.746
6179,47,O+,4,3,2023-09-24,Routine,0.759
6180,9,O+,10,8,2022-09-01,Urgent,0.838
6181,77,O+,5,5,2024-01-14,Urgent,0.956
6182,22,O+,7,6,2022-09-16,Routine,0.897
6183,53,O+,6,5,2022-02-09,Routine,0.769
6184,41,AB+,3,2,2024-04-30,Urgent,0.796
6185,49,A+,5,3,2024-07-05,Urgent,0.655
6186,70,B+,3,3,2023-07-05,Routine,0.919
6187,51,A+,5,4,2023-10-05,Urgent,0.816
6188,40,O+,9,7,2023-10-21,Routine,0.779
6189,53,B+,2,1,2022-10-13,Routine,0.651
6190,80,A+,1,1,2023-03-16,Urgent,0.974
6191,5,B+,10,9,2024-09-02,Routine,0.895
6192,71,O+,10,10,2023-08-22,Routine,0.974
6193,7,A+,4,2,2023-10-25,Urgent,0.625
6194,15,O+,9,7,2024-03-29,Urgent,0.758
6195,64,O+,10,9,2024-10-01,Routine,0.916
6196,29,O-,8,3,2024-03-02,Routine,0.434
6197,68,A+,2,2,2022-07-10,Urgent,0.93
6198,43,O+,7,7,2024-08-13,Routine,0.959
6199,2,B+,10,8,2022-02-28,Urgent,0.754
6200,47,O+,4,3,2022-01-19,Routine,0.781
6201,74,B+,9,6,2022-08-30,Urgent,0.713
6202,48,O+,2,1,2023-07-15,Emergency,0.525
6203,20,A+,9,8,2022-10-14,Routine,0.915
6204,68,A+,9,6,2024-03-05,Routine,0.646
6205,63,B+,10,9,2022-08-14,Emergency,0.925
6206,75,O-,5,2,2023-06-13,Routine,0.352
6207,17,O+,5,3,2023-02-07,Routine,0.638
6208,15,O+,3,2,2024-07-25,Emergency,0.554
6209,39,A-,2,1,2024-04-08,Routine,0.491
6210,8,B+,9,6,2023-10-25,Routine,0.66
6211,12,A-,1,1,2024-07-09,Routine,0.542
6212,33,A+,5,5,2024-10-28,Routine,0.957
6213,42,A+,7,5,2024-02-07,Emergency,0.658
6214,15,A+,8,6,2023-04-01,Routine,0.7
6215,61,A+,2,1,2024-02-18,Routine,0.744
6216,27,O+,7,6,2023-01-16,Routine,0.786
6217,77,A+,7,6,2022-03-27,Routine,0.826
6218,49,O+,4,4,2024-02-29,Urgent,0.967
6219,17,A+,4,4,2024-12-13,Routine,0.995
6220,15,O+,3,3,2022-11-24,Routine,0.847
6221,67,O-,5,3,2023-08-26,Urgent,0.697
6222,32,O+,6,4,2024-05-15,Routine,0.734
6223,53,O+,9,8,2024-09-20,Emergency,0.898
6224,35,AB+,10,8,2024-02-18,Routine,0.824
6225,25,O+,2,1,2024-06-30,Urgent,0.678
6226,60,O+,10,6,2024-01-31,Routine,0.642
6227,29,O+,5,3,2022-03-12,Routine,0.627
6228,5,B+,1,1,2023-05-18,Routine,0.765
6229,25,O+,4,3,2022-11-03,Routine,0.792
6230,52,AB+,5,5,2024-02-05,Urgent,0.942
6231,55,O+,6,5,2023-02-04,Routine,0.802
6232,30,B+,7,4,2022-09-22,Routine,0.633
6233,59,A+,1,1,2023-05-26,Urgent,0.845
6234,59,B+,8,6,2023-08-12,Urgent,0.75
6235,19,B+,9,8,2023-10-21,Urgent,0.929
6236,27,B+,4,3,2022-12-21,Urgent,0.76
6237,45,B+,9,8,2024-06-23,Routine,0.868
6238,32,O+,3,2,2022-10-29,Routine,0.725
6239,31,A+,10,9,2023-03-31,Urgent,0.931
6240,15,A+,7,6,2022-12-14,Routine,0.795
6241,19,A+,8,7,2023-02-10,Urgent,0.911
6242,62,O+,4,4,2024-09-30,Routine,0.981
6243,7,B+,8,7,2022-12-08,Routine,0.832
6244,41,B+,1,1,2023-08-15,Routine,0.967
6245,16,A-,5,2,2024-06-24,Routine,0.482
6246,17,B+,5,4,2022-02-20,Routine,0.876
6247,8,AB+,10,7,2022-06-16,Urgent,0.667
6248,49,A+,9,9,2022-06-08,Urgent,0.958
6249,52,B+,1,1,2024-03-11,Routine,0.87
6250,30,O+,9,7,2024-11-22,Routine,0.779
6251,6,B+,8,6,2024-05-10,Urgent,0.809
6252,21,O+,9,6,2022-09-17,Routine,0.656
6253,16,O-,3,2,2023-11-03,Urgent,0.679
6254,14,O+,9,6,2022-03-16,Urgent,0.676
6255,31,AB-,5,3,2023-12-24,Emergency,0.596
6256,62,A+,2,1,2023-11-14,Routine,0.704
6257,34,B+,10,7,2023-08-03,Routine,0.681
6258,9,B+,7,7,2022-12-29,Emergency,0.955
6259,60,AB+,9,7,2022-01-03,Emergency,0.788
6260,45,O+,2,1,2024-10-16,Routine,0.677
6261,40,O+,9,7,2023-08-17,Urgent,0.828
6262,26,B+,2,1,2022-06-29,Routine,0.609
6263,32,A+,9,7,2024-08-26,Routine,0.833
6264,31,O+,9,7,2024-08-11,Urgent,0.744
6265,71,A+,4,4,2022-04-21,Urgent,0.936
6266,78,O+,5,3,2022-01-03,Emergency,0.57
6267,14,O+,3,3,2022-03-29,Routine,0.966
6268,25,O+,2,2,2024-01-09,Urgent,0.895
6269,42,O+,7,5,2022-05-08,Routine,0.668
6270,38,A+,3,3,2022-05-21,Routine,0.839
6271,27,O+,9,7,2022-03-22,Urgent,0.781
6272,18,B+,2,2,2022-10-30,Routine,0.904
6273,41,O+,6,4,2024-01-28,Urgent,0.741
6274,75,AB+,3,2,2024-07-16,Routine,0.748
6275,1,A+,4,3,2024-03-12,Urgent,0.726
6276,37,O+,7,5,2022-05-13,Routine,0.755
6277,74,O+,4,3,2023-02-01,Urgent,0.69
6278,21,A+,4,3,2022-01-19,Urgent,0.674
6279,26,A+,5,5,2022-11-04,Urgent,0.972
6280,42,B+,1,1,2022-06-25,Routine,0.696
6281,69,O+,9,9,2022-06-10,Routine,0.962
6282,18,O+,10,9,2022-03-03,Routine,0.883
6283,65,A+,10,7,2023-03-01,Emergency,0.735
6284,35,O+,8,8,2024-04-20,Routine,0.946
6285,24,O+,8,8,2022-09-19,Routine,0.969
6286,24,O+,9,6,2023-01-18,Routine,0.711
6287,70,O+,7,5,2022-09-01,Routine,0.659
6288,39,O+,3,2,2024-02-13,Routine,0.827
6289,65,A-,5,2,2023-04-29,Urgent,0.326
6290,18,A+,10,6,2023-12-26,Routine,0.621
6291,31,A+,7,6,2022-06-09,Routine,0.883
6292,18,O+,4,4,2024-06-18,Routine,0.894
6293,25,AB+,6,6,2024-05-13,Routine,0.964
6294,10,B+,10,8,2023-08-23,Routine,0.817
6295,74,B+,5,5,2022-07-29,Urgent,0.951
6296,58,O+,5,4,2024-03-28,Routine,0.739
6297,47,O+,3,3,2022-05-20,Routine,0.896
6298,38,O+,5,4,2022-02-23,Routine,0.884
6299,10,O+,9,8,2024-02-02,Routine,0.912
6300,51,O+,1,1,2022-08-09,Urgent,0.884
6301,32,AB+,9,6,2024-09-24,Emergency,0.637
6302,9,O+,2,2,2024-04-19,Urgent,0.791
6303,30,O+,7,6,2023-04-29,Urgent,0.876
6304,34,B+,7,4,2023-04-02,Urgent,0.619
6305,41,O+,1,1,2022-10-03,Routine,0.754
6306,12,O-,1,0,2024-08-23,Routine,0.399
6307,20,A+,8,6,2023-04-29,Routine,0.787
6308,32,AB+,2,1,2022-06-03,Urgent,0.613
6309,16,B+,3,3,2024-10-23,Routine,0.906
6310,57,O+,7,7,2024-01-04,Urgent,0.971
6311,57,B+,6,4,2024-08-02,Urgent,0.692
6312,51,O+,9,8,2023-07-13,Routine,0.886
6313,69,O+,8,6,2024-04-17,Urgent,0.712
6314,11,B+,8,7,2022-10-22,Routine,0.907
6315,31,A+,9,7,2023-04-09,Urgent,0.759
6316,46,O+,6,4,2022-05-11,Urgent,0.616
6317,50,A+,1,1,2022-10-28,Urgent,0.986
6318,59,O+,3,2,2022-04-26,Urgent,0.658
6319,25,O+,7,6,2023-10-24,Urgent,0.882
6320,77,A+,2,1,2024-11-15,Routine,0.66
6321,46,A+,6,5,2024-02-08,Urgent,0.784
6322,9,O+,3,2,2023-04-19,Routine,0.649
6323,35,O+,5,4,2022-12-09,Emergency,0.852
6324,39,A+,5,5,2022-09-29,Urgent,0.958
6325,29,O+,2,1,2023-04-27,Urgent,0.709
6326,10,A+,7,6,2022-09-24,Emergency,0.824
6327,10,A+,10,9,2024-03-15,Urgent,0.909
6328,1,O+,9,5,2023-02-01,Routine,0.601
6329,52,O+,10,7,2022-04-04,Routine,0.658
6330,29,B+,8,7,2023-04-10,Urgent,0.929
6331,7,O+,5,3,2022-06-07,Routine,0.653
6332,37,A+,9,6,2024-04-06,Urgent,0.645
6333,12,A+,7,5,2024-09-23,Urgent,0.717
6334,42,A+,10,6,2022-07-26,Emergency,0.609
6335,43,A+,9,6,2022-08-05,Emergency,0.69
6336,14,O+,3,2,2022-03-15,Urgent,0.666
6337,66,B+,6,5,2024-09-27,Urgent,0.883
6338,68,A+,4,4,2022-01-14,Routine,0.942
6339,46,O+,7,6,2022-11-10,Routine,0.867
6340,80,O+,10,9,2024-08-22,Urgent,0.93
6341,75,O+,9,6,2024-06-18,Routine,0.698
6342,71,O+,10,8,2024-10-14,Urgent,0.773
6343,63,B+,1,1,2024-12-22,Routine,0.809
6344,3,A+,10,7,2024-12-18,Routine,0.68
6345,52,O+,5,5,2023-02-27,Urgent,0.98
6346,60,O+,6,4,2022-10-25,Urgent,0.749
6347,75,O+,7,6,2023-02-20,Routine,0.809
6348,35,A+,4,3,2023-03-09,Urgent,0.725
6349,26,O-,6,3,2023-05-22,Emergency,0.536
6350,20,B+,5,5,2023-03-08,Urgent,0.932
6351,28,O+,6,4,2023-07-16,Routine,0.736
6352,17,B+,1,1,2023-09-17,Urgent,0.756
6353,44,A+,1,1,2024-10-30,Routine,0.636
6354,17,A-,1,0,2024-07-12,Routine,0.227
6355,24,A+,6,6,2023-07-23,Urgent,0.944
6356,1,B+,5,5,2024-09-24,Urgent,0.979
6357,14,B+,8,6,2022-11-18,Emergency,0.784
6358,43,O+,4,4,2022-06-06,Routine,0.931
6359,52,A+,7,5,2022-10-16,Routine,0.713
6360,35,O+,3,2,2023-07-29,Routine,0.793
6361,78,O+,6,6,2022-08-28,Routine,0.992
6362,9,O+,7,4,2022-06-29,Emergency,0.551
6363,54,O+,7,4,2024-07-28,Urgent,0.612
6364,26,A+,3,2,2024-03-08,Urgent,0.626
6365,49,A+,4,2,2022-01-08,Urgent,0.613
6366,53,O+,5,5,2024-04-21,Urgent,0.925
6367,65,A+,7,6,2022-11-26,Routine,0.867
6368,45,O+,10,8,2024-07-19,Urgent,0.823
6369,73,A+,7,6,2024-05-14,Urgent,0.829
6370,24,O+,6,4,2022-10-20,Routine,0.675
6371,65,B+,5,4,2024-01-04,Urgent,0.843
6372,16,O-,3,1,2022-05-29,Routine,0.203
6373,2,AB+,6,6,2022-12-20,Routine,0.917
6374,34,A+,7,4,2022-03-27,Routine,0.643
6375,14,O+,7,6,2023-02-05,Urgent,0.918
6376,76,B+,3,3,2024-07-22,Routine,0.866
6377,20,O+,9,7,2024-09-22,Routine,0.734
6378,23,A+,7,7,2023-08-14,Routine,0.981
6379,16,O+,6,4,2023-10-30,Urgent,0.692
6380,42,O+,9,8,2023-09-14,Routine,0.864
6381,12,O+,10,7,2022-09-23,Routine,0.749
6382,78,O+,7,6,2023-04-26,Routine,0.894
6383,33,O+,10,7,2023-11-09,Urgent,0.675
6384,10,AB+,9,8,2022-10-12,Urgent,0.877
6385,10,A+,10,9,2022-01-24,Routine,0.863
6386,44,A+,6,4,2022-06-03,Routine,0.615
6387,65,B+,2,2,2022-10-12,Urgent,0.857
6388,36,A+,8,7,2022-12-03,Routine,0.904
6389,44,O+,1,1,2022-08-25,Emergency,0.999
6390,48,A+,6,4,2023-04-25,Routine,0.621
6391,5,O+,1,1,2022-07-26,Routine,0.878
6392,18,O+,6,6,2023-08-31,Emergency,0.961
6393,47,O+,5,4,2022-06-16,Routine,0.887
6394,12,O+,9,6,2023-03-22,Emergency,0.683
6395,50,A+,7,7,2024-04-01,Urgent,0.979
6396,5,B+,7,7,2024-01-10,Routine,0.99
6397,30,A+,7,6,2022-07-29,Urgent,0.843
6398,36,A+,7,5,2024-05-18,Urgent,0.709
6399,11,B+,5,4,2024-10-12,Urgent,0.846
6400,37,A+,7,6,2022-06-08,Routine,0.788
6401,20,B+,4,4,2023-07-23,Routine,0.977
6402,16,A+,8,6,2022-07-07,Urgent,0.713
6403,69,O-,9,4,2023-01-09,Routine,0.444
6404,70,O+,3,2,2022-06-30,Emergency,0.521
6405,69,O+,6,5,2022-12-18,Urgent,0.832
6406,63,O+,2,2,2023-08-31,Urgent,0.792
6407,18,AB+,4,2,2022-03-20,Urgent,0.602
6408,44,O+,3,3,2022-08-25,Routine,0.968
6409,11,O+,7,6,2024-12-23,Emergency,0.924
6410,70,A+,3,2,2022-09-15,Emergency,0.541
6411,47,A+,2,2,2022-10-12,Routine,0.869
6412,55,A+,2,2,2022-11-24,Routine,0.861
6413,10,A-,6,3,2023-08-15,Emergency,0.471
6414,24,B+,5,4,2023-05-31,Routine,0.825
6415,23,B+,9,7,2024-05-06,Urgent,0.811
6416,29,A+,9,6,2024-09-23,Urgent,0.62
6417,12,O+,10,9,2023-07-09,Urgent,0.887
6418,12,O+,5,5,2022-12-22,Emergency,0.919
6419,71,A+,4,3,2022-06-30,Urgent,0.843
6420,5,A+,10,7,2023-02-10,Emergency,0.678
6421,68,O+,1,1,2024-05-28,Urgent,0.939
6422,52,B+,5,4,2023-10-12,Emergency,0.729
6423,19,B+,3,2,2024-08-20,Urgent,0.732
6424,69,A+,10,6,2024-02-11,Routine,0.631
6425,70,A+,7,7,2023-07-02,Routine,0.97
6426,48,AB+,3,2,2022-04-13,Routine,0.793
6427,41,A+,5,5,2024-08-19,Urgent,0.912
6428,57,O+,8,7,2024-08-01,Urgent,0.898
6429,12,AB+,8,8,2024-07-25,Routine,0.947
6430,75,AB+,3,3,2022-09-02,Routine,0.994
6431,1,O+,1,1,2022-11-01,Urgent,0.625
6432,32,A+,9,7,2023-03-02,Routine,0.782
6433,64,O+,1,1,2024-11-10,Routine,0.956
6434,70,A+,7,6,2023-06-19,Urgent,0.856
6435,66,A+,8,6,2022-08-20,Routine,0.757
6436,52,A+,10,7,2023-02-07,Routine,0.687
6437,33,A+,4,4,2022-06-01,Routine,0.902
6438,51,O+,7,5,2024-01-10,Urgent,0.761
6439,6,B+,5,3,2022-11-15,Routine,0.64
6440,4,B+,1,1,2023-01-12,Urgent,0.909
6441,65,AB+,6,5,2024-04-01,Urgent,0.812
6442,37,B+,1,1,2023-08-24,Routine,0.893
6443,21,B+,10,9,2024-05-11,Urgent,0.926
6444,61,A+,8,6,2024-02-18,Routine,0.753
6445,48,O+,6,4,2022-11-18,Routine,0.746
6446,39,B+,8,6,2022-10-30,Urgent,0.765
6447,70,A+,9,8,2024-02-05,Routine,0.866
6448,18,A+,2,1,2023-07-13,Routine,0.661
6449,39,A+,6,4,2023-04-19,Urgent,0.712
6450,70,A+,4,3,2023-12-18,Routine,0.796
6451,57,O+,4,3,2022-01-04,Urgent,0.708
6452,9,B-,1,0,2022-02-02,Routine,0.474
6453,10,O+,4,3,2022-09-11,Routine,0.746
6454,71,O+,9,8,2022-02-14,Urgent,0.923
6455,32,A+,8,6,2024-06-10,Urgent,0.791
6456,11,O+,7,5,2024-03-06,Urgent,0.659
6457,75,A+,1,1,2022-12-17,Routine,0.669
6458,60,A+,3,2,2023-06-08,Routine,0.755
6459,22,O+,8,6,2022-02-12,Routine,0.742
6460,38,O+,1,1,2023-03-06,Emergency,0.784
6461,49,AB+,5,4,2024-10-14,Urgent,0.752
6462,34,O+,9,8,2023-06-11,Routine,0.861
6463,71,B+,1,1,2023-03-12,Urgent,0.716
6464,18,A+,8,7,2022-04-03,Routine,0.932
6465,27,B+,5,4,2022-11-17,Routine,0.791
6466,3,A+,7,4,2024-12-03,Routine,0.628
6467,6,B+,1,1,2023-10-15,Routine,0.785
6468,19,O+,5,5,2024-12-15,Routine,0.906
6469,9,O+,3,3,2024-05-12,Urgent,0.86
6470,2,B+,3,3,2023-09-24,Urgent,0.953
6471,11,O+,3,3,2023-03-31,Routine,0.868
6472,69,A+,7,6,2024-08-16,Urgent,0.885
6473,5,AB+,4,3,2023-12-02,Urgent,0.851
6474,8,O+,3,2,2023-05-19,Emergency,0.798
6475,56,AB-,8,3,2022-12-12,Urgent,0.329
6476,31,A+,8,5,2024-06-11,Routine,0.677
6477,15,O+,3,2,2024-12-04,Routine,0.827
6478,59,O+,2,1,2023-09-03,Urgent,0.603
6479,35,O+,1,1,2023-01-15,Urgent,0.621
6480,19,O+,9,7,2022-02-13,Routine,0.805
6481,71,O+,3,3,2022-09-22,Routine,0.962
6482,17,O-,7,3,2022-07-01,Urgent,0.468
6483,71,B+,5,4,2022-04-29,Routine,0.894
6484,43,B+,2,2,2024-01-24,Urgent,0.774
6485,61,O+,10,8,2023-08-10,Routine,0.834
6486,10,B+,5,4,2022-10-27,Routine,0.8
6487,63,B+,7,6,2024-07-15,Routine,0.874
6488,74,B+,3,3,2022-07-22,Urgent,0.915
6489,57,A+,1,1,2022-01-08,Routine,0.76
6490,20,A+,8,5,2024-12-14,Routine,0.615
6491,19,AB+,6,4,2023-11-22,Routine,0.627
6492,70,O+,2,2,2023-01-07,Urgent,0.93
6493,14,A+,8,8,2024-09-17,Routine,0.966
6494,20,B+,5,4,2022-03-02,Routine,0.708
6495,42,B+,8,6,2024-04-26,Routine,0.688
6496,66,O+,2,1,2024-01-08,Emergency,0.624
6497,77,O+,4,4,2022-05-13,Urgent,0.906
6498,11,B+,7,6,2024-05-30,Emergency,0.842
6499,35,O+,5,4,2024-07-10,Urgent,0.885
6500,46,O+,5,5,2024-05-07,Urgent,0.923
6501,59,A+,9,6,2024-08-27,Routine,0.671
6502,19,B+,4,3,2022-02-17,Routine,0.692
6503,35,O+,3,3,2024-11-25,Urgent,0.914
6504,51,O+,5,5,2022-10-15,Routine,0.978
6505,17,O+,5,4,2023-06-08,Urgent,0.76
6506,20,O+,3,3,2022-09-30,Routine,0.985
6507,66,O-,5,2,2022-07-20,Routine,0.319
6508,74,A+,3,3,2022-11-06,Routine,0.841
6509,18,A+,4,3,2023-06-09,Urgent,0.757
6510,40,B+,7,5,2023-12-14,Routine,0.715
6511,40,AB+,10,8,2024-07-19,Urgent,0.834
6512,5,O+,9,8,2023-04-28,Routine,0.939
6513,5,A+,10,9,2024-05-20,Routine,0.881
6514,50,B+,3,3,2022-09-02,Emergency,0.936
6515,49,O+,6,4,2023-04-05,Urgent,0.63
6516,19,O+,1,1,2022-09-23,Routine,0.716
6517,4,O+,4,3,2024-07-26,Routine,0.656
6518,54,O+,4,3,2024-09-03,Urgent,0.729
6519,32,B+,5,3,2022-01-15,Urgent,0.682
6520,66,AB+,1,1,2024-03-19,Routine,0.633
6521,78,A+,1,1,2024-03-12,Routine,0.862
6522,57,A+,3,2,2022-10-29,Emergency,0.541
6523,55,B+,6,4,2023-09-15,Urgent,0.727
6524,33,O+,6,5,2022-02-27,Routine,0.779
6525,69,A+,2,2,2022-11-12,Routine,0.916
6526,9,B-,4,2,2023-04-28,Routine,0.559
6527,1,AB+,4,4,2022-02-24,Routine,0.998
6528,48,O+,2,1,2022-08-15,Urgent,0.604
6529,61,O+,8,6,2024-12-17,Routine,0.699
6530,57,O+,5,3,2023-12-02,Emergency,0.596
6531,76,B+,7,7,2022-06-09,Routine,0.947
6532,20,O+,9,5,2022-07-19,Urgent,0.608
6533,67,A+,8,7,2023-01-16,Routine,0.841
6534,6,B+,4,3,2022-08-24,Urgent,0.7
6535,49,A+,3,3,2023-06-16,Routine,0.976
6536,63,O+,5,4,2023-04-03,Routine,0.743
6537,77,A+,3,3,2023-04-14,Urgent,0.99
6538,39,O+,5,3,2022-10-22,Urgent,0.623
6539,48,O+,8,7,2022-04-06,Urgent,0.818
6540,54,O+,3,2,2022-09-25,Urgent,0.641
6541,75,O+,2,2,2024-02-27,Routine,0.971
6542,29,B+,8,8,2023-06-22,Urgent,0.979
6543,43,O+,8,5,2023-03-05,Routine,0.643
6544,11,B+,8,6,2023-07-17,Routine,0.753
6545,3,A+,4,3,2023-04-25,Urgent,0.657
6546,68,A+,3,2,2022-09-10,Urgent,0.675
6547,79,O+,5,4,2024-05-19,Urgent,0.8
6548,25,AB+,9,5,2023-10-22,Urgent,0.608
6549,57,A+,6,4,2024-04-12,Urgent,0.744
6550,71,O+,5,4,2022-02-16,Urgent,0.78
6551,37,O+,3,2,2023-09-21,Routine,0.795
6552,9,A+,3,3,2023-03-05,Routine,0.94
6553,39,O+,8,7,2023-03-25,Urgent,0.854
6554,5,A+,2,2,2024-09-30,Routine,0.996
6555,26,O+,2,1,2023-09-09,Emergency,0.714
6556,13,O+,1,1,2023-04-09,Routine,0.961
6557,23,A+,1,1,2023-07-18,Routine,0.671
6558,38,O+,7,5,2023-02-17,Routine,0.773
6559,80,O+,9,9,2024-01-26,Emergency,0.961
6560,26,A+,4,3,2022-06-06,Routine,0.814
6561,39,O+,3,2,2023-12-29,Urgent,0.625
6562,28,O+,9,7,2024-01-16,Routine,0.757
6563,38,B+,3,3,2024-05-08,Routine,0.909
6564,22,B+,4,3,2022-10-18,Routine,0.772
6565,39,O+,6,4,2023-02-16,Urgent,0.72
6566,68,A+,8,7,2024-12-03,Urgent,0.874
6567,47,A+,4,4,2024-08-08,Routine,0.907
6568,78,O+,5,4,2024-01-04,Routine,0.79
6569,5,A+,2,1,2022-02-23,Routine,0.617
6570,22,A+,8,6,2022-08-30,Urgent,0.801
6571,47,A+,9,5,2023-12-15,Emergency,0.61
6572,63,O+,9,6,2023-12-17,Urgent,0.656
6573,38,B+,3,3,2022-03-08,Routine,0.952
6574,36,A+,5,5,2024-09-13,Routine,0.936
6575,10,O+,4,3,2022-07-23,Emergency,0.749
6576,60,A+,7,4,2022-04-28,Routine,0.642
6577,66,A+,10,8,2024-09-02,Routine,0.823
6578,13,O+,10,8,2024-10-23,Routine,0.814
6579,61,B+,5,4,2024-11-05,Urgent,0.899
6580,8,A-,7,2,2024-02-29,Routine,0.247
6581,59,O+,6,5,2023-08-14,Routine,0.851
6582,77,O+,5,4,2022-05-31,Routine,0.705
6583,55,O+,3,2,2024-08-24,Emergency,0.561
6584,38,B+,4,3,2022-11-21,Routine,0.723
6585,80,A+,6,5,2024-02-25,Emergency,0.805
6586,4,A+,7,6,2023-07-31,Emergency,0.806
6587,51,A+,2,1,2022-06-27,Routine,0.703
6588,17,O+,7,5,2022-05-04,Routine,0.655
6589,14,AB+,10,10,2023-01-08,Urgent,0.998
6590,27,A-,5,2,2024-07-16,Routine,0.343
6591,14,B+,6,5,2024-09-21,Urgent,0.815
6592,54,O+,4,4,2022-01-09,Routine,0.981
6593,79,B+,3,3,2022-03-05,Routine,0.921
6594,40,B+,3,2,2022-07-08,Urgent,0.823
6595,69,A+,9,6,2022-08-26,Urgent,0.679
6596,6,O+,10,6,2022-05-11,Emergency,0.571
6597,55,A+,10,10,2024-07-04,Routine,0.964
6598,29,A+,3,3,2023-11-18,Routine,0.944
6599,62,O-,7,4,2022-03-10,Routine,0.549
6600,64,O+,10,9,2022-04-01,Routine,0.882
6601,33,O+,10,6,2024-06-14,Urgent,0.647
6602,37,B+,3,2,2023-10-22,Routine,0.645
6603,25,A+,8,8,2024-03-20,Urgent,0.963
6604,38,O+,4,4,2024-10-15,Routine,0.968
6605,28,A+,1,1,2022-06-05,Urgent,0.691
6606,55,B+,1,1,2024-04-01,Routine,0.867
6607,55,A-,6,1,2024-08-17,Routine,0.207
6608,74,AB+,2,2,2024-05-04,Urgent,0.883
6609,45,A+,7,5,2023-01-13,Urgent,0.707
6610,9,B+,7,5,2022-08-09,Routine,0.693
6611,73,A+,8,7,2023-08-21,Routine,0.85
6612,61,B+,10,9,2024-03-05,Urgent,0.895
6613,12,O+,6,4,2023-04-21,Routine,0.659
6614,57,A+,3,2,2023-01-16,Routine,0.663
6615,39,O+,10,10,2022-11-01,Urgent,0.994
6616,35,O+,10,10,2024-12-13,Urgent,0.971
6617,41,O+,3,2,2023-05-01,Routine,0.691
6618,67,O+,9,6,2023-10-05,Urgent,0.655
6619,36,A+,5,4,2023-08-03,Urgent,0.888
6620,35,O+,2,2,2024-12-02,Routine,0.786
6621,55,A+,2,2,2022-05-27,Urgent,0.847
6622,28,B+,7,4,2024-04-07,Routine,0.632
6623,16,A+,1,1,2024-01-21,Emergency,0.623
6624,72,O+,5,4,2022-05-21,Routine,0.727
6625,45,A+,5,5,2022-08-08,Urgent,0.938
6626,34,A+,10,8,2024-10-22,Emergency,0.77
6627,5,O+,1,1,2024-10-06,Urgent,0.791
6628,8,O+,10,6,2023-02-15,Emergency,0.571
6629,74,O+,5,3,2024-08-23,Routine,0.607
6630,7,O+,1,1,2023-01-04,Urgent,0.735
6631,52,O-,7,4,2023-03-12,Urgent,0.569
6632,27,A-,4,2,2023-03-31,Routine,0.453
6633,25,AB+,5,3,2023-12-27,Emergency,0.68
6634,75,B+,6,4,2024-07-20,Routine,0.741
6635,31,B+,5,4,2024-02-08,Urgent,0.805
6636,53,A+,4,4,2024-10-11,Emergency,0.971
6637,20,A+,9,7,2022-09-20,Urgent,0.73
6638,2,O+,8,6,2023-07-11,Routine,0.715
6639,29,O+,5,3,2022-04-21,Emergency,0.651
6640,64,O+,8,6,2023-03-31,Routine,0.79
6641,61,B+,7,6,2022-01-08,Routine,0.822
6642,63,O+,10,9,2024-12-08,Urgent,0.903
6643,72,A+,6,6,2022-01-06,Routine,0.938
6644,14,O+,7,4,2023-07-31,Routine,0.627
6645,75,A+,5,5,2023-05-17,Routine,0.968
6646,70,O+,10,7,2023-05-24,Emergency,0.704
6647,35,O+,3,3,2024-05-12,Routine,0.968
6648,58,B+,7,6,2023-09-18,Emergency,0.901
6649,59,A+,8,7,2022-02-28,Urgent,0.907
6650,8,O+,1,1,2022-11-05,Routine,0.824
6651,54,O+,3,2,2024-06-06,Routine,0.779
6652,61,A+,6,4,2022-08-29,Routine,0.743
6653,18,O+,10,7,2023-06-17,Emergency,0.724
6654,34,A+,1,1,2022-08-30,Emergency,0.584
6655,37,B+,4,4,2023-03-31,Urgent,0.876
6656,57,O+,8,7,2023-07-15,Urgent,0.9
6657,13,AB+,4,4,2022-08-05,Urgent,0.965
6658,42,O+,1,1,2023-06-03,Routine,0.926
6659,5,O-,5,2,2023-03-10,Urgent,0.365
6660,15,A+,3,3,2024-12-31,Urgent,0.989
6661,73,AB+,3,3,2024-07-26,Routine,0.955
6662,41,O+,6,3,2023-06-10,Emergency,0.51
6663,79,AB+,6,3,2022-10-26,Emergency,0.581
6664,23,A+,10,6,2023-07-20,Routine,0.615
6665,16,O+,8,8,2024-06-05,Routine,0.989
6666,70,O+,1,1,2023-02-26,Urgent,0.991
6667,25,A+,9,6,2023-11-13,Routine,0.662
6668,66,A+,3,2,2022-03-09,Routine,0.604
6669,73,B+,3,3,2023-04-06,Urgent,0.946
6670,13,B+,8,5,2024-06-04,Urgent,0.671
6671,49,O+,2,2,2023-03-20,Routine,0.991
6672,37,O+,5,3,2022-08-24,Routine,0.618
6673,59,O+,10,7,2022-01-03,Routine,0.711
6674,80,AB+,7,7,2022-05-03,Urgent,0.942
6675,79,O+,10,7,2024-05-28,Urgent,0.734
6676,65,A+,9,8,2023-06-17,Routine,0.844
6677,11,AB+,6,5,2023-04-25,Routine,0.899
6678,47,O+,7,7,2023-06-28,Routine,0.996
6679,39,O+,10,7,2022-01-30,Urgent,0.716
6680,49,O+,2,1,2022-04-02,Routine,0.64
6681,41,A+,4,3,2023-11-06,Urgent,0.811
6682,66,O+,1,1,2024-01-27,Routine,0.844
6683,10,B+,2,2,2024-11-06,Urgent,0.884
6684,75,O+,7,6,2024-03-12,Routine,0.796
6685,40,B+,1,1,2023-12-20,Routine,0.888
6686,9,O+,10,8,2024-01-21,Urgent,0.841
6687,22,A+,3,2,2024-06-11,Routine,0.785
6688,48,O+,2,1,2023-01-31,Urgent,0.745
6689,18,O+,4,4,2024-08-01,Routine,0.901
6690,53,O+,6,5,2022-06-27,Urgent,0.82
6691,52,A+,5,3,2024-01-27,Routine,0.697
6692,34,O+,8,7,2024-09-09,Urgent,0.844
6693,51,O-,5,2,2023-04-04,Routine,0.311
6694,80,O+,8,5,2023-09-07,Urgent,0.604
6695,37,O+,10,8,2022-10-04,Routine,0.831
6696,51,B+,3,3,2022-08-02,Routine,0.889
6697,78,B+,2,2,2022-12-30,Routine,0.781
6698,75,O+,1,1,2022-03-10,Routine,0.97
6699,73,B+,5,4,2023-01-11,Routine,0.816
6700,70,A+,3,3,2022-02-15,Routine,0.994
6701,45,B+,6,6,2022-07-15,Urgent,0.987
6702,25,A+,2,2,2023-12-03,Routine,0.791
6703,18,A-,2,1,2023-06-26,Routine,0.39
6704,45,B+,8,7,2023-01-23,Routine,0.834
6705,20,O+,5,5,2023-04-17,Emergency,0.97
6706,31,B+,7,4,2024-01-19,Urgent,0.61
6707,80,O+,1,1,2023-05-11,Emergency,0.695
6708,42,B+,4,3,2024-02-25,Emergency,0.775
6709,42,B+,2,1,2023-04-23,Routine,0.668
6710,51,B-,5,3,2024-10-29,Routine,0.593
6711,77,O+,4,3,2023-02-27,Urgent,0.685
6712,44,O+,6,6,2024-01-03,Urgent,0.929
6713,25,O+,1,1,2022-03-04,Routine,0.87
6714,78,A+,3,2,2023-06-23,Urgent,0.794
6715,57,A+,9,9,2022-06-02,Routine,0.991
6716,16,O+,7,5,2024-01-31,Urgent,0.688
6717,28,O+,4,3,2024-01-04,Routine,0.643
6718,66,A+,10,9,2024-10-14,Routine,0.923
6719,19,O+,5,5,2023-01-09,Routine,0.984
6720,12,B+,2,2,2024-09-13,Routine,0.899
6721,39,B+,5,5,2024-11-16,Urgent,0.934
6722,35,O-,7,3,2023-09-26,Emergency,0.399
6723,67,B+,8,6,2024-06-18,Urgent,0.772
6724,18,B+,8,6,2024-04-18,Urgent,0.752
6725,8,A+,7,6,2023-07-01,Urgent,0.835
6726,73,O+,8,5,2024-07-09,Emergency,0.625
6727,72,O+,9,6,2022-05-05,Routine,0.623
6728,59,O+,10,10,2023-06-04,Urgent,0.983
6729,52,O+,7,6,2022-06-12,Routine,0.878
6730,51,O+,3,3,2023-09-16,Routine,0.891
6731,37,B+,7,7,2022-03-24,Emergency,0.979
6732,37,O+,7,4,2023-11-27,Urgent,0.604
6733,47,O+,5,3,2023-08-08,Emergency,0.559
6734,53,A+,7,5,2024-06-17,Routine,0.687
6735,69,A+,7,5,2023-12-24,Urgent,0.758
6736,79,A+,6,4,2022-11-12,Emergency,0.586
6737,31,A+,2,2,2023-09-06,Routine,0.96
6738,51,O+,7,6,2023-07-02,Routine,0.811
6739,64,A+,2,1,2022-03-28,Routine,0.682
6740,26,B+,5,5,2023-11-26,Urgent,0.935
6741,39,A+,2,1,2022-03-10,Routine,0.739
6742,12,A+,10,7,2022-05-15,Urgent,0.679
6743,41,A+,7,5,2022-02-26,Routine,0.71
6744,13,O+,3,3,2023-12-23,Urgent,0.964
6745,26,A+,5,3,2024-12-17,Routine,0.628
6746,35,O+,1,1,2024-12-07,Routine,0.688
6747,33,B+,4,3,2024-08-24,Urgent,0.656
6748,2,B+,5,5,2022-06-25,Routine,0.987
6749,36,O+,2,2,2024-05-03,Routine,0.938
6750,79,AB+,9,6,2024-03-01,Routine,0.703
6751,6,O+,10,9,2024-01-16,Routine,0.852
6752,77,O+,4,4,2023-09-22,Urgent,0.937
6753,47,B+,1,1,2024-05-17,Urgent,0.68
6754,24,O+,6,4,2024-04-01,Routine,0.664
6755,80,B+,2,2,2024-09-15,Urgent,0.902
6756,26,A+,6,5,2022-04-13,Urgent,0.9
6757,21,O+,7,6,2022-12-24,Routine,0.791
6758,71,O+,1,1,2023-05-05,Routine,0.662
6759,13,O+,2,1,2022-11-03,Urgent,0.733
6760,17,AB+,4,4,2024-05-31,Routine,0.987
6761,22,O+,1,1,2023-11-11,Urgent,0.805
6762,1,A+,4,3,2023-08-30,Routine,0.788
6763,13,O+,8,5,2024-12-28,Routine,0.635
6764,60,A-,4,1,2022-08-08,Routine,0.33
6765,56,O+,10,9,2022-03-08,Routine,0.914
6766,4,AB+,10,9,2023-01-10,Routine,0.891
6767,69,O+,4,3,2022-01-25,Urgent,0.737
6768,23,AB+,9,8,2022-08-05,Emergency,0.888
6769,66,O+,7,6,2023-10-25,Urgent,0.843
6770,21,A+,4,3,2023-04-17,Routine,0.809
6771,16,AB+,8,8,2024-02-28,Urgent,0.979
6772,11,O+,2,2,2022-07-06,Routine,0.852
6773,27,O+,7,5,2022-03-23,Routine,0.719
6774,9,A-,6,3,2022-06-25,Urgent,0.579
6775,15,O-,5,2,2022-06-14,Routine,0.401
6776,61,AB+,2,1,2022-07-31,Emergency,0.695
6777,1,B+,5,5,2023-05-27,Emergency,0.91
6778,23,B+,5,4,2023-08-03,Routine,0.751
6779,54,A+,1,1,2024-11-23,Routine,0.914
6780,74,O+,4,4,2023-06-04,Routine,0.895
6781,53,A+,7,5,2024-08-16,Urgent,0.738
6782,17,B+,1,1,2022-11-29,Routine,0.946
6783,68,O+,9,8,2023-04-14,Routine,0.858
6784,21,A-,2,1,2022-05-25,Urgent,0.302
6785,46,A+,9,5,2024-11-16,Routine,0.605
6786,25,A+,7,4,2024-12-05,Urgent,0.637
6787,43,O+,7,6,2024-09-25,Routine,0.838
6788,46,O+,3,2,2024-05-11,Routine,0.63
6789,68,O+,5,4,2024-06-25,Routine,0.709
6790,5,B+,10,9,2022-11-03,Routine,0.858
6791,67,B+,9,6,2022-11-07,Emergency,0.72
6792,38,A+,4,3,2024-12-18,Urgent,0.717
6793,11,A+,4,3,2023-10-07,Routine,0.74
6794,35,A+,7,6,2023-08-30,Routine,0.852
6795,44,O+,8,7,2024-08-24,Routine,0.813
6796,15,B+,1,1,2022-09-25,Routine,0.718
6797,37,O+,9,6,2023-12-09,Urgent,0.707
6798,62,O+,2,1,2024-11-14,Urgent,0.684
6799,19,O+,2,2,2022-11-18,Urgent,0.764
6800,37,O+,6,5,2023-06-20,Emergency,0.756
6801,26,O+,6,6,2023-10-01,Urgent,0.942
6802,21,B+,6,4,2023-09-21,Routine,0.738
6803,52,AB+,10,9,2023-02-22,Urgent,0.859
6804,4,O+,6,5,2023-01-30,Routine,0.858
6805,37,A+,8,7,2024-04-26,Routine,0.84
6806,76,O+,2,1,2022-04-05,Urgent,0.737
6807,56,O+,3,2,2022-10-21,Urgent,0.718
6808,33,A+,8,5,2023-10-12,Routine,0.602
6809,35,O+,3,2,2024-09-11,Routine,0.743
6810,40,B+,1,1,2024-04-06,Routine,0.89
6811,15,A-,4,2,2022-09-21,Urgent,0.459
6812,48,B+,10,8,2024-11-26,Routine,0.835
6813,27,O+,2,2,2022-05-30,Emergency,0.907
6814,7,B+,5,4,2023-04-27,Urgent,0.76
6815,50,O+,5,4,2022-12-29,Urgent,0.89
6816,54,A+,3,3,2023-12-02,Urgent,0.975
6817,44,O+,1,1,2023-06-09,Emergency,0.607
6818,4,A+,1,1,2023-06-12,Urgent,0.813
6819,32,O+,7,5,2022-06-30,Emergency,0.675
6820,69,O+,10,8,2024-01-30,Routine,0.836
6821,12,B+,3,2,2023-05-22,Routine,0.641
6822,42,O+,6,5,2022-07-30,Emergency,0.803
6823,36,A+,10,8,2024-01-30,Urgent,0.828
6824,35,O+,2,1,2022-06-30,Emergency,0.561
6825,41,A+,10,9,2024-01-26,Routine,0.881
6826,4,AB+,1,1,2024-02-06,Routine,0.844
6827,9,A+,4,3,2022-11-19,Urgent,0.85
6828,30,O+,1,1,2024-03-10,Emergency,0.817
6829,36,O+,7,5,2023-04-10,Urgent,0.647
6830,56,B+,5,5,2024-09-25,Routine,0.985
6831,30,O+,6,6,2023-03-11,Urgent,0.978
6832,63,B+,3,3,2022-07-25,Routine,0.887
6833,64,O-,6,2,2022-03-09,Routine,0.281
6834,61,O+,10,7,2024-03-08,Routine,0.712
6835,76,A+,3,2,2024-04-27,Routine,0.739
6836,48,B+,3,2,2023-02-17,Emergency,0.507
6837,24,O+,10,9,2023-10-07,Urgent,0.915
6838,11,O-,4,1,2024-03-20,Routine,0.318
6839,41,A+,9,6,2024-09-13,Emergency,0.667
6840,30,B+,1,1,2023-12-23,Routine,0.618
6841,61,O+,4,3,2023-03-05,Urgent,0.712
6842,1,AB-,8,4,2022-11-12,Emergency,0.477
6843,70,A+,1,1,2023-04-25,Urgent,0.775
6844,58,O+,10,9,2024-01-25,Urgent,0.89
6845,46,B+,8,5,2022-07-31,Emergency,0.62
6846,38,B+,6,5,2024-04-04,Routine,0.782
6847,62,A+,9,5,2022-02-11,Urgent,0.608
6848,31,O+,4,3,2024-03-07,Emergency,0.869
6849,4,O+,7,6,2022-10-15,Emergency,0.856
6850,67,O+,8,7,2023-08-22,Emergency,0.866
6851,47,A+,8,8,2023-08-31,Urgent,0.982
6852,28,A+,1,1,2022-01-01,Routine,0.673
6853,9,O+,6,6,2022-06-14,Urgent,0.998
6854,42,B+,5,4,2022-01-14,Urgent,0.725
6855,21,O+,10,9,2023-09-06,Urgent,0.863
6856,9,O+,6,4,2023-08-23,Routine,0.606
6857,71,AB+,9,8,2024-10-05,Urgent,0.884
6858,76,O+,8,7,2022-06-14,Routine,0.896
6859,68,AB+,2,2,2023-05-27,Routine,0.849
6860,17,O+,3,2,2022-10-25,Routine,0.78
6861,32,O+,4,4,2023-10-23,Urgent,0.982
6862,54,A+,3,2,2024-03-18,Emergency,0.642
6863,27,B+,6,5,2022-03-04,Routine,0.896
6864,16,O+,1,1,2023-07-31,Emergency,0.527
6865,73,A+,8,4,2022-04-07,Emergency,0.552
6866,31,B+,7,7,2024-01-03,Urgent,0.946
6867,47,O+,6,5,2022-05-08,Routine,0.815
6868,34,O+,10,8,2024-05-26,Routine,0.824
6869,8,A+,3,3,2022-03-23,Routine,0.854
6870,50,B+,3,3,2023-12-17,Routine,0.849
6871,17,O+,4,3,2024-01-11,Urgent,0.67
6872,59,AB+,7,5,2024-07-27,Routine,0.719
6873,50,A+,8,6,2024-06-08,Routine,0.739
6874,11,A+,9,6,2024-07-06,Emergency,0.65
6875,47,O+,9,6,2022-07-16,Urgent,0.72
6876,54,O+,6,5,2022-09-25,Urgent,0.841
6877,21,A+,3,2,2024-01-03,Emergency,0.503
6878,38,A+,6,6,2024-09-07,Routine,0.979
6879,20,A+,3,2,2024-03-27,Emergency,0.71
6880,30,B+,10,6,2023-10-30,Urgent,0.604
6881,18,B+,2,2,2024-08-16,Urgent,0.885
6882,70,B+,2,2,2022-02-16,Routine,0.903
6883,44,B+,5,3,2024-02-04,Emergency,0.534
6884,44,B+,10,7,2024-01-26,Routine,0.744
6885,60,B+,1,1,2023-12-16,Emergency,0.956
6886,50,A+,9,7,2023-03-10,Routine,0.776
6887,6,O+,6,5,2024-08-19,Urgent,0.869
6888,25,AB+,9,6,2022-09-09,Routine,0.702
6889,48,O+,5,4,2022-03-17,Urgent,0.747
6890,79,O+,2,2,2023-05-27,Routine,0.784
6891,14,A+,9,8,2022-12-01,Urgent,0.843
6892,5,O+,8,6,2023-05-16,Routine,0.761
6893,57,B+,10,6,2023-01-24,Emergency,0.604
6894,2,A+,8,7,2024-04-24,Routine,0.834
6895,52,A+,9,9,2024-02-11,Urgent,0.99
6896,4,A+,9,7,2023-09-20,Routine,0.833
6897,35,O+,6,5,2022-01-20,Routine,0.778
6898,72,O+,8,7,2023-03-11,Routine,0.858
6899,28,O+,4,3,2023-06-13,Urgent,0.872
6900,6,B+,10,6,2024-08-25,Urgent,0.646
6901,23,A+,5,4,2023-10-15,Urgent,0.808
6902,51,A+,2,1,2024-11-22,Routine,0.74
6903,30,O+,2,2,2023-08-15,Routine,0.934
6904,68,AB+,9,8,2024-05-18,Routine,0.902
6905,23,A+,4,3,2022-11-20,Routine,0.69
6906,26,O+,3,2,2024-10-02,Routine,0.663
6907,58,O+,5,4,2023-08-18,Routine,0.817
6908,27,B+,9,5,2022-04-21,Emergency,0.535
6909,74,A+,3,3,2023-11-16,Urgent,0.866
6910,11,O+,9,6,2022-09-30,Urgent,0.708
6911,53,A+,1,1,2024-11-19,Routine,0.863
6912,32,A+,7,4,2024-08-29,Emergency,0.628
6913,80,B+,10,10,2023-08-09,Routine,0.994
6914,74,B+,7,7,2024-12-16,Urgent,0.944
6915,79,A+,9,7,2023-11-14,Emergency,0.726
6916,55,B+,4,3,2022-02-19,Urgent,0.649
6917,69,O+,4,4,2022-12-14,Routine,0.878
6918,68,AB+,7,6,2022-01-04,Urgent,0.919
6919,12,O+,4,4,2023-11-07,Routine,0.883
6920,26,O+,2,2,2022-12-04,Emergency,0.87
6921,24,AB+,8,5,2024-01-03,Urgent,0.659
6922,26,O+,6,4,2023-05-06,Routine,0.67
6923,38,O+,9,6,2024-12-30,Urgent,0.707
6924,55,A+,2,2,2022-09-01,Routine,0.862
6925,61,A+,5,3,2022-03-26,Urgent,0.688
6926,52,O+,4,2,2023-02-13,Urgent,0.605
6927,41,AB+,3,2,2022-09-15,Routine,0.73
6928,56,O+,9,5,2023-11-19,Emergency,0.551
6929,41,A+,1,1,2024-12-11,Routine,0.81
6930,20,B+,9,7,2022-10-20,Urgent,0.743
6931,69,B+,7,7,2022-03-27,Routine,0.945
6932,56,A+,8,5,2024-11-09,Urgent,0.655
6933,63,A+,5,4,2023-08-12,Urgent,0.722
6934,69,A+,7,7,2022-09-19,Urgent,0.98
6935,8,AB+,3,2,2022-11-28,Routine,0.676
6936,42,A+,10,8,2024-06-08,Routine,0.816
6937,5,O+,3,2,2023-08-09,Routine,0.778
6938,64,A+,3,3,2022-02-10,Urgent,0.973
6939,60,B+,4,4,2022-08-12,Urgent,0.955
6940,44,A+,10,7,2024-04-10,Routine,0.697
6941,56,O+,9,7,2023-01-12,Routine,0.739
6942,46,O+,9,7,2024-04-29,Urgent,0.785
6943,63,O+,1,1,2023-01-22,Urgent,0.834
6944,17,AB+,8,6,2023-05-22,Urgent,0.755
6945,39,AB+,10,9,2023-01-22,Urgent,0.876
6946,14,B+,9,6,2024-02-24,Urgent,0.622
6947,64,AB+,5,3,2024-03-12,Emergency,0.606
6948,61,A+,9,8,2022-07-10,Urgent,0.861
6949,54,O+,9,7,2024-02-20,Urgent,0.758
6950,53,O+,7,6,2023-08-05,Urgent,0.891
6951,45,B+,4,2,2023-06-25,Urgent,0.613
6952,57,B+,4,3,2023-12-24,Routine,0.681
6953,30,O+,10,7,2024-04-15,Routine,0.737
6954,63,B+,3,3,2024-07-20,Urgent,0.835
6955,71,O+,6,4,2023-05-31,Routine,0.629
6956,44,AB+,3,2,2024-02-28,Urgent,0.784
6957,34,O+,6,5,2022-01-19,Routine,0.768
6958,63,O+,5,3,2022-12-10,Routine,0.685
6959,76,O+,6,5,2022-09-30,Routine,0.833
6960,68,O+,7,5,2022-07-22,Routine,0.705
6961,56,O+,10,6,2023-12-26,Urgent,0.615
6962,64,O+,3,2,2022-03-07,Emergency,0.744
6963,54,O+,5,5,2023-01-09,Urgent,0.956
6964,24,B-,5,2,2024-10-10,Urgent,0.317
6965,75,A+,8,6,2022-09-10,Emergency,0.786
6966,32,O+,3,2,2023-04-07,Urgent,0.833
6967,29,B-,2,1,2024-07-26,Routine,0.43
6968,44,A+,9,6,2022-03-24,Routine,0.641
6969,51,AB+,10,7,2022-06-27,Routine,0.653
6970,9,O+,3,2,2022-11-10,Urgent,0.731
6971,8,O+,7,7,2024-04-13,Urgent,0.964
6972,48,A+,8,6,2023-08-01,Routine,0.777
6973,64,O+,7,7,2022-02-26,Urgent,0.989
6974,17,A+,9,6,2022-04-02,Urgent,0.622
6975,45,B+,2,2,2023-05-02,Urgent,0.902
6976,33,AB+,5,4,2024-09-21,Routine,0.838
6977,1,A+,8,5,2024-11-10,Urgent,0.68
6978,52,O+,6,4,2022-11-21,Routine,0.609
6979,51,O+,2,2,2024-02-25,Routine,0.948
6980,49,O+,10,6,2024-02-06,Urgent,0.64
6981,51,O+,5,5,2024-10-25,Routine,0.971
6982,72,O+,1,1,2022-03-17,Routine,0.791
6983,64,O+,1,1,2024-04-08,Emergency,0.531
6984,21,A+,5,3,2024-07-06,Urgent,0.667
6985,5,O+,4,3,2022-09-03,Routine,0.811
6986,42,O+,8,6,2024-10-25,Emergency,0.792
6987,17,B+,8,5,2022-03-02,Urgent,0.661
6988,75,O+,8,6,2022-03-24,Emergency,0.721
6989,16,A-,10,5,2022-03-21,Routine,0.489
6990,33,A+,10,6,2024-05-13,Routine,0.605
6991,53,O+,4,4,2023-06-18,Urgent,0.972
6992,8,A+,9,7,2024-04-14,Urgent,0.78
6993,28,A+,6,6,2023-09-13,Routine,0.955
6994,8,B+,10,6,2022-03-02,Emergency,0.609
6995,24,O+,7,4,2024-10-02,Routine,0.623
6996,75,B+,8,8,2022-04-13,Routine,0.938
6997,60,O+,10,10,2024-02-19,Routine,0.962
6998,36,O+,6,5,2024-01-05,Routine,0.771
6999,60,O+,9,8,2024-05-17,Routine,0.892
7000,69,O+,7,5,2022-08-18,Emergency,0.733
7001,64,O+,3,3,2024-01-19,Urgent,0.951
7002,33,A+,10,6,2024-05-23,Routine,0.643
7003,79,AB+,1,1,2024-05-06,Routine,0.945
7004,55,A+,7,6,2024-11-30,Routine,0.894
7005,28,O+,2,2,2024-10-30,Urgent,0.954
7006,16,O+,8,7,2023-03-11,Emergency,0.823
7007,34,A+,1,1,2023-07-04,Routine,0.843
7008,78,O+,8,5,2024-12-02,Routine,0.661
7009,52,A+,8,5,2023-10-09,Urgent,0.667
7010,41,O+,5,5,2024-04-20,Emergency,0.993
7011,12,A+,7,5,2023-01-01,Routine,0.719
7012,39,O+,5,4,2023-12-16,Routine,0.742
7013,4,O+,8,7,2024-12-08,Routine,0.884
7014,37,O-,4,2,2023-01-31,Urgent,0.609
7015,16,O-,8,4,2022-06-08,Routine,0.478
7016,4,A+,5,4,2022-12-20,Urgent,0.729
7017,28,O+,2,1,2023-09-06,Emergency,0.732
7018,54,O+,1,1,2024-12-19,Emergency,0.77
7019,78,O+,9,6,2022-09-16,Routine,0.705
7020,78,B+,1,1,2022-09-14,Urgent,0.661
7021,15,O+,9,7,2022-04-08,Emergency,0.832
7022,28,B-,1,0,2022-11-27,Urgent,0.319
7023,65,A+,8,5,2024-02-10,Emergency,0.607
7024,10,A+,6,6,2023-12-26,Urgent,0.993
7025,28,O+,2,2,2023-10-10,Urgent,0.999
7026,66,A+,3,3,2022-06-08,Urgent,0.878
7027,47,A+,5,3,2023-02-28,Emergency,0.666
7028,38,AB+,3,2,2024-06-16,Routine,0.666
7029,18,AB+,3,3,2024-05-17,Routine,0.84
7030,67,A+,9,6,2023-09-23,Routine,0.636
7031,76,O+,9,6,2023-05-20,Routine,0.617
7032,19,B+,1,1,2022-06-20,Routine,0.687
7033,51,O+,7,4,2024-08-11,Emergency,0.596
7034,28,O+,3,3,2024-08-16,Urgent,0.921
7035,44,B-,9,3,2024-04-05,Emergency,0.324
7036,11,AB+,7,5,2024-07-29,Routine,0.713
7037,77,A+,6,4,2023-10-28,Emergency,0.588
7038,7,AB+,2,2,2023-07-30,Routine,0.881
7039,37,B+,8,8,2022-03-14,Urgent,0.95
7040,11,A+,1,1,2022-06-13,Urgent,0.635
7041,16,O+,3,2,2022-08-04,Emergency,0.644
7042,78,A+,5,5,2023-01-03,Urgent,0.917
7043,39,B+,8,6,2022-09-29,Urgent,0.737
7044,14,O+,6,5,2024-05-18,Urgent,0.853
7045,6,B-,9,4,2024-05-31,Routine,0.405
7046,66,O+,6,6,2024-06-01,Routine,0.959
7047,58,O+,9,7,2023-08-05,Emergency,0.785
7048,14,O+,2,2,2024-01-10,Routine,0.833
7049,6,B+,7,7,2023-01-07,Routine,0.936
7050,50,O+,10,8,2024-12-05,Urgent,0.75
7051,35,O+,2,1,2022-01-06,Urgent,0.624
7052,36,A+,5,4,2023-06-17,Routine,0.777
7053,13,B+,4,3,2023-06-10,Routine,0.856
7054,62,B+,3,3,2023-02-19,Routine,0.925
7055,33,AB+,3,2,2022-05-14,Emergency,0.639
7056,70,B+,4,3,2023-02-09,Routine,0.792
7057,48,O+,1,1,2024-08-30,Routine,0.932
7058,27,A+,2,1,2024-11-26,Urgent,0.602
7059,29,A+,9,8,2024-03-29,Routine,0.9
7060,3,A+,5,5,2023-12-12,Urgent,0.935
7061,18,A+,2,2,2023-04-27,Routine,0.995
7062,7,A+,5,4,2022-07-25,Routine,0.822
7063,33,B+,8,7,2022-08-23,Routine,0.875
7064,12,A+,7,6,2024-04-27,Urgent,0.905
7065,9,O+,5,4,2023-12-03,Routine,0.776
7066,2,O+,10,6,2023-01-29,Emergency,0.614
7067,12,A+,4,4,2024-06-17,Routine,0.976
7068,23,O+,2,2,2023-08-03,Urgent,0.791
7069,72,B+,1,1,2022-10-29,Routine,0.627
7070,46,A+,1,1,2023-06-28,Urgent,0.831
7071,76,A+,1,1,2022-08-14,Routine,0.876
7072,40,B+,3,2,2023-07-13,Emergency,0.51
7073,75,AB+,1,1,2024-06-08,Routine,0.719
7074,43,B+,6,5,2024-10-09,Urgent,0.866
7075,63,A+,3,2,2022-09-23,Routine,0.828
7076,3,O+,3,2,2022-10-27,Urgent,0.816
7077,77,O+,4,3,2022-04-13,Urgent,0.826
7078,49,O+,9,7,2023-11-29,Urgent,0.78
7079,58,O+,4,4,2024-01-07,Routine,0.966
7080,23,O+,2,2,2023-04-18,Urgent,0.989
7081,5,O+,4,4,2023-02-03,Routine,0.881
7082,16,A+,2,1,2023-08-18,Emergency,0.722
7083,79,O+,5,4,2022-09-01,Routine,0.769
7084,9,B+,9,8,2022-06-22,Urgent,0.93
7085,33,O+,9,6,2022-09-11,Urgent,0.646
7086,62,A+,7,7,2024-12-05,Urgent,0.987
7087,3,O+,8,7,2024-10-27,Emergency,0.841
7088,31,O+,10,9,2022-11-28,Routine,0.938
7089,36,A+,7,5,2024-08-04,Routine,0.67
7090,54,A+,8,7,2023-05-28,Routine,0.886
7091,39,O+,4,2,2024-09-17,Urgent,0.606
7092,56,A+,8,8,2024-05-04,Emergency,0.942
7093,76,A-,6,2,2023-02-28,Urgent,0.318
7094,47,O+,8,6,2023-12-08,Urgent,0.745
7095,3,O-,3,1,2023-05-23,Routine,0.422
7096,35,O+,3,3,2022-01-20,Routine,0.849
7097,9,A+,9,7,2023-09-11,Routine,0.743
7098,10,AB+,4,3,2022-05-11,Routine,0.802
7099,63,O+,10,9,2022-09-07,Routine,0.899
7100,8,O+,4,2,2022-09-10,Emergency,0.517
7101,43,A+,8,7,2022-03-17,Routine,0.855
7102,13,B+,1,1,2022-09-27,Routine,0.861
7103,4,O+,9,5,2024-08-21,Emergency,0.555
7104,48,A+,1,1,2024-01-28,Routine,0.743
7105,75,B+,6,5,2022-07-10,Urgent,0.803
7106,18,A+,9,6,2023-08-27,Routine,0.669
7107,60,A+,8,7,2023-09-10,Routine,0.866
7108,4,A+,2,2,2023-12-24,Emergency,0.942
7109,27,A+,4,3,2022-05-14,Routine,0.82
7110,26,B-,1,1,2023-02-13,Urgent,0.618
7111,25,O+,4,4,2024-12-07,Routine,0.895
7112,61,B+,10,6,2022-05-27,Urgent,0.632
7113,67,O+,10,8,2022-08-31,Urgent,0.839
7114,22,O+,7,7,2023-03-04,Routine,0.988
7115,75,A+,5,3,2022-08-26,Urgent,0.602
7116,5,B+,8,6,2023-03-24,Routine,0.764
7117,26,O+,9,7,2022-08-22,Urgent,0.788
7118,17,A+,8,6,2024-01-18,Urgent,0.76
7119,39,O+,5,4,2022-05-24,Urgent,0.824
7120,70,O+,2,2,2022-07-30,Emergency,0.793
7121,65,O+,9,8,2022-03-04,Routine,0.835
7122,47,O-,3,2,2024-02-11,Urgent,0.69
7123,24,O+,9,7,2024-07-04,Urgent,0.825
7124,3,O+,5,4,2023-07-24,Emergency,0.842
7125,54,O+,4,3,2022-08-08,Routine,0.724
7126,65,O+,3,2,2023-11-08,Urgent,0.793
7127,42,O+,6,5,2022-08-22,Emergency,0.776
7128,13,AB+,2,1,2024-06-05,Routine,0.622
7129,34,O+,4,3,2024-04-17,Emergency,0.72
7130,74,O+,10,7,2022-01-14,Urgent,0.675
7131,31,O+,1,1,2024-10-31,Routine,0.832
7132,11,O+,1,1,2024-05-03,Routine,0.868
7133,74,O+,6,5,2024-10-01,Emergency,0.907
7134,4,B+,10,9,2022-10-25,Routine,0.885
7135,80,O+,4,3,2022-11-19,Urgent,0.628
7136,2,A+,9,8,2023-06-19,Emergency,0.859
7137,52,A+,6,6,2023-09-07,Routine,0.99
7138,12,O-,7,3,2024-12-18,Emergency,0.436
7139,23,A+,10,7,2022-09-16,Routine,0.661
7140,27,O+,5,4,2022-10-18,Routine,0.701
7141,6,AB+,5,5,2024-10-29,Routine,0.976
7142,35,B+,7,5,2023-05-17,Routine,0.74
7143,3,O+,10,8,2022-08-03,Urgent,0.77
7144,51,O+,5,4,2022-07-14,Routine,0.808
7145,3,O+,9,9,2024-09-01,Routine,0.959
7146,29,O+,6,5,2022-01-22,Routine,0.897
7147,29,O+,8,6,2022-12-29,Urgent,0.706
7148,13,A-,6,2,2024-08-09,Emergency,0.311
7149,14,O+,2,2,2023-09-18,Routine,0.98
7150,61,B+,8,5,2022-02-23,Emergency,0.642
7151,71,A+,6,5,2024-03-18,Routine,0.894
7152,31,B+,5,3,2023-11-08,Routine,0.634
7153,29,B+,7,7,2022-07-08,Routine,0.942
7154,36,O+,2,1,2022-10-22,Routine,0.72
7155,13,O+,5,3,2022-10-20,Urgent,0.626
7156,23,O+,4,4,2022-03-17,Routine,0.968
7157,68,O-,8,5,2022-04-12,Urgent,0.633
7158,32,A+,10,7,2023-11-17,Urgent,0.686
7159,20,B+,7,6,2024-07-27,Urgent,0.797
7160,66,AB+,9,7,2023-04-21,Routine,0.81
7161,16,O+,4,4,2024-08-12,Emergency,0.881
7162,14,A+,3,3,2022-12-10,Routine,0.92
7163,25,O+,2,2,2024-09-21,Urgent,0.976
7164,76,O-,8,4,2023-02-02,Routine,0.535
7165,80,B+,5,4,2023-11-30,Urgent,0.891
7166,56,O+,8,6,2023-11-05,Routine,0.701
7167,38,A+,1,1,2023-12-22,Routine,0.926
7168,24,O-,2,1,2023-03-11,Routine,0.253
7169,72,O+,7,7,2024-04-08,Urgent,0.938
7170,40,B+,3,2,2022-05-10,Emergency,0.716
7171,22,O+,2,2,2022-03-09,Routine,0.97
7172,14,B+,7,4,2022-08-26,Urgent,0.63
7173,1,O+,4,4,2024-10-04,Routine,0.906
7174,69,A+,4,3,2023-05-18,Urgent,0.824
7175,57,O+,4,3,2024-01-30,Routine,0.866
7176,61,O+,5,5,2022-08-25,Routine,0.933
7177,4,O+,2,1,2024-06-20,Routine,0.646
7178,39,O+,5,3,2024-06-11,Urgent,0.64
7179,17,A+,3,3,2023-06-07,Urgent,0.842
7180,33,O+,1,1,2022-08-15,Routine,0.853
7181,71,AB-,3,1,2024-06-11,Urgent,0.335
7182,43,O+,10,7,2022-06-17,Routine,0.704
7183,54,A+,4,3,2023-02-02,Routine,0.716
7184,58,O+,6,6,2023-08-07,Routine,0.973
7185,6,O+,2,1,2023-12-14,Routine,0.744
7186,63,A+,9,8,2022-09-29,Urgent,0.923
7187,51,A+,5,5,2023-02-02,Urgent,0.98
7188,47,A+,8,7,2024-04-07,Urgent,0.882
7189,32,A+,2,1,2024-11-10,Urgent,0.633
7190,66,A+,8,7,2024-07-27,Routine,0.845
7191,27,O+,4,3,2024-08-28,Routine,0.717
7192,50,O+,2,2,2023-11-09,Urgent,0.95
7193,57,A+,2,1,2023-05-07,Routine,0.651
7194,13,O+,4,3,2023-09-11,Routine,0.63
7195,77,A+,10,9,2023-12-04,Routine,0.875
7196,15,O+,10,8,2024-12-12,Routine,0.804
7197,14,O+,8,7,2023-02-01,Routine,0.872
7198,37,O+,7,5,2023-06-16,Routine,0.681
7199,20,B+,4,3,2022-06-18,Routine,0.856
7200,30,O+,7,5,2023-10-05,Emergency,0.712
7201,12,A+,10,7,2024-06-09,Urgent,0.743
7202,59,O+,4,4,2024-08-19,Routine,0.958
7203,14,O+,5,4,2023-09-22,Urgent,0.863
7204,40,A+,8,6,2023-06-20,Routine,0.739
7205,59,O+,9,7,2024-09-13,Routine,0.742
7206,42,A+,9,7,2023-04-19,Routine,0.762
7207,57,O+,7,5,2023-05-01,Routine,0.712
7208,46,A+,7,5,2024-10-09,Urgent,0.762
7209,77,O+,9,9,2024-07-23,Urgent,0.946
7210,34,O-,4,2,2024-01-03,Urgent,0.453
7211,23,B+,5,4,2022-05-14,Urgent,0.778
7212,1,O+,3,2,2023-03-30,Emergency,0.734
7213,52,B+,9,6,2022-11-12,Routine,0.632
7214,27,B+,6,5,2022-03-19,Urgent,0.914
7215,74,O+,6,5,2023-09-05,Routine,0.854
7216,21,A+,3,2,2023-10-19,Emergency,0.645
7217,56,A+,8,7,2023-10-11,Urgent,0.908
7218,74,O+,9,7,2022-11-30,Routine,0.817
7219,3,O+,6,5,2024-02-15,Urgent,0.844
7220,38,B+,3,2,2023-04-03,Routine,0.817
7221,6,O+,4,3,2024-11-08,Routine,0.632
7222,72,O+,6,6,2022-06-18,Urgent,0.976
7223,52,B+,6,5,2023-04-26,Routine,0.912
7224,45,O+,8,8,2024-07-07,Urgent,0.957
7225,65,O+,3,2,2022-05-17,Urgent,0.601
7226,77,A+,10,6,2022-09-14,Routine,0.628
7227,57,O+,6,5,2022-02-13,Routine,0.896
7228,66,O+,1,1,2023-05-08,Urgent,0.672
7229,58,O+,8,5,2024-10-21,Routine,0.604
7230,59,A+,3,3,2023-01-17,Routine,0.957
7231,31,A+,10,10,2023-12-19,Urgent,0.961
7232,59,B+,10,8,2023-02-26,Urgent,0.788
7233,2,A+,2,1,2022-12-07,Routine,0.654
7234,77,B+,4,3,2022-11-14,Urgent,0.675
7235,1,O+,5,3,2023-02-06,Routine,0.697
7236,77,A+,7,6,2022-01-25,Routine,0.898
7237,13,O-,9,5,2024-04-02,Emergency,0.545
7238,35,O+,9,5,2024-01-07,Urgent,0.607
7239,27,O+,6,4,2022-12-10,Routine,0.664
7240,41,O+,10,6,2024-09-10,Routine,0.634
7241,29,B+,6,5,2023-05-13,Routine,0.809
7242,64,A+,9,7,2024-08-23,Emergency,0.764
7243,36,A+,4,3,2022-04-16,Routine,0.648
7244,37,O+,3,3,2023-05-08,Routine,0.954
7245,7,B+,1,1,2024-12-31,Routine,0.79
7246,78,A-,8,5,2023-09-02,Routine,0.645
7247,76,B+,9,7,2022-02-23,Routine,0.725
7248,42,AB+,9,6,2022-05-23,Routine,0.637
7249,44,A+,6,5,2022-01-26,Routine,0.804
7250,67,O-,8,5,2024-01-25,Urgent,0.582
7251,78,A-,1,0,2022-03-27,Routine,0.259
7252,17,A+,10,8,2023-09-23,Urgent,0.845
7253,8,O+,5,3,2024-02-26,Routine,0.618
7254,27,O+,5,5,2022-10-12,Urgent,0.962
7255,77,O+,9,6,2022-11-07,Routine,0.709
7256,62,O+,4,3,2024-08-12,Routine,0.863
7257,50,A+,3,3,2024-08-20,Routine,0.861
7258,66,A+,5,5,2023-06-22,Routine,0.996
7259,60,AB+,8,8,2022-02-16,Routine,0.995
7260,34,O+,9,8,2022-11-01,Emergency,0.932
7261,10,O+,2,2,2023-04-15,Routine,0.863
7262,77,O+,4,3,2022-01-22,Urgent,0.822
7263,30,O+,8,7,2023-04-29,Urgent,0.891
7264,59,A+,7,4,2024-05-20,Emergency,0.633
7265,45,A+,3,3,2022-09-03,Routine,0.995
7266,71,O+,8,5,2023-06-26,Urgent,0.637
7267,22,AB+,1,1,2023-10-18,Urgent,0.838
7268,23,A+,10,9,2023-06-13,Routine,0.942
7269,40,O+,7,6,2024-05-30,Emergency,0.877
7270,10,O+,3,2,2024-10-27,Urgent,0.647
7271,57,O+,7,5,2023-03-17,Emergency,0.668
7272,75,O+,3,2,2022-08-30,Urgent,0.823
7273,41,A+,7,7,2024-02-04,Routine,0.987
7274,29,B+,3,2,2023-05-15,Routine,0.823
7275,31,A+,8,7,2022-08-08,Routine,0.848
7276,31,A+,4,3,2022-05-07,Routine,0.851
7277,20,A+,7,6,2024-05-07,Routine,0.856
7278,44,O+,7,4,2022-11-17,Routine,0.621
7279,65,O+,7,5,2024-10-29,Routine,0.715
7280,72,O+,3,2,2023-10-16,Urgent,0.714
7281,72,O+,6,4,2024-11-26,Routine,0.712
7282,56,A+,1,1,2022-01-27,Routine,0.798
7283,29,O+,10,6,2023-06-10,Routine,0.643
7284,5,O+,8,5,2024-08-27,Routine,0.64
7285,73,O+,9,6,2023-12-13,Routine,0.693
7286,54,A+,1,1,2024-03-22,Routine,0.702
7287,39,O+,7,6,2022-01-13,Urgent,0.914
7288,70,A+,7,5,2024-12-21,Emergency,0.675
7289,72,AB+,2,2,2024-07-09,Urgent,0.757
7290,79,O+,7,4,2024-08-02,Emergency,0.586
7291,33,A+,7,6,2022-09-03,Emergency,0.851
7292,7,B+,3,3,2023-01-02,Emergency,0.867
7293,78,O-,10,2,2024-08-18,Urgent,0.239
7294,50,B+,3,3,2023-09-28,Urgent,0.871
7295,36,O+,2,1,2024-09-27,Urgent,0.644
7296,29,O+,9,6,2022-12-08,Routine,0.687
7297,47,A+,4,3,2022-05-21,Urgent,0.688
7298,35,O+,1,1,2024-11-10,Routine,0.828
7299,34,B+,7,5,2022-02-10,Routine,0.715
7300,57,A-,10,5,2024-06-15,Urgent,0.525
7301,17,A+,3,2,2024-07-31,Routine,0.645
7302,59,A-,3,1,2024-05-31,Urgent,0.351
7303,33,O+,7,7,2022-06-07,Routine,0.954
7304,5,O+,6,5,2023-03-03,Routine,0.885
7305,46,A+,5,4,2023-10-25,Urgent,0.801
7306,35,O+,8,5,2023-03-22,Routine,0.674
7307,74,O+,7,6,2023-02-20,Urgent,0.814
7308,35,B+,7,5,2023-11-14,Emergency,0.644
7309,4,O+,7,6,2024-06-14,Routine,0.92
7310,49,O+,1,1,2024-09-13,Routine,0.945
7311,23,B+,3,2,2022-06-08,Urgent,0.762
7312,4,B+,7,6,2024-06-17,Emergency,0.899
7313,45,B+,2,2,2024-09-14,Routine,0.928
7314,38,A+,10,6,2022-02-20,Routine,0.618
7315,68,B+,8,7,2024-08-31,Urgent,0.898
7316,5,A+,4,3,2023-11-13,Routine,0.717
7317,65,B+,2,2,2023-03-26,Routine,0.848
7318,61,B+,9,6,2023-03-12,Routine,0.701
7319,64,A+,9,8,2024-02-20,Emergency,0.834
7320,61,A+,7,6,2024-07-29,Emergency,0.926
7321,20,A+,1,1,2023-11-11,Routine,0.738
7322,3,A+,4,3,2022-07-29,Urgent,0.715
7323,41,O+,1,1,2022-05-27,Routine,0.93
7324,10,A+,1,1,2024-11-26,Urgent,0.603
7325,7,B+,8,7,2024-12-31,Urgent,0.851
7326,69,O-,8,5,2022-12-20,Urgent,0.64
7327,2,B+,10,6,2023-04-25,Routine,0.634
7328,1,O+,4,4,2024-06-18,Routine,0.894
7329,9,A+,6,4,2022-10-15,Urgent,0.717
7330,57,O+,5,5,2024-02-18,Routine,0.929
7331,28,O-,8,5,2023-01-08,Routine,0.59
7332,53,A+,6,4,2022-09-26,Urgent,0.616
7333,11,AB+,9,8,2023-12-27,Routine,0.914
7334,41,B+,8,5,2024-12-30,Emergency,0.571
7335,33,O+,1,1,2022-11-01,Routine,0.794
7336,50,O+,5,3,2023-08-01,Urgent,0.612
7337,10,B+,4,3,2023-10-13,Urgent,0.725
7338,17,AB+,2,1,2024-02-07,Urgent,0.622
7339,25,A+,7,4,2024-09-25,Emergency,0.571
7340,59,O+,1,1,2024-10-24,Emergency,0.651
7341,6,A+,1,1,2022-11-18,Urgent,0.763
7342,68,O+,5,3,2024-03-27,Routine,0.618
7343,3,O+,8,8,2022-08-19,Urgent,0.959
7344,40,A+,1,1,2024-04-15,Urgent,0.813
7345,22,A+,3,2,2024-10-18,Urgent,0.797
7346,13,A+,5,4,2024-03-25,Routine,0.798
7347,58,B-,4,3,2023-05-01,Urgent,0.663
7348,32,O+,2,2,2024-01-16,Routine,0.864
7349,66,O+,3,3,2024-05-10,Routine,0.881
7350,62,B+,3,2,2022-05-12,Urgent,0.75
7351,49,O+,6,4,2024-12-01,Urgent,0.688
7352,50,A-,8,5,2022-03-03,Urgent,0.579
7353,70,A+,2,1,2023-01-09,Urgent,0.684
7354,52,O+,10,7,2023-02-01,Urgent,0.684
7355,79,O+,7,6,2023-02-17,Urgent,0.846
7356,16,A+,5,4,2022-12-02,Routine,0.884
7357,42,A+,3,2,2022-04-18,Routine,0.74
7358,62,O+,7,7,2024-08-21,Routine,0.937
7359,32,O+,5,3,2023-11-13,Routine,0.636
7360,19,B+,9,9,2022-04-26,Routine,0.995
7361,17,AB+,4,3,2022-01-14,Routine,0.662
7362,22,B+,6,5,2023-05-04,Routine,0.827
7363,37,O+,1,1,2023-12-15,Emergency,0.597
7364,52,O+,3,2,2024-01-31,Routine,0.614
7365,26,O+,2,1,2023-03-18,Urgent,0.634
7366,22,B+,10,9,2022-12-28,Urgent,0.931
7367,28,B+,8,7,2023-09-01,Routine,0.852
7368,17,O+,4,3,2023-05-08,Urgent,0.629
7369,65,O+,3,3,2022-04-16,Routine,0.848
7370,36,A+,1,1,2022-06-04,Routine,0.893
7371,12,A+,5,4,2024-02-28,Routine,0.878
7372,41,O+,3,3,2024-10-08,Routine,0.915
7373,70,O-,4,1,2024-01-15,Routine,0.353
7374,44,B+,9,9,2023-03-02,Routine,0.957
7375,4,B+,2,2,2023-10-23,Routine,0.878
7376,4,B+,9,8,2024-03-11,Routine,0.879
7377,73,O+,1,1,2024-03-02,Urgent,0.875
7378,9,O+,2,2,2022-01-24,Routine,0.83
7379,44,O+,4,4,2024-12-08,Emergency,0.879
7380,22,B+,5,3,2023-12-02,Emergency,0.652
7381,48,A+,4,3,2024-01-01,Emergency,0.665
7382,57,O+,3,2,2023-11-12,Emergency,0.654
7383,68,AB+,9,6,2023-01-01,Urgent,0.721
7384,19,O+,4,3,2022-02-23,Routine,0.692
7385,16,O+,5,3,2022-08-04,Urgent,0.674
7386,40,B+,1,1,2024-08-20,Urgent,0.879
7387,54,A+,5,4,2023-09-27,Urgent,0.753
7388,41,O+,2,2,2022-01-19,Urgent,0.88
7389,72,O-,5,2,2023-03-22,Emergency,0.478
7390,30,AB+,8,7,2023-09-09,Routine,0.853
7391,78,O+,4,4,2022-06-16,Urgent,0.984
7392,80,A+,1,1,2024-08-10,Routine,0.785
7393,10,O+,10,9,2024-04-11,Routine,0.886
7394,12,O+,3,2,2022-09-11,Routine,0.692
7395,60,O-,10,3,2024-06-27,Routine,0.349
7396,48,A+,7,5,2024-03-11,Routine,0.696
7397,13,O+,3,2,2022-09-12,Urgent,0.813
7398,72,O+,4,4,2022-06-01,Routine,0.951
7399,28,O+,6,5,2022-03-10,Routine,0.869
7400,59,B+,1,1,2023-09-27,Urgent,0.973
7401,53,B+,4,3,2024-03-30,Urgent,0.686
7402,46,O+,3,2,2023-10-07,Routine,0.642
7403,75,AB+,3,2,2023-05-24,Routine,0.627
7404,61,O+,6,5,2024-06-19,Routine,0.807
7405,52,O+,9,8,2022-10-17,Routine,0.866
7406,22,B+,5,3,2024-10-01,Routine,0.661
7407,48,O+,3,3,2023-10-20,Urgent,0.887
7408,51,B+,9,8,2022-07-26,Urgent,0.91
7409,24,B+,10,8,2023-02-19,Routine,0.782
7410,68,O+,8,6,2024-12-30,Urgent,0.739
7411,71,B+,3,2,2022-01-24,Routine,0.656
7412,66,O+,1,1,2024-08-08,Routine,0.838
7413,56,A+,10,9,2022-12-20,Routine,0.891
7414,29,O-,6,4,2023-08-17,Urgent,0.699
7415,55,B+,3,3,2022-03-15,Routine,0.974
7416,31,A+,3,3,2024-03-17,Routine,0.841
7417,25,B+,6,4,2024-10-09,Urgent,0.672
7418,7,A+,6,5,2024-08-01,Urgent,0.796
7419,22,A-,3,2,2022-12-12,Urgent,0.596
7420,79,A+,8,6,2022-07-30,Routine,0.735
7421,74,O+,5,4,2023-07-23,Routine,0.886
7422,12,B+,6,6,2022-06-21,Routine,0.928
7423,45,O+,5,3,2022-08-07,Routine,0.601
7424,19,B+,10,7,2022-01-20,Routine,0.726
7425,60,O+,3,2,2024-08-13,Urgent,0.684
7426,47,A+,6,5,2022-10-19,Urgent,0.804
7427,6,A+,3,2,2023-05-19,Urgent,0.674
7428,5,B+,1,1,2023-09-09,Urgent,0.606
7429,12,A+,3,3,2024-09-25,Routine,0.861
7430,22,A+,3,2,2024-01-23,Routine,0.635
7431,68,A+,7,5,2022-12-17,Routine,0.647
7432,26,B+,4,3,2024-07-12,Urgent,0.788
7433,48,B+,4,3,2022-08-11,Urgent,0.793
7434,69,AB+,8,8,2022-02-28,Urgent,0.944
7435,16,A+,4,3,2023-12-16,Urgent,0.775
7436,28,O+,7,5,2022-09-09,Routine,0.664
7437,80,A+,4,4,2022-02-25,Routine,0.969
7438,15,O+,7,4,2023-03-07,Routine,0.619
7439,6,B+,3,2,2023-06-01,Emergency,0.58
7440,40,O+,8,8,2024-11-10,Routine,0.993
7441,25,A+,2,2,2024-07-25,Routine,0.844
7442,22,AB-,7,2,2024-12-22,Routine,0.291
7443,48,AB+,8,7,2023-01-17,Routine,0.928
7444,39,O+,7,4,2024-08-21,Emergency,0.533
7445,16,B+,7,5,2023-03-10,Urgent,0.69
7446,46,B+,4,3,2024-04-07,Routine,0.79
7447,16,A+,3,2,2023-06-23,Emergency,0.74
7448,80,A+,6,4,2024-10-21,Routine,0.682
7449,53,B+,5,5,2023-04-23,Urgent,0.983
7450,27,A-,4,2,2022-04-06,Routine,0.413
7451,5,B+,10,10,2024-07-11,Emergency,0.993
7452,15,A+,10,7,2023-10-25,Routine,0.671
7453,35,B+,5,5,2022-06-10,Routine,0.963
7454,5,A+,6,5,2024-03-22,Emergency,0.754
7455,52,A+,10,8,2022-01-26,Routine,0.796
7456,26,O+,1,1,2022-05-18,Urgent,0.926
7457,59,O+,4,4,2023-04-17,Routine,0.971
7458,54,B+,8,7,2024-01-31,Routine,0.831
7459,78,O+,1,1,2024-03-27,Routine,0.925
7460,63,A+,10,8,2022-05-07,Urgent,0.846
7461,56,A+,10,9,2023-05-27,Urgent,0.916
7462,55,A+,5,4,2023-08-16,Emergency,0.741
7463,55,O+,8,6,2023-09-01,Emergency,0.755
7464,74,O+,2,1,2022-03-11,Urgent,0.616
7465,31,O+,3,3,2023-04-02,Routine,0.868
7466,64,B+,8,5,2023-02-12,Urgent,0.63
7467,1,O+,3,2,2024-04-23,Routine,0.724
7468,77,B+,3,2,2023-08-14,Emergency,0.651
7469,6,O+,2,1,2022-07-15,Routine,0.704
7470,6,B+,10,8,2022-04-04,Routine,0.796
7471,1,AB+,4,3,2023-08-26,Emergency,0.871
7472,61,AB+,8,8,2024-05-12,Emergency,0.966
7473,48,B+,3,2,2024-09-22,Routine,0.826
7474,43,B+,2,1,2022-10-08,Routine,0.665
7475,27,B-,10,6,2022-04-18,Emergency,0.585
7476,35,B+,1,1,2023-07-09,Urgent,0.802
7477,40,O+,3,2,2023-04-08,Routine,0.712
7478,42,A+,5,3,2024-05-13,Emergency,0.517
7479,78,O+,9,8,2022-12-18,Urgent,0.911
7480,32,O+,3,3,2023-06-03,Routine,0.942
7481,15,O+,9,6,2022-05-29,Routine,0.712
7482,31,O+,10,8,2024-11-23,Emergency,0.844
7483,20,O+,10,6,2023-01-22,Emergency,0.649
7484,32,A+,5,3,2022-03-06,Routine,0.664
7485,21,A+,8,6,2022-08-28,Urgent,0.71
7486,13,O+,6,5,2024-08-27,Urgent,0.765
7487,27,B+,8,8,2023-02-11,Urgent,0.957
7488,23,A+,9,7,2024-11-11,Routine,0.809
7489,14,O+,1,1,2023-05-15,Routine,0.958
7490,24,A+,10,9,2024-11-22,Urgent,0.887
7491,75,B+,9,7,2024-01-24,Routine,0.827
7492,8,A+,4,3,2023-04-02,Urgent,0.821
7493,8,O+,4,4,2024-01-22,Routine,0.986
7494,10,O+,5,4,2024-08-06,Urgent,0.772
7495,48,B+,3,2,2024-07-16,Routine,0.798
7496,4,O+,3,2,2022-11-16,Routine,0.606
7497,40,A+,3,3,2023-10-24,Routine,0.923
7498,80,O+,9,7,2023-09-23,Urgent,0.743
7499,62,A+,4,4,2024-07-21,Routine,0.907
7500,52,A+,5,3,2024-05-29,Emergency,0.548
7501,40,B+,1,1,2022-12-24,Urgent,0.686
7502,47,A+,1,1,2023-05-26,Routine,0.893
7503,44,A+,5,3,2023-07-10,Routine,0.688
7504,22,B+,6,6,2024-08-20,Urgent,0.957
7505,51,O+,4,4,2023-04-22,Routine,0.974
7506,2,A+,1,1,2024-06-04,Urgent,0.806
7507,67,B+,9,8,2022-07-16,Routine,0.925
7508,17,O+,2,1,2023-12-04,Routine,0.677
7509,13,B+,5,4,2024-12-26,Urgent,0.885
7510,50,O+,4,4,2024-08-18,Urgent,0.968
7511,9,B+,8,6,2024-12-14,Emergency,0.688
7512,9,O+,2,2,2024-03-27,Urgent,0.883
7513,77,AB+,2,2,2023-07-01,Urgent,0.765
7514,76,O+,6,6,2024-12-08,Routine,0.935
7515,72,O+,8,5,2024-06-26,Emergency,0.652
7516,55,O+,7,5,2023-09-17,Routine,0.645
7517,53,AB+,1,1,2022-10-03,Routine,0.964
7518,40,O+,1,1,2024-04-19,Routine,0.905
7519,33,O+,10,6,2024-08-05,Routine,0.618
7520,52,O+,6,5,2022-05-09,Urgent,0.809
7521,44,AB+,6,5,2024-11-09,Routine,0.871
7522,30,B+,7,4,2022-08-13,Emergency,0.631
7523,46,O+,1,1,2022-08-12,Emergency,0.685
7524,50,B+,1,1,2024-05-26,Routine,0.74
7525,64,A+,6,5,2023-12-23,Urgent,0.81
7526,2,A+,6,4,2024-04-16,Emergency,0.62
7527,20,A-,1,1,2022-12-14,Urgent,0.615
7528,41,A+,9,8,2022-11-20,Routine,0.913
7529,1,O+,5,3,2024-05-31,Urgent,0.679
7530,77,O-,2,1,2023-03-16,Urgent,0.6
7531,19,AB+,7,4,2023-12-26,Emergency,0.601
7532,29,B+,9,6,2022-06-30,Routine,0.688
7533,45,B+,7,7,2022-02-14,Routine,0.966
7534,47,AB+,8,8,2023-01-04,Routine,0.961
7535,73,O+,5,4,2024-04-17,Routine,0.799
7536,66,B+,10,8,2023-01-03,Emergency,0.833
7537,12,O+,8,7,2022-09-26,Urgent,0.919
7538,49,A+,10,7,2024-05-02,Routine,0.746
7539,79,O+,10,6,2023-05-17,Emergency,0.636
7540,27,O+,10,6,2024-12-02,Routine,0.636
7541,42,O+,4,2,2023-01-13,Routine,0.613
7542,17,A+,2,2,2024-12-26,Urgent,0.928
7543,30,O-,4,2,2023-10-23,Emergency,0.456
7544,52,O+,9,8,2023-02-12,Routine,0.884
7545,64,A+,7,7,2022-04-15,Urgent,0.934
7546,19,B+,10,7,2024-09-20,Routine,0.72
7547,9,AB+,1,1,2024-04-15,Routine,0.918
7548,28,O+,9,9,2023-04-22,Routine,0.983
7549,15,B+,8,7,2023-05-17,Routine,0.87
7550,23,A+,7,5,2024-04-14,Routine,0.693
7551,15,O-,7,4,2022-11-23,Urgent,0.6
7552,33,A+,1,1,2024-07-01,Routine,0.726
7553,61,A+,9,8,2024-01-26,Routine,0.868
7554,60,O+,7,7,2024-08-06,Urgent,0.966
7555,58,B+,5,4,2023-06-21,Routine,0.72
7556,43,A+,6,4,2024-02-01,Urgent,0.692
7557,53,O+,3,2,2023-10-16,Routine,0.784
7558,1,A+,9,6,2022-03-05,Urgent,0.715
7559,58,A+,1,1,2023-12-29,Routine,0.885
7560,24,O+,6,4,2022-10-02,Routine,0.61
7561,36,O-,5,1,2024-07-10,Urgent,0.23
7562,7,O+,8,6,2023-05-21,Emergency,0.705
7563,74,B+,9,9,2023-09-04,Urgent,0.955
7564,65,A+,4,3,2024-08-26,Emergency,0.842
7565,12,AB+,4,3,2023-05-10,Urgent,0.78
7566,42,O+,8,7,2022-04-08,Emergency,0.847
7567,64,A+,9,6,2023-09-30,Routine,0.69
7568,24,A+,4,4,2023-08-13,Routine,0.983
7569,37,O+,4,2,2024-03-26,Emergency,0.554
7570,13,A+,4,3,2023-01-16,Urgent,0.764
7571,17,O+,7,5,2023-04-01,Routine,0.738
7572,45,O-,6,2,2024-12-17,Routine,0.411
7573,40,AB+,5,3,2024-05-19,Emergency,0.593
7574,63,O+,10,7,2023-11-12,Routine,0.651
7575,36,AB+,9,7,2023-04-26,Routine,0.734
7576,41,O+,2,1,2022-02-11,Emergency,0.601
7577,2,O+,9,9,2024-02-07,Routine,0.966
7578,43,AB+,1,1,2024-07-25,Routine,0.903
7579,53,O+,7,6,2024-10-28,Urgent,0.905
7580,71,B+,3,2,2023-09-15,Routine,0.777
7581,12,A+,8,6,2022-05-31,Emergency,0.708
7582,27,O+,10,9,2022-12-15,Routine,0.91
7583,40,O-,6,3,2022-01-23,Routine,0.474
7584,28,O+,3,3,2023-08-21,Routine,0.897
7585,11,O+,4,4,2024-09-13,Urgent,0.92
7586,25,A+,3,3,2024-01-07,Routine,0.867
7587,60,O+,5,3,2022-06-07,Routine,0.679
7588,41,B+,2,2,2022-08-13,Urgent,0.883
7589,36,O+,7,6,2024-02-21,Routine,0.834
7590,2,O+,7,7,2023-12-02,Routine,1.0
7591,24,O+,8,8,2024-09-19,Urgent,0.939
7592,12,O-,10,5,2023-04-17,Urgent,0.484
7593,76,O+,6,4,2024-09-13,Routine,0.639
7594,46,O+,8,7,2024-02-29,Routine,0.846
7595,36,O+,4,4,2022-11-30,Routine,0.917
7596,64,O+,6,5,2023-03-17,Urgent,0.77
7597,54,O-,9,3,2023-08-12,Urgent,0.293
7598,68,O+,2,2,2022-03-31,Urgent,0.775
7599,67,O+,6,4,2023-06-03,Emergency,0.628
7600,44,B+,6,6,2024-11-20,Urgent,0.985
7601,54,O+,8,5,2022-03-01,Emergency,0.565
7602,12,B+,9,8,2023-05-17,Urgent,0.942
7603,34,B+,4,4,2023-01-20,Urgent,0.885
7604,1,O+,10,6,2022-06-12,Routine,0.607
7605,54,A+,5,4,2023-05-24,Urgent,0.891
7606,29,B+,3,3,2024-04-25,Routine,0.858
7607,70,O+,10,9,2022-03-10,Urgent,0.917
7608,39,O+,5,3,2022-05-07,Emergency,0.561
7609,25,B+,8,6,2023-01-31,Urgent,0.752
7610,78,O+,7,5,2022-08-26,Routine,0.767
7611,16,O+,9,6,2023-08-01,Routine,0.671
7612,29,O+,2,2,2023-11-12,Urgent,0.775
7613,72,A+,8,8,2024-06-26,Routine,0.957
7614,46,O+,9,6,2024-11-20,Routine,0.668
7615,14,A+,4,3,2023-07-26,Urgent,0.78
7616,71,A+,3,3,2022-10-27,Routine,0.968
7617,40,A+,10,6,2022-09-28,Routine,0.634
7618,47,O+,7,5,2022-05-17,Urgent,0.734
7619,6,O+,3,2,2023-10-25,Urgent,0.617
7620,20,AB+,8,7,2023-08-14,Routine,0.864
7621,32,AB+,4,4,2023-08-03,Routine,0.969
7622,28,A+,6,4,2022-07-11,Urgent,0.641
7623,66,AB+,2,1,2022-11-25,Routine,0.624
7624,39,O+,5,4,2022-03-11,Urgent,0.898
7625,16,A+,8,8,2024-06-26,Urgent,0.962
7626,65,B+,6,4,2023-08-15,Routine,0.717
7627,62,A+,6,5,2023-05-05,Routine,0.833
7628,76,O+,3,3,2022-08-22,Routine,0.89
7629,8,O+,2,1,2022-02-11,Emergency,0.594
7630,35,O+,6,5,2022-09-06,Urgent,0.889
7631,36,AB+,8,7,2024-02-18,Routine,0.904
7632,50,A+,1,1,2022-11-30,Emergency,0.604
7633,41,A+,3,2,2024-07-15,Urgent,0.758
7634,56,A-,2,1,2022-06-03,Routine,0.438
7635,11,AB+,5,5,2024-09-16,Urgent,0.975
7636,37,O+,9,7,2022-05-04,Urgent,0.757
7637,5,A+,3,2,2023-10-19,Emergency,0.63
7638,8,B+,6,5,2023-03-03,Emergency,0.801
7639,10,AB+,1,1,2024-09-12,Urgent,0.726
7640,55,O+,8,5,2023-07-05,Routine,0.685
7641,23,A+,7,5,2023-09-03,Emergency,0.67
7642,63,B+,1,1,2023-03-21,Emergency,0.637
7643,31,A+,9,7,2024-08-21,Routine,0.759
7644,16,O+,1,1,2022-05-15,Urgent,0.65
7645,5,A+,9,8,2022-06-19,Urgent,0.908
7646,10,O+,8,6,2024-12-31,Routine,0.719
7647,14,A+,10,7,2022-08-22,Routine,0.702
7648,71,A+,8,6,2023-03-09,Routine,0.72
7649,62,O+,9,6,2022-09-15,Urgent,0.711
7650,71,O+,10,9,2023-01-13,Routine,0.871
7651,76,O+,1,1,2024-07-22,Routine,0.769
7652,7,B+,7,4,2023-05-17,Emergency,0.586
7653,73,A+,3,2,2023-11-03,Routine,0.605
7654,53,O+,8,6,2024-12-28,Urgent,0.777
7655,74,A+,8,8,2022-05-23,Urgent,0.939
7656,70,O+,5,5,2022-10-12,Routine,0.924
7657,61,O+,2,2,2023-10-22,Routine,0.845
7658,9,O+,6,4,2024-01-15,Urgent,0.649
7659,40,O+,8,5,2023-08-29,Urgent,0.667
7660,60,B+,4,3,2023-06-17,Routine,0.693
7661,34,A+,3,2,2024-12-26,Urgent,0.765
7662,63,O+,7,7,2022-08-18,Emergency,0.982
7663,33,O+,4,3,2023-07-10,Routine,0.739
7664,5,A+,8,4,2023-08-10,Emergency,0.517
7665,62,A+,7,7,2022-03-25,Urgent,0.945
7666,31,O+,4,4,2022-09-27,Urgent,0.903
7667,66,O-,3,1,2024-07-19,Routine,0.248
7668,72,O+,7,7,2023-04-25,Routine,0.954
7669,36,B+,6,4,2023-05-25,Routine,0.602
7670,54,O+,4,4,2022-08-16,Emergency,0.925
7671,69,A+,2,2,2022-07-15,Routine,0.849
7672,58,O+,8,6,2023-12-11,Urgent,0.733
7673,50,A+,8,6,2022-04-15,Routine,0.735
7674,71,B+,8,7,2022-04-15,Routine,0.888
7675,12,O+,6,4,2022-07-16,Routine,0.676
7676,75,B+,7,6,2022-05-18,Urgent,0.844
7677,68,O+,3,3,2023-10-09,Emergency,0.876
7678,2,B+,1,1,2024-07-14,Urgent,0.873
7679,66,O+,7,5,2023-03-28,Routine,0.765
7680,2,AB+,8,8,2022-01-16,Urgent,0.955
7681,51,A+,6,4,2022-06-13,Routine,0.603
7682,35,B+,9,6,2023-03-16,Routine,0.709
7683,80,A-,8,5,2023-11-08,Urgent,0.611
7684,1,B+,10,9,2022-05-31,Emergency,0.906
7685,24,A+,2,1,2023-02-27,Routine,0.687
7686,73,A+,4,3,2022-01-15,Routine,0.627
7687,25,B+,3,2,2024-04-08,Routine,0.614
7688,36,B+,7,4,2024-04-27,Emergency,0.565
7689,22,B+,1,1,2024-06-12,Urgent,0.859
7690,49,A+,7,6,2022-12-15,Routine,0.907
7691,54,O+,8,7,2024-01-19,Emergency,0.914
7692,79,A+,2,2,2024-07-27,Urgent,0.767
7693,45,O+,1,1,2022-07-12,Routine,0.721
7694,31,A+,2,2,2022-07-08,Emergency,0.908
7695,3,B+,8,7,2022-12-16,Routine,0.875
7696,42,A+,10,7,2024-03-23,Urgent,0.722
7697,29,B-,1,1,2023-04-12,Routine,0.668
7698,60,B+,6,4,2024-04-15,Routine,0.73
7699,47,O+,6,5,2023-10-31,Routine,0.763
7700,4,O+,9,7,2022-01-29,Urgent,0.802
7701,23,O+,9,8,2022-06-05,Urgent,0.904
7702,9,A+,3,2,2024-01-22,Routine,0.702
7703,1,A+,1,1,2023-07-18,Urgent,0.708
7704,60,A+,3,2,2022-09-24,Emergency,0.811
7705,13,B+,4,3,2022-05-04,Routine,0.861
7706,35,O+,8,7,2024-05-13,Routine,0.892
7707,60,O+,10,7,2024-09-25,Routine,0.701
7708,80,O+,4,4,2022-08-21,Urgent,0.949
7709,6,O+,1,1,2022-04-15,Routine,0.816
7710,5,B+,7,5,2022-12-31,Urgent,0.781
7711,38,O+,2,2,2024-08-19,Routine,0.818
7712,30,O+,8,8,2023-03-04,Urgent,0.95
7713,14,A+,7,5,2023-12-18,Urgent,0.765
7714,54,B+,1,1,2024-04-24,Urgent,0.687
7715,63,B+,7,5,2024-10-09,Urgent,0.73
7716,23,B+,10,6,2023-10-18,Routine,0.646
7717,60,A+,10,10,2023-05-21,Urgent,0.977
7718,26,O+,5,4,2022-11-25,Routine,0.868
7719,47,A+,1,1,2023-10-25,Urgent,0.81
7720,4,O+,5,3,2023-11-22,Routine,0.659
7721,69,A-,7,2,2024-07-12,Routine,0.305
7722,21,O+,7,5,2024-11-21,Emergency,0.77
7723,50,AB+,6,6,2023-07-11,Urgent,0.954
7724,54,B+,1,1,2023-03-01,Routine,0.893
7725,77,A+,10,8,2023-02-22,Routine,0.772
7726,40,A+,4,4,2022-12-04,Routine,0.967
7727,78,O+,8,5,2023-02-26,Urgent,0.638
7728,62,B+,7,5,2023-01-20,Urgent,0.775
7729,74,O+,8,6,2022-03-07,Routine,0.717
7730,23,B+,2,2,2023-07-05,Urgent,0.842
7731,2,A+,7,7,2024-08-03,Urgent,0.989
7732,23,A+,1,1,2024-12-02,Routine,0.886
7733,57,A+,8,5,2022-01-25,Urgent,0.664
7734,51,O+,8,6,2022-05-15,Routine,0.779
7735,6,A+,1,1,2023-12-25,Routine,0.902
7736,74,B+,3,2,2023-05-29,Routine,0.826
7737,51,O+,5,4,2024-08-05,Routine,0.715
7738,13,B+,9,6,2022-11-30,Emergency,0.62
7739,68,B+,1,1,2024-08-24,Urgent,0.873
7740,36,O-,7,3,2024-08-02,Urgent,0.448
7741,71,O+,10,7,2023-07-27,Urgent,0.68
7742,54,B+,5,5,2022-09-02,Urgent,0.926
7743,15,O+,1,1,2022-10-19,Routine,0.727
7744,34,O+,10,7,2024-08-05,Urgent,0.677
7745,5,O+,5,5,2022-08-03,Urgent,0.932
7746,48,AB+,6,5,2022-12-29,Routine,0.883
7747,8,A+,10,8,2022-03-01,Routine,0.826
7748,74,O+,7,4,2022-10-04,Routine,0.613
7749,2,B-,8,3,2022-04-27,Emergency,0.408
7750,78,O+,7,7,2024-09-14,Routine,0.93
7751,49,AB+,10,9,2024-01-13,Urgent,0.894
7752,3,O+,6,5,2024-08-07,Routine,0.78
7753,41,O+,3,2,2023-11-07,Routine,0.696
7754,36,B+,6,5,2023-10-19,Routine,0.76
7755,10,O+,9,8,2022-04-17,Urgent,0.922
7756,15,A+,6,5,2024-04-28,Emergency,0.79
7757,4,O+,2,1,2023-02-23,Urgent,0.625
7758,55,AB-,3,2,2023-12-16,Routine,0.546
7759,7,B+,7,7,2022-05-30,Emergency,0.946
7760,14,B+,10,9,2022-05-09,Routine,0.878
7761,67,O+,2,2,2023-05-31,Urgent,0.779
7762,24,O+,7,5,2023-06-18,Routine,0.782
7763,48,O+,9,7,2024-08-20,Routine,0.816
7764,57,O+,10,8,2022-08-26,Emergency,0.821
7765,15,A+,6,4,2022-11-19,Routine,0.623
7766,40,A+,2,1,2023-06-14,Urgent,0.637
7767,63,O+,5,4,2023-01-25,Routine,0.792
7768,49,A+,3,3,2022-03-04,Urgent,0.99
7769,75,A+,7,4,2024-08-17,Emergency,0.558
7770,21,O+,3,3,2023-04-11,Urgent,0.837
7771,12,A+,5,3,2022-12-12,Routine,0.6
7772,50,O+,9,8,2024-06-07,Urgent,0.938
7773,8,B+,10,6,2022-02-05,Urgent,0.635
7774,16,A+,9,9,2024-07-30,Routine,0.947
7775,41,A+,3,2,2022-02-22,Urgent,0.724
7776,74,A+,10,7,2024-11-19,Emergency,0.71
7777,73,B+,4,4,2022-10-17,Routine,0.922
7778,29,A+,4,3,2023-10-22,Routine,0.687
7779,40,A+,9,7,2022-09-30,Urgent,0.799
7780,14,AB+,9,6,2022-08-12,Routine,0.635
7781,69,O+,8,6,2023-03-18,Routine,0.764
7782,32,A+,5,4,2022-09-18,Routine,0.802
7783,69,A+,5,4,2023-02-04,Routine,0.702
7784,58,B+,4,3,2023-11-23,Urgent,0.648
7785,3,AB-,7,4,2022-10-22,Routine,0.585
7786,12,O+,5,4,2024-10-17,Routine,0.703
7787,14,O+,7,6,2023-08-04,Routine,0.851
7788,70,O+,5,3,2023-05-05,Emergency,0.543
7789,72,A+,9,7,2022-06-27,Emergency,0.801
7790,62,O+,8,8,2024-03-22,Routine,0.991
7791,73,A+,5,3,2023-08-22,Routine,0.684
7792,43,O+,1,1,2024-06-06,Routine,0.627
7793,41,O+,1,1,2024-01-03,Urgent,0.934
7794,30,B+,5,4,2024-10-27,Routine,0.843
7795,3,A+,1,1,2023-10-07,Routine,0.753
7796,28,B-,4,2,2023-12-09,Routine,0.454
7797,57,AB+,8,5,2023-04-10,Routine,0.607
7798,29,O+,7,6,2023-08-22,Urgent,0.806
7799,43,B+,10,8,2022-10-07,Routine,0.768
7800,48,O+,5,4,2023-09-24,Routine,0.839
7801,66,O+,4,3,2023-01-21,Routine,0.728
7802,4,A-,3,1,2024-07-01,Urgent,0.284
7803,23,O+,7,7,2024-06-28,Urgent,0.93
7804,42,B+,2,2,2022-08-08,Urgent,0.866
7805,23,O+,6,6,2024-12-12,Urgent,0.958
7806,62,B+,2,1,2022-09-28,Emergency,0.682
7807,8,O+,7,6,2024-09-02,Urgent,0.817
7808,41,AB+,4,3,2022-12-15,Urgent,0.657
7809,20,O+,3,2,2023-06-27,Urgent,0.629
7810,57,O+,2,1,2022-06-10,Emergency,0.645
7811,23,O+,5,4,2023-11-02,Urgent,0.707
7812,45,B+,1,1,2022-09-14,Routine,0.856
7813,73,A+,10,8,2023-05-22,Urgent,0.814
7814,62,B+,3,3,2023-05-11,Urgent,0.856
7815,79,A+,1,1,2023-06-02,Routine,0.801
7816,66,B+,2,2,2023-03-22,Urgent,0.758
7817,66,B+,4,4,2024-10-06,Routine,0.975
7818,18,O+,4,3,2024-04-27,Routine,0.727
7819,55,A+,6,5,2024-08-17,Urgent,0.899
7820,79,A+,4,4,2024-01-17,Routine,0.905
7821,57,A+,10,7,2022-07-21,Emergency,0.667
7822,69,O+,6,6,2022-10-02,Routine,0.953
7823,67,B+,3,2,2022-07-06,Routine,0.636
7824,80,AB+,6,6,2022-07-15,Routine,0.92
7825,14,A+,5,4,2022-12-05,Routine,0.774
7826,20,A+,1,1,2023-06-27,Urgent,0.898
7827,51,O+,3,2,2023-01-06,Routine,0.828
7828,55,O+,4,4,2024-04-16,Emergency,0.983
7829,66,O+,10,9,2023-07-05,Urgent,0.915
7830,41,B+,5,3,2023-03-23,Urgent,0.675
7831,3,O+,6,6,2024-06-23,Routine,0.974
7832,9,O+,4,3,2022-05-19,Routine,0.827
7833,8,A+,3,2,2024-11-06,Routine,0.624
7834,41,B+,9,8,2024-11-13,Routine,0.912
7835,63,A+,2,2,2024-08-28,Emergency,0.972
7836,1,A+,1,1,2023-08-04,Urgent,0.656
7837,49,O+,8,6,2024-11-10,Urgent,0.773
7838,48,O+,5,4,2022-06-23,Urgent,0.867
7839,35,A+,4,3,2022-08-09,Routine,0.646
7840,57,B+,8,5,2022-02-04,Urgent,0.68
7841,11,B+,7,5,2023-11-30,Routine,0.649
7842,69,O+,3,2,2022-06-15,Routine,0.822
7843,80,O+,6,5,2022-06-26,Routine,0.788
7844,62,O+,5,4,2024-07-22,Urgent,0.776
7845,29,O+,2,1,2024-10-20,Routine,0.647
7846,42,O+,8,4,2023-06-16,Emergency,0.547
7847,20,O+,2,1,2024-02-25,Urgent,0.739
7848,11,A+,8,7,2023-01-12,Urgent,0.839
7849,54,A+,4,4,2022-12-23,Urgent,0.893
7850,36,B-,6,2,2022-09-05,Routine,0.406
7851,60,O-,4,2,2023-04-29,Emergency,0.553
7852,8,A-,10,4,2023-01-01,Urgent,0.409
7853,36,B+,8,7,2024-04-08,Routine,0.832
7854,53,O-,3,2,2024-06-19,Urgent,0.663
7855,43,B+,8,7,2024-09-26,Emergency,0.86
7856,1,O+,8,7,2024-09-01,Routine,0.822
7857,36,A+,10,7,2022-07-01,Routine,0.745
7858,37,A+,1,1,2022-07-19,Routine,0.8
7859,33,O-,2,1,2022-09-17,Routine,0.344
7860,47,O+,10,7,2023-02-27,Routine,0.717
7861,62,O+,5,5,2022-06-01,Emergency,0.961
7862,22,B+,10,5,2024-12-08,Emergency,0.511
7863,16,O+,2,2,2022-07-24,Emergency,0.79
7864,60,B+,7,6,2022-04-18,Emergency,0.871
7865,38,A+,4,4,2022-01-10,Routine,0.948
7866,17,B+,8,8,2022-05-21,Emergency,0.961
7867,24,A+,6,4,2022-12-15,Urgent,0.659
7868,1,O+,9,6,2023-01-31,Routine,0.668
7869,20,B+,9,8,2024-11-11,Urgent,0.918
7870,40,A+,10,9,2023-04-12,Routine,0.882
7871,53,O-,6,2,2022-07-27,Urgent,0.306
7872,23,A+,7,7,2023-02-03,Urgent,0.952
7873,45,A+,7,4,2022-03-04,Emergency,0.622
7874,13,O+,2,2,2024-02-11,Routine,0.843
7875,10,B+,3,3,2024-12-20,Urgent,0.84
7876,73,A+,9,8,2022-10-22,Routine,0.876
7877,25,A+,4,3,2022-01-06,Routine,0.677
7878,6,A+,1,1,2023-06-06,Urgent,0.737
7879,79,B+,8,5,2023-05-17,Routine,0.649
7880,62,B+,1,1,2023-02-08,Routine,0.804
7881,37,B+,9,8,2023-04-10,Routine,0.898
7882,71,O+,5,3,2023-02-24,Emergency,0.502
7883,29,A+,2,2,2022-08-11,Routine,0.953
7884,29,O+,9,9,2022-10-11,Urgent,0.965
7885,57,A+,2,1,2022-12-04,Routine,0.725
7886,40,B+,8,7,2022-06-04,Urgent,0.92
7887,75,O+,10,9,2022-01-18,Urgent,0.927
7888,2,AB+,3,2,2024-04-13,Routine,0.619
7889,50,A+,10,7,2023-01-29,Emergency,0.663
7890,77,A+,7,6,2022-04-23,Urgent,0.844
7891,54,A+,8,7,2022-01-13,Routine,0.865
7892,77,A+,1,1,2024-12-22,Routine,0.741
7893,36,A+,6,6,2023-09-06,Urgent,0.96
7894,68,O+,10,9,2023-01-30,Urgent,0.911
7895,60,O+,1,1,2022-02-15,Routine,0.838
7896,26,O+,1,1,2023-09-17,Urgent,0.658
7897,58,B+,9,8,2022-12-11,Routine,0.936
7898,42,B+,7,7,2024-06-24,Urgent,0.975
7899,15,O+,2,1,2024-04-18,Emergency,0.537
7900,59,B+,5,3,2023-07-29,Urgent,0.616
7901,65,O+,4,4,2022-06-24,Urgent,0.953
7902,21,A+,8,7,2023-12-08,Urgent,0.856
7903,64,O+,2,2,2022-06-07,Urgent,0.812
7904,72,O+,1,1,2023-09-20,Routine,0.761
7905,67,O+,3,2,2022-08-18,Urgent,0.776
7906,45,A+,10,6,2024-03-02,Routine,0.611
7907,9,O+,10,10,2022-12-11,Routine,0.984
7908,16,A+,5,4,2022-08-21,Routine,0.748
7909,80,B+,8,6,2024-04-29,Emergency,0.723
7910,39,B+,1,1,2022-06-26,Urgent,0.814
7911,76,O+,6,5,2024-09-23,Routine,0.858
7912,78,O-,3,1,2024-09-22,Routine,0.463
7913,53,AB+,8,6,2024-07-14,Routine,0.703
7914,60,A+,9,6,2024-06-29,Routine,0.645
7915,49,B+,2,1,2022-01-08,Urgent,0.711
7916,6,A-,7,4,2023-03-16,Urgent,0.627
7917,16,B-,10,6,2023-08-17,Routine,0.609
7918,28,A-,8,3,2024-02-05,Urgent,0.425
7919,29,A+,8,7,2022-06-22,Routine,0.912
7920,32,O-,2,1,2024-05-04,Routine,0.499
7921,17,A+,7,4,2023-03-18,Emergency,0.523
7922,24,B+,6,4,2023-11-11,Routine,0.683
7923,54,O+,4,4,2024-01-11,Routine,0.917
7924,4,B+,5,3,2023-11-29,Urgent,0.62
7925,73,AB+,7,7,2024-02-20,Urgent,0.949
7926,13,A-,7,2,2023-11-06,Urgent,0.255
7927,2,O+,3,2,2022-02-24,Emergency,0.513
7928,8,A+,8,5,2022-10-14,Routine,0.624
7929,52,A+,8,6,2024-02-18,Urgent,0.688
7930,49,A+,9,9,2022-02-20,Emergency,0.991
7931,66,A+,6,5,2023-06-20,Routine,0.889
7932,30,A+,9,9,2023-12-24,Urgent,0.982
7933,41,O+,10,7,2024-02-05,Routine,0.692
7934,31,O+,6,5,2022-04-07,Routine,0.752
7935,76,A+,1,1,2023-05-06,Routine,0.875
7936,38,O+,2,1,2023-06-22,Urgent,0.676
7937,20,B+,10,9,2022-06-28,Routine,0.899
7938,32,O+,4,3,2022-11-02,Routine,0.727
7939,42,B+,6,4,2022-06-07,Emergency,0.714
7940,35,A+,6,5,2023-03-28,Urgent,0.794
7941,14,B+,1,1,2023-03-02,Routine,0.885
7942,59,B+,10,6,2024-11-17,Emergency,0.65
7943,47,AB+,9,7,2023-07-21,Routine,0.757
7944,64,B+,7,6,2024-09-12,Routine,0.793
7945,33,A+,8,7,2023-04-05,Routine,0.888
7946,57,A+,7,7,2022-09-01,Routine,0.994
7947,68,O+,1,1,2024-02-27,Urgent,0.92
7948,41,A+,2,1,2024-06-16,Urgent,0.669
7949,55,B+,4,3,2022-06-05,Routine,0.753
7950,65,O+,8,7,2022-05-19,Routine,0.888
7951,40,O+,2,1,2023-08-15,Routine,0.731
7952,68,O+,4,3,2023-12-23,Urgent,0.827
7953,35,A+,3,3,2024-10-24,Urgent,0.925
7954,68,AB+,3,2,2024-02-14,Routine,0.671
7955,28,B+,9,6,2022-08-22,Urgent,0.656
7956,15,B-,5,3,2023-11-28,Routine,0.5
7957,43,B+,4,3,2023-04-17,Urgent,0.641
7958,69,A+,5,3,2023-05-23,Routine,0.627
7959,62,O+,5,4,2024-11-04,Routine,0.792
7960,9,A+,6,6,2023-03-29,Routine,0.971
7961,40,B-,10,5,2022-02-07,Emergency,0.457
7962,61,O+,2,2,2024-08-18,Routine,0.975
7963,40,O+,9,5,2022-11-02,Urgent,0.611
7964,5,O+,1,1,2024-01-22,Routine,0.7
7965,49,O+,7,6,2023-10-22,Routine,0.857
7966,47,A+,2,1,2024-11-21,Routine,0.62
7967,44,B+,2,2,2023-09-23,Routine,0.953
7968,29,A-,9,4,2023-02-06,Urgent,0.49
7969,35,O+,6,5,2022-01-24,Routine,0.902
7970,38,O+,5,5,2023-09-12,Routine,0.97
7971,41,B+,6,5,2024-03-08,Urgent,0.785
7972,50,B+,2,2,2024-05-10,Routine,0.829
7973,18,A+,9,7,2023-03-14,Routine,0.809
7974,51,O+,6,5,2022-04-04,Routine,0.775
7975,55,B+,9,7,2022-10-22,Urgent,0.767
7976,2,A+,8,7,2024-10-29,Emergency,0.867
7977,9,O+,3,3,2023-10-10,Urgent,0.867
7978,38,A-,8,3,2024-06-21,Emergency,0.319
7979,47,B+,5,5,2022-09-23,Routine,0.961
7980,24,A+,7,6,2022-02-24,Routine,0.91
7981,46,O+,3,3,2024-07-28,Urgent,0.985
7982,6,B+,9,7,2023-07-11,Routine,0.778
7983,43,O+,1,1,2023-01-10,Urgent,0.698
7984,62,A+,9,8,2023-07-02,Emergency,0.853
7985,71,O-,6,4,2024-01-24,Routine,0.623
7986,47,O+,1,1,2023-10-14,Routine,0.664
7987,66,A+,9,7,2023-06-02,Urgent,0.75
7988,74,A-,3,1,2024-02-28,Emergency,0.219
7989,53,A-,8,5,2022-09-06,Urgent,0.62
7990,50,O+,8,6,2024-01-03,Urgent,0.722
7991,45,B+,4,3,2022-05-22,Routine,0.68
7992,32,O+,4,4,2024-09-07,Urgent,0.928
7993,68,B+,5,5,2023-06-01,Routine,0.974
7994,19,O+,8,7,2024-03-08,Urgent,0.819
7995,51,B+,5,5,2024-04-22,Urgent,0.924
7996,30,O+,2,1,2023-08-05,Urgent,0.735
7997,28,O+,8,7,2024-09-04,Urgent,0.876
7998,42,A+,3,2,2022-06-16,Routine,0.65
7999,48,B+,9,8,2023-12-17,Routine,0.908
8000,19,O+,9,8,2024-08-08,Urgent,0.837
8001,79,O+,1,1,2023-10-29,Routine,0.683
8002,56,O-,10,7,2022-01-02,Routine,0.654
8003,23,A+,4,3,2022-04-07,Routine,0.864
8004,63,B+,10,8,2023-06-25,Urgent,0.826
8005,64,A+,1,1,2023-07-21,Routine,0.984
8006,38,A+,1,1,2023-05-16,Urgent,0.695
8007,42,B+,7,5,2024-11-17,Routine,0.696
8008,28,O+,8,8,2022-11-16,Routine,0.97
8009,49,A+,6,4,2022-08-17,Routine,0.644
8010,25,O+,10,9,2023-08-10,Urgent,0.897
8011,54,O+,9,9,2022-06-27,Routine,0.961
8012,75,O+,7,7,2024-09-01,Urgent,0.94
8013,29,O+,8,7,2023-02-05,Routine,0.829
8014,25,B+,8,6,2023-08-13,Urgent,0.736
8015,50,O+,7,5,2023-06-06,Emergency,0.775
8016,9,A+,5,4,2024-01-23,Urgent,0.799
8017,62,A+,3,2,2024-01-15,Routine,0.614
8018,13,B+,10,8,2022-04-12,Routine,0.834
8019,25,AB+,10,6,2024-08-26,Emergency,0.568
8020,21,A+,1,1,2022-05-24,Urgent,0.8
8021,46,AB+,10,10,2024-05-16,Routine,0.988
8022,57,A+,3,3,2023-12-11,Routine,0.844
8023,24,O+,7,6,2023-08-13,Routine,0.9
8024,39,O+,9,8,2022-04-06,Routine,0.834
8025,19,B+,5,4,2023-03-08,Routine,0.85
8026,49,B+,4,4,2023-07-15,Emergency,0.922
8027,57,O+,1,1,2024-11-06,Routine,0.903
8028,39,B+,8,6,2024-07-15,Routine,0.761
8029,10,O+,6,4,2023-10-03,Routine,0.678
8030,31,A+,6,4,2022-04-16,Emergency,0.68
8031,8,A+,5,4,2023-08-13,Routine,0.825
8032,14,O+,1,1,2022-11-11,Routine,0.701
8033,68,O+,1,1,2024-04-08,Urgent,0.943
8034,39,O+,1,1,2023-10-29,Emergency,0.648
8035,53,O+,6,4,2024-04-15,Routine,0.633
8036,45,O+,7,4,2023-12-21,Routine,0.639
8037,51,A+,8,6,2024-11-09,Routine,0.767
8038,34,O+,5,4,2022-05-11,Routine,0.801
8039,41,O+,1,1,2022-09-12,Emergency,0.713
8040,17,O+,9,7,2023-12-14,Routine,0.794
8041,70,O+,5,5,2024-09-12,Emergency,0.921
8042,12,A+,4,3,2023-06-27,Routine,0.85
8043,25,A+,7,7,2024-03-04,Routine,0.987
8044,29,O+,2,2,2024-08-25,Routine,0.808
8045,52,O+,2,1,2022-12-31,Urgent,0.623
8046,78,O+,3,3,2022-02-16,Routine,0.989
8047,3,O+,5,3,2022-06-28,Urgent,0.604
8048,64,A+,8,7,2022-11-16,Routine,0.871
8049,44,O+,9,7,2024-06-22,Urgent,0.831
8050,74,A+,1,1,2022-07-14,Routine,0.606
8051,37,O+,2,2,2022-08-18,Urgent,0.786
8052,47,B+,3,2,2022-09-18,Routine,0.81
8053,78,O+,8,5,2024-04-16,Urgent,0.623
8054,64,A+,4,3,2022-05-27,Urgent,0.725
8055,17,B+,8,7,2023-04-07,Routine,0.871
8056,55,A+,8,6,2024-09-04,Urgent,0.78
8057,28,O+,4,3,2022-10-04,Routine,0.752
8058,31,O+,3,2,2023-08-07,Emergency,0.724
8059,54,A+,9,6,2023-01-13,Routine,0.639
8060,6,O+,7,6,2024-03-14,Routine,0.86
8061,71,O+,7,6,2023-07-01,Routine,0.901
8062,63,O+,1,1,2024-05-15,Routine,0.691
8063,74,A+,8,6,2022-05-30,Routine,0.81
8064,70,O+,3,2,2024-02-19,Routine,0.823
8065,63,A+,7,6,2024-04-06,Routine,0.841
8066,29,O+,6,5,2023-10-26,Routine,0.865
8067,6,A+,5,4,2022-01-27,Routine,0.844
8068,39,B+,3,2,2023-12-03,Urgent,0.617
8069,33,AB+,7,7,2023-11-17,Emergency,0.975
8070,36,A+,3,2,2024-01-11,Routine,0.668
8071,24,O-,3,2,2024-08-18,Urgent,0.56
8072,1,O+,9,6,2022-10-30,Urgent,0.667
8073,52,O+,1,1,2023-05-13,Emergency,0.894
8074,38,B+,6,6,2023-09-19,Urgent,0.932
8075,16,A+,8,7,2022-01-01,Urgent,0.914
8076,19,B+,6,5,2023-05-18,Urgent,0.912
8077,55,A+,8,8,2023-09-08,Routine,0.96
8078,12,O+,1,1,2024-02-14,Routine,0.989
8079,41,O+,5,4,2022-12-03,Routine,0.712
8080,28,A+,6,4,2024-03-18,Urgent,0.68
8081,13,A+,4,3,2024-11-13,Urgent,0.702
8082,75,O+,1,1,2023-07-12,Routine,0.682
8083,3,A+,2,1,2023-07-14,Urgent,0.685
8084,74,O+,1,1,2023-05-10,Emergency,0.848
8085,40,A+,6,4,2022-07-14,Routine,0.709
8086,9,B+,4,4,2023-12-27,Routine,0.887
8087,22,B+,10,7,2023-11-30,Urgent,0.7
8088,7,B+,7,5,2023-02-24,Routine,0.73
8089,80,AB+,4,3,2023-06-05,Routine,0.869
8090,41,O-,2,1,2022-10-06,Urgent,0.553
8091,5,AB+,8,7,2022-01-18,Urgent,0.907
8092,12,O+,7,6,2023-10-25,Routine,0.834
8093,2,A+,9,7,2023-04-15,Emergency,0.791
8094,7,O-,8,4,2022-05-04,Emergency,0.499
8095,14,A+,3,2,2022-12-13,Routine,0.74
8096,45,B+,8,5,2023-05-03,Emergency,0.684
8097,72,B-,7,4,2023-07-31,Routine,0.558
8098,41,AB+,6,5,2024-11-03,Routine,0.833
8099,56,O+,3,3,2023-07-22,Routine,0.889
8100,45,O+,5,4,2022-08-27,Urgent,0.732
8101,9,O+,6,5,2024-02-07,Urgent,0.775
8102,27,O+,3,3,2024-12-12,Routine,0.963
8103,60,AB+,3,2,2022-09-23,Urgent,0.648
8104,49,B+,3,2,2023-05-15,Routine,0.821
8105,15,O+,4,2,2022-10-09,Urgent,0.619
8106,51,A+,4,3,2023-02-19,Routine,0.67
8107,28,O-,8,4,2024-09-24,Urgent,0.529
8108,64,O+,6,5,2023-12-30,Emergency,0.868
8109,79,A+,3,3,2024-05-19,Routine,0.905
8110,71,AB+,1,1,2022-01-31,Urgent,0.768
8111,78,B+,2,1,2022-12-19,Routine,0.734
8112,62,A+,6,3,2023-04-22,Emergency,0.556
8113,60,O+,8,5,2024-09-10,Routine,0.627
8114,61,B+,9,8,2022-11-02,Urgent,0.93
8115,22,O+,5,5,2022-04-29,Emergency,0.985
8116,42,A+,9,7,2022-07-04,Routine,0.737
8117,65,A+,8,8,2022-06-23,Urgent,0.974
8118,72,A+,5,4,2022-07-23,Urgent,0.734
8119,66,B+,2,2,2022-04-05,Routine,0.854
8120,34,O+,8,8,2024-04-15,Emergency,0.993
8121,42,O-,9,2,2022-05-07,Emergency,0.219
8122,80,A+,9,8,2023-08-26,Urgent,0.882
8123,44,O+,5,4,2022-05-28,Urgent,0.769
8124,57,O+,3,2,2022-08-10,Routine,0.781
8125,33,O+,8,8,2024-06-20,Urgent,0.946
8126,31,A+,8,5,2024-08-11,Routine,0.623
8127,54,O+,2,2,2024-06-05,Emergency,0.826
8128,72,AB+,2,2,2022-04-14,Urgent,0.914
8129,13,A+,4,3,2022-12-30,Routine,0.849
8130,58,A+,8,5,2023-12-23,Emergency,0.658
8131,1,O+,4,4,2022-11-07,Routine,0.875
8132,36,B+,2,2,2024-01-12,Urgent,0.99
8133,19,A+,5,4,2024-04-30,Routine,0.731
8134,20,A+,3,3,2022-07-15,Emergency,0.91
8135,75,A+,4,3,2022-02-28,Urgent,0.83
8136,21,O+,8,5,2023-06-12,Routine,0.66
8137,64,O+,5,4,2022-01-22,Routine,0.754
8138,45,A+,7,6,2023-05-01,Routine,0.834
8139,76,B-,9,4,2024-10-16,Routine,0.441
8140,80,AB+,1,1,2022-08-12,Urgent,0.716
8141,10,A+,2,2,2024-11-24,Emergency,0.808
8142,43,O+,1,1,2023-08-30,Urgent,0.951
8143,70,A+,2,2,2023-04-07,Routine,0.884
8144,43,B+,3,3,2023-06-07,Urgent,0.871
8145,67,B+,9,8,2024-04-16,Routine,0.897
8146,48,O+,6,6,2023-03-18,Urgent,0.975
8147,64,B+,8,5,2024-01-07,Emergency,0.659
8148,47,A+,10,6,2022-11-26,Urgent,0.61
8149,80,O+,3,3,2023-06-29,Routine,0.9
8150,36,A+,6,5,2023-09-16,Urgent,0.847
8151,36,O+,7,6,2022-11-23,Routine,0.903
8152,46,O+,2,1,2023-07-20,Urgent,0.709
8153,74,O+,10,7,2024-02-29,Urgent,0.708
8154,80,A-,9,5,2023-08-31,Urgent,0.574
8155,60,O+,2,2,2023-10-13,Routine,0.774
8156,29,A+,8,7,2022-10-25,Routine,0.818
8157,54,O+,3,3,2024-08-18,Routine,0.898
8158,63,B+,5,4,2024-01-08,Emergency,0.79
8159,31,A+,8,8,2022-08-17,Emergency,0.958
8160,32,O+,4,3,2024-10-14,Routine,0.712
8161,50,A+,5,4,2024-12-16,Urgent,0.844
8162,9,B+,10,7,2022-02-27,Urgent,0.668
8163,80,O+,6,5,2023-04-24,Urgent,0.766
8164,47,O+,3,2,2023-04-15,Urgent,0.815
8165,24,O+,7,5,2023-10-29,Emergency,0.776
8166,48,AB+,9,8,2024-08-14,Routine,0.839
8167,52,A+,4,4,2022-03-22,Routine,0.98
8168,19,A+,10,8,2024-08-04,Emergency,0.808
8169,56,O+,3,2,2022-06-05,Routine,0.64
8170,61,B+,7,4,2022-06-22,Urgent,0.613
8171,10,O+,6,6,2022-11-30,Routine,0.955
8172,64,A+,6,5,2022-10-29,Routine,0.78
8173,48,B+,1,1,2024-04-19,Emergency,0.592
8174,17,A+,1,1,2023-07-19,Routine,1.0
8175,43,O+,7,7,2022-03-21,Emergency,0.954
8176,27,O+,5,4,2023-04-27,Routine,0.846
8177,35,A+,9,7,2024-02-04,Emergency,0.742
8178,40,B+,6,5,2022-04-11,Routine,0.77
8179,39,A+,8,8,2022-07-16,Routine,0.964
8180,25,B+,3,2,2024-02-13,Emergency,0.83
8181,31,O+,4,3,2024-05-18,Routine,0.666
8182,32,A+,4,3,2024-04-19,Routine,0.868
8183,38,O+,9,8,2023-10-01,Routine,0.929
8184,64,A+,2,2,2022-01-02,Routine,0.817
8185,14,O+,7,5,2022-09-05,Routine,0.779
8186,29,AB+,8,7,2024-08-31,Urgent,0.844
8187,77,O+,1,1,2023-12-25,Emergency,0.897
8188,68,O+,5,3,2024-03-04,Routine,0.611
8189,2,O+,3,3,2022-08-15,Urgent,0.854
8190,14,B+,6,4,2023-05-07,Urgent,0.681
8191,62,A+,5,4,2024-09-22,Routine,0.739
8192,79,A+,9,9,2024-09-29,Routine,0.957
8193,79,O+,4,3,2024-11-23,Urgent,0.656
8194,73,A+,4,3,2023-09-15,Urgent,0.752
8195,43,B+,4,4,2023-07-04,Routine,0.942
8196,67,O+,1,1,2023-07-13,Urgent,0.941
8197,66,A+,1,1,2023-02-03,Routine,0.854
8198,32,O+,5,4,2022-12-23,Emergency,0.737
8199,78,A+,4,3,2024-09-14,Urgent,0.804
8200,74,B+,3,2,2023-03-26,Routine,0.75
8201,9,A+,6,5,2022-10-04,Urgent,0.829
8202,14,O+,5,4,2023-03-28,Routine,0.727
8203,26,O+,9,6,2024-11-24,Routine,0.718
8204,54,O-,2,0,2022-11-18,Emergency,0.231
8205,6,O+,2,1,2023-10-05,Routine,0.746
8206,64,O-,8,2,2023-09-25,Urgent,0.309
8207,65,O+,10,6,2022-04-06,Routine,0.602
8208,34,B+,5,4,2024-04-10,Routine,0.851
8209,12,A+,2,2,2023-11-20,Routine,0.833
8210,10,O+,3,2,2023-08-19,Routine,0.645
8211,16,A+,5,5,2023-05-28,Routine,0.933
8212,53,A+,4,2,2023-06-30,Emergency,0.54
8213,34,O+,8,8,2024-08-17,Routine,0.996
8214,44,O+,7,5,2024-02-17,Urgent,0.679
8215,39,B+,10,7,2022-12-25,Routine,0.693
8216,12,B+,7,5,2023-12-28,Urgent,0.764
8217,53,O+,1,1,2022-07-24,Routine,0.713
8218,14,O+,9,8,2023-10-02,Routine,0.878
8219,38,A+,10,8,2023-08-10,Urgent,0.837
8220,48,A-,4,2,2023-05-23,Emergency,0.491
8221,34,O+,8,6,2022-05-02,Urgent,0.762
8222,44,B+,9,8,2023-10-09,Urgent,0.917
8223,48,B+,6,6,2022-11-28,Routine,0.927
8224,69,A+,1,1,2023-07-06,Urgent,0.93
8225,67,O-,9,6,2024-05-14,Urgent,0.677
8226,71,O-,2,1,2022-04-01,Urgent,0.315
8227,32,A+,1,1,2023-08-05,Urgent,0.689
8228,68,O+,9,8,2024-09-08,Urgent,0.887
8229,32,O+,2,2,2023-05-18,Routine,0.986
8230,25,O+,2,2,2024-07-09,Emergency,0.78
8231,69,B+,2,1,2022-08-10,Routine,0.675
8232,42,O+,8,6,2023-02-04,Urgent,0.71
8233,41,AB+,2,2,2024-09-15,Urgent,0.997
8234,13,B+,7,6,2022-06-14,Urgent,0.885
8235,29,O+,10,9,2023-11-19,Urgent,0.925
8236,7,O+,4,3,2024-04-15,Urgent,0.693
8237,75,B+,7,6,2022-12-24,Routine,0.868
8238,15,A+,8,7,2023-04-21,Emergency,0.813
8239,63,B+,5,4,2024-12-30,Routine,0.711
8240,21,B+,8,7,2024-02-18,Urgent,0.869
8241,15,A+,8,5,2022-02-17,Routine,0.622
8242,2,O+,2,1,2023-08-14,Urgent,0.634
8243,50,B+,1,1,2022-04-03,Routine,0.878
8244,2,O+,3,3,2022-01-08,Urgent,0.835
8245,50,O+,6,4,2024-01-15,Routine,0.69
8246,79,O+,8,8,2024-08-18,Routine,0.955
8247,37,A+,5,3,2024-07-27,Routine,0.67
8248,59,AB+,10,9,2023-11-02,Routine,0.919
8249,42,AB+,1,1,2024-03-30,Urgent,0.61
8250,62,B+,8,5,2023-05-31,Emergency,0.567
8251,27,O+,5,3,2022-02-20,Emergency,0.592
8252,19,O-,10,4,2022-07-16,Emergency,0.417
8253,42,O+,8,7,2024-08-11,Urgent,0.892
8254,14,A+,5,5,2022-02-03,Urgent,0.909
8255,29,O+,1,1,2023-11-04,Urgent,0.815
8256,57,B+,1,1,2023-11-19,Urgent,0.666
8257,27,O+,8,5,2022-11-14,Urgent,0.634
8258,56,O+,8,8,2024-12-06,Urgent,0.987
8259,36,O+,8,6,2022-04-05,Routine,0.799
8260,60,A+,5,5,2022-05-26,Routine,0.958
8261,55,AB+,7,7,2022-10-14,Emergency,0.977
8262,21,B+,1,1,2022-10-17,Routine,0.962
8263,54,A+,4,3,2023-02-20,Routine,0.793
8264,52,AB+,6,4,2022-06-03,Routine,0.633
8265,33,O+,9,8,2022-09-25,Urgent,0.841
8266,72,O+,2,2,2022-05-02,Routine,0.763
8267,62,O+,10,9,2022-08-05,Routine,0.943
8268,6,B+,1,1,2022-09-01,Urgent,0.611
8269,11,B+,5,5,2022-03-12,Urgent,0.978
8270,16,A+,10,9,2024-12-08,Emergency,0.905
8271,69,A+,5,3,2022-06-22,Urgent,0.68
8272,47,O-,1,0,2024-03-16,Emergency,0.407
8273,29,A+,7,4,2024-02-06,Routine,0.629
8274,1,O+,3,2,2024-06-06,Routine,0.674
8275,32,A+,4,3,2024-05-03,Routine,0.693
8276,11,AB+,5,4,2023-02-25,Routine,0.84
8277,79,A+,3,3,2024-01-15,Urgent,0.862
8278,38,O+,7,6,2022-11-06,Urgent,0.819
8279,59,O+,5,4,2023-09-03,Emergency,0.885
8280,42,O+,6,5,2023-08-11,Emergency,0.779
8281,51,O+,8,8,2022-05-13,Urgent,0.967
8282,73,O+,6,5,2022-10-25,Routine,0.771
8283,42,A+,2,2,2022-12-27,Routine,0.987
8284,44,AB+,5,5,2023-05-05,Urgent,0.914
8285,71,O+,7,5,2024-01-04,Routine,0.678
8286,26,B+,2,2,2022-12-29,Routine,0.912
8287,4,A+,4,3,2023-03-28,Emergency,0.667
8288,80,O-,2,0,2024-12-28,Emergency,0.205
8289,1,O+,1,1,2022-07-17,Emergency,0.965
8290,46,O-,2,1,2024-08-03,Routine,0.617
8291,16,A+,9,8,2022-03-25,Urgent,0.908
8292,50,O+,5,5,2024-08-09,Routine,0.972
8293,39,A+,8,5,2022-01-06,Routine,0.684
8294,39,O+,10,7,2022-09-28,Urgent,0.675
8295,35,O+,4,3,2023-04-18,Routine,0.703
8296,54,A-,9,6,2023-09-04,Routine,0.669
8297,65,O+,1,1,2024-11-23,Emergency,0.541
8298,41,A+,10,9,2023-03-21,Urgent,0.896
8299,15,O+,8,6,2023-09-03,Routine,0.723
8300,56,O+,5,5,2022-06-16,Routine,0.969
8301,61,O+,1,1,2024-07-29,Routine,0.833
8302,47,A+,1,1,2022-05-04,Routine,0.788
8303,80,O+,9,8,2022-07-28,Urgent,0.908
8304,77,O+,2,2,2023-08-07,Routine,0.863
8305,58,A+,5,3,2022-10-19,Routine,0.643
8306,64,O+,9,7,2024-04-27,Emergency,0.726
8307,51,A+,9,7,2023-04-27,Urgent,0.75
8308,4,B+,8,7,2024-03-17,Routine,0.829
8309,73,O-,5,1,2024-10-15,Routine,0.219
8310,24,O+,4,3,2024-04-04,Urgent,0.71
8311,11,O+,8,6,2024-02-06,Routine,0.726
8312,66,O+,1,1,2023-04-24,Emergency,0.996
8313,69,B+,7,6,2022-08-31,Emergency,0.903
8314,12,O+,7,5,2024-04-13,Routine,0.711
8315,73,O+,3,3,2022-03-03,Routine,0.905
8316,1,A+,7,5,2022-01-26,Routine,0.738
8317,18,B+,7,5,2022-11-30,Routine,0.73
8318,64,O+,3,2,2022-08-15,Routine,0.694
8319,15,B-,10,3,2023-10-20,Urgent,0.309
8320,11,O+,3,2,2022-04-23,Urgent,0.745
8321,79,O+,10,8,2022-06-01,Routine,0.784
8322,29,A+,8,6,2022-10-16,Routine,0.782
8323,32,O+,10,7,2023-12-28,Urgent,0.668
8324,18,A+,5,4,2023-07-04,Urgent,0.799
8325,44,A+,5,4,2024-03-08,Routine,0.806
8326,17,B-,9,4,2022-04-19,Urgent,0.447
8327,72,A+,8,7,2023-01-09,Routine,0.817
8328,33,B+,3,2,2024-12-09,Urgent,0.746
8329,72,A+,7,5,2024-06-03,Routine,0.708
8330,11,A+,1,1,2022-01-27,Routine,0.771
8331,74,O+,1,1,2023-02-21,Urgent,0.739
8332,54,B+,9,6,2024-08-30,Emergency,0.694
8333,11,A+,3,3,2022-02-14,Routine,0.91
8334,33,B+,5,5,2022-08-15,Routine,0.929
8335,32,O+,4,3,2024-03-06,Urgent,0.707
8336,32,O+,10,6,2022-04-07,Routine,0.607
8337,78,A+,8,8,2022-10-03,Routine,0.952
8338,72,O+,8,7,2024-06-12,Routine,0.842
8339,35,O+,9,6,2024-06-10,Routine,0.656
8340,19,B+,7,6,2022-01-20,Routine,0.82
8341,69,O+,1,1,2024-04-06,Routine,0.919
8342,17,A+,10,6,2022-05-13,Emergency,0.587
8343,57,O+,6,4,2024-05-20,Routine,0.642
8344,42,O+,6,5,2023-12-27,Routine,0.909
8345,32,B+,7,5,2022-07-25,Urgent,0.692
8346,64,O-,9,2,2023-03-03,Urgent,0.216
8347,68,O+,8,7,2023-01-03,Emergency,0.919
8348,12,A+,6,6,2023-11-28,Urgent,0.978
8349,52,O+,10,6,2024-07-19,Routine,0.639
8350,18,A+,4,3,2024-01-05,Urgent,0.653
8351,75,B+,5,5,2024-04-30,Routine,0.966
8352,64,A-,8,4,2023-01-30,Routine,0.44
8353,44,B+,5,5,2024-07-02,Emergency,0.979
8354,1,O+,10,7,2024-03-14,Urgent,0.681
8355,63,O+,7,5,2022-11-15,Urgent,0.664
8356,45,A+,7,6,2022-02-12,Routine,0.923
8357,17,O+,5,4,2024-12-03,Routine,0.884
8358,24,A+,8,7,2023-07-22,Routine,0.821
8359,77,O+,9,7,2024-01-20,Urgent,0.75
8360,17,A+,2,1,2023-10-26,Routine,0.614
8361,40,A+,6,5,2022-11-25,Urgent,0.864
8362,78,B+,1,1,2024-01-15,Routine,0.633
8363,6,A-,7,2,2024-09-20,Routine,0.3
8364,74,A+,8,7,2022-04-26,Urgent,0.92
8365,57,O-,8,4,2022-11-19,Urgent,0.507
8366,65,B+,9,7,2022-10-10,Emergency,0.734
8367,9,O+,4,3,2024-09-08,Emergency,0.858
8368,37,A+,7,4,2022-07-06,Emergency,0.585
8369,69,B+,8,5,2023-01-23,Routine,0.651
8370,21,O+,5,4,2024-07-28,Emergency,0.717
8371,51,O+,4,4,2022-07-17,Routine,0.91
8372,34,O+,6,6,2022-01-28,Emergency,1.0
8373,35,AB+,10,8,2022-07-22,Routine,0.828
8374,24,B+,2,2,2022-03-16,Routine,0.984
8375,77,O+,7,4,2024-09-05,Emergency,0.595
8376,23,O+,1,1,2023-11-06,Routine,0.635
8377,34,O+,2,1,2024-01-26,Urgent,0.659
8378,61,A+,1,1,2022-04-28,Routine,0.906
8379,19,O+,1,1,2023-09-01,Routine,0.899
8380,4,O+,9,7,2024-08-27,Routine,0.794
8381,51,O+,2,2,2023-05-27,Emergency,0.779
8382,27,B+,10,5,2023-07-18,Emergency,0.535
8383,73,A+,2,1,2022-08-03,Routine,0.651
8384,79,O+,9,5,2024-03-26,Emergency,0.513
8385,9,B+,1,1,2023-12-16,Urgent,0.889
8386,37,A+,4,3,2023-05-17,Routine,0.751
8387,70,A+,6,5,2022-03-04,Routine,0.876
8388,57,A+,2,2,2023-01-23,Emergency,0.922
8389,8,AB+,4,4,2024-04-17,Routine,0.895
8390,46,A+,10,7,2023-08-16,Emergency,0.727
8391,25,O+,3,3,2023-08-17,Emergency,0.993
8392,34,O-,1,1,2023-12-25,Routine,0.644
8393,20,A+,6,5,2022-01-04,Emergency,0.775
8394,39,B+,2,1,2023-08-11,Routine,0.733
8395,17,O+,7,6,2024-02-16,Routine,0.822
8396,41,B+,9,7,2023-11-18,Emergency,0.832
8397,64,B+,5,4,2023-10-19,Routine,0.701
8398,70,O+,9,8,2023-04-17,Routine,0.84
8399,78,A+,10,8,2022-04-11,Routine,0.804
8400,7,A+,7,6,2022-02-11,Routine,0.816
8401,28,AB-,4,2,2022-04-21,Routine,0.432
8402,32,O+,7,5,2024-05-27,Urgent,0.726
8403,73,A+,5,3,2023-08-03,Routine,0.655
8404,25,A+,5,4,2023-06-11,Routine,0.851
8405,33,O+,4,4,2022-12-29,Urgent,0.898
8406,19,A+,5,4,2024-01-12,Urgent,0.755
8407,28,B+,8,7,2023-05-04,Urgent,0.903
8408,52,B-,2,0,2024-01-29,Routine,0.204
8409,19,O+,6,4,2022-05-28,Routine,0.703
8410,64,B+,7,5,2024-01-06,Routine,0.777
8411,11,O+,3,2,2024-02-05,Routine,0.681
8412,27,AB+,9,6,2022-07-12,Emergency,0.72
8413,80,A-,6,1,2022-03-09,Urgent,0.231
8414,20,O+,3,2,2023-10-16,Routine,0.78
8415,21,A-,2,1,2024-08-31,Routine,0.662
8416,64,AB+,3,3,2022-10-14,Routine,0.846
8417,12,A+,7,4,2022-02-13,Urgent,0.608
8418,21,AB+,1,1,2022-08-19,Routine,0.744
8419,48,O+,1,1,2023-12-12,Routine,0.604
8420,46,O+,1,1,2022-12-27,Routine,0.695
8421,56,A+,9,7,2023-01-02,Routine,0.82
8422,7,A+,1,1,2024-04-27,Urgent,0.896
8423,55,B+,8,5,2024-02-11,Routine,0.626
8424,24,O+,9,7,2023-05-05,Routine,0.798
8425,26,A+,10,10,2023-09-11,Routine,0.972
8426,57,O+,6,4,2024-07-04,Routine,0.647
8427,76,O+,3,2,2022-09-17,Emergency,0.6
8428,56,A+,7,4,2024-08-15,Urgent,0.627
8429,21,A+,1,1,2022-12-08,Emergency,0.777
8430,76,A+,7,6,2022-11-28,Routine,0.835
8431,76,A+,5,4,2022-01-10,Urgent,0.75
8432,78,O+,7,7,2023-06-08,Routine,0.967
8433,27,O-,9,6,2023-03-25,Routine,0.62
8434,25,O+,6,6,2023-01-27,Routine,0.965
8435,78,O+,2,2,2022-03-23,Routine,0.751
8436,30,A+,6,4,2024-07-29,Routine,0.695
8437,22,B+,4,3,2023-04-26,Routine,0.732
8438,41,A+,4,3,2022-06-27,Routine,0.665
8439,51,A+,2,1,2023-06-27,Emergency,0.507
8440,69,A-,9,6,2023-01-06,Emergency,0.611
8441,54,A+,9,6,2024-02-29,Routine,0.612
8442,21,A+,6,4,2023-10-24,Urgent,0.69
8443,15,A+,3,2,2023-06-07,Urgent,0.705
8444,22,A+,2,1,2023-12-28,Routine,0.691
8445,51,B+,2,1,2023-07-26,Emergency,0.626
8446,28,B+,6,5,2023-10-02,Routine,0.797
8447,50,O+,6,5,2024-09-16,Urgent,0.789
8448,63,O+,10,8,2023-08-27,Routine,0.794
8449,40,AB+,10,8,2023-01-04,Emergency,0.797
8450,32,O+,6,5,2022-08-01,Urgent,0.867
8451,76,O+,2,1,2024-05-12,Emergency,0.609
8452,10,O+,2,2,2022-06-01,Urgent,0.924
8453,73,O+,10,7,2024-03-16,Routine,0.681
8454,79,B+,2,2,2023-03-08,Urgent,0.804
8455,16,AB+,10,7,2022-05-10,Urgent,0.724
8456,8,O+,10,5,2024-02-26,Emergency,0.52
8457,4,AB+,1,1,2023-04-27,Routine,0.758
8458,40,B-,8,4,2024-12-31,Routine,0.498
8459,3,A+,6,4,2023-04-22,Routine,0.683
8460,21,B-,7,3,2022-01-16,Routine,0.421
8461,45,O+,6,4,2023-01-06,Routine,0.683
8462,52,A+,10,9,2024-01-12,Routine,0.887
8463,60,O+,6,4,2022-03-10,Routine,0.743
8464,80,B+,9,6,2024-06-13,Routine,0.647
8465,59,O+,2,2,2023-01-08,Urgent,0.94
8466,43,B-,6,2,2023-02-05,Urgent,0.286
8467,71,O+,9,6,2023-12-26,Urgent,0.627
8468,68,A+,7,5,2023-11-19,Routine,0.776
8469,48,B+,2,1,2024-10-22,Urgent,0.744
8470,55,B+,5,4,2023-01-26,Urgent,0.844
8471,80,A+,6,5,2023-10-04,Emergency,0.833
8472,60,O+,6,3,2023-11-16,Emergency,0.535
8473,45,B+,5,3,2022-04-30,Urgent,0.632
8474,76,AB+,10,9,2022-10-15,Routine,0.909
8475,54,B+,7,6,2022-08-23,Routine,0.822
8476,1,O+,9,9,2022-06-23,Urgent,0.975
8477,16,O+,6,4,2024-07-06,Routine,0.683
8478,16,B+,8,6,2022-12-10,Emergency,0.794
8479,47,B+,4,3,2024-11-17,Urgent,0.854
8480,46,O+,8,6,2024-01-02,Urgent,0.724
8481,64,O-,5,3,2023-08-30,Routine,0.617
8482,29,A+,3,2,2022-05-17,Emergency,0.6
8483,73,B+,2,2,2023-03-05,Routine,0.877
8484,18,B+,9,8,2022-09-12,Urgent,0.836
8485,25,O+,4,3,2022-06-10,Urgent,0.663
8486,77,A+,9,7,2024-11-30,Routine,0.77
8487,16,A+,6,4,2024-01-06,Urgent,0.623
8488,18,AB+,6,4,2024-08-09,Urgent,0.712
8489,37,O+,6,6,2024-03-20,Routine,0.942
8490,70,O+,8,4,2022-11-25,Emergency,0.558
8491,20,A-,6,2,2022-01-23,Urgent,0.307
8492,1,O+,9,6,2022-08-26,Urgent,0.642
8493,53,A+,9,5,2023-10-03,Routine,0.606
8494,64,AB+,2,1,2023-12-15,Urgent,0.668
8495,35,O+,8,5,2022-10-05,Emergency,0.583
8496,10,A+,2,2,2022-03-07,Routine,0.797
8497,51,A+,2,1,2022-09-12,Routine,0.692
8498,13,A+,5,4,2024-07-02,Routine,0.757
8499,23,A+,2,2,2022-08-25,Urgent,0.888
8500,35,O+,6,5,2024-11-02,Urgent,0.839
8501,11,O+,6,4,2024-03-15,Routine,0.713
8502,34,B+,3,3,2024-09-21,Routine,0.971
8503,34,B+,5,4,2023-11-13,Urgent,0.843
8504,55,O+,2,2,2023-02-21,Routine,0.82
8505,58,O-,8,2,2023-12-12,Routine,0.275
8506,78,O+,9,9,2024-05-23,Urgent,0.992
8507,48,O+,2,1,2024-06-17,Emergency,0.532
8508,52,B+,3,2,2024-04-07,Routine,0.716
8509,78,O+,6,4,2024-06-25,Urgent,0.735
8510,68,A+,6,5,2022-01-12,Routine,0.777
8511,19,B+,8,8,2022-05-31,Routine,0.993
8512,36,O+,8,7,2022-04-18,Routine,0.924
8513,18,B+,4,3,2022-08-19,Routine,0.684
8514,65,AB+,6,4,2024-10-16,Urgent,0.652
8515,9,O+,6,4,2022-07-27,Routine,0.697
8516,74,A-,7,3,2024-10-14,Emergency,0.477
8517,80,A+,10,6,2023-01-06,Routine,0.641
8518,61,A+,6,4,2022-03-21,Routine,0.702
8519,52,A+,1,1,2023-06-15,Urgent,0.633
8520,45,B-,5,1,2022-03-09,Routine,0.204
8521,9,O+,1,1,2023-11-07,Urgent,0.906
8522,30,O+,5,4,2023-06-17,Urgent,0.866
8523,66,O+,4,3,2022-11-02,Emergency,0.783
8524,73,O-,10,2,2023-04-10,Routine,0.25
8525,61,A+,8,7,2024-04-09,Urgent,0.873
8526,23,O+,3,2,2023-04-16,Emergency,0.592
8527,50,O+,3,3,2023-09-01,Routine,0.863
8528,27,B+,3,3,2023-05-18,Routine,0.961
8529,77,A+,2,1,2024-09-06,Routine,0.621
8530,70,O+,4,3,2022-04-24,Routine,0.786
8531,44,A+,2,1,2024-03-29,Emergency,0.73
8532,57,B+,1,1,2024-02-11,Routine,0.832
8533,19,A+,2,1,2024-01-22,Routine,0.677
8534,10,AB+,10,7,2024-09-06,Routine,0.666
8535,65,O+,4,3,2022-08-18,Urgent,0.685
8536,73,B+,2,2,2024-09-18,Urgent,0.756
8537,69,B+,7,6,2022-10-08,Emergency,0.845
8538,32,O+,10,7,2023-02-21,Urgent,0.728
8539,13,A+,5,3,2023-03-15,Emergency,0.635
8540,21,O+,9,7,2024-11-15,Emergency,0.731
8541,36,O+,7,6,2023-04-18,Routine,0.878
8542,69,O+,3,2,2022-06-11,Routine,0.806
8543,39,O+,3,2,2022-06-09,Routine,0.761
8544,67,A+,9,6,2024-03-28,Routine,0.705
8545,36,B+,1,1,2023-09-25,Urgent,0.729
8546,4,A+,6,6,2024-06-27,Routine,0.94
8547,43,O+,3,3,2022-01-18,Urgent,0.915
8548,14,A+,9,6,2024-02-02,Urgent,0.626
8549,33,A+,3,3,2023-07-25,Urgent,1.0
8550,3,B+,6,4,2023-09-05,Routine,0.635
8551,24,A+,6,5,2024-09-02,Routine,0.825
8552,72,B+,8,6,2023-07-18,Emergency,0.694
8553,44,B+,9,7,2024-02-03,Urgent,0.736
8554,47,B+,3,2,2022-03-07,Emergency,0.788
8555,55,O-,6,2,2024-08-05,Emergency,0.267
8556,75,O+,8,7,2022-07-01,Urgent,0.826
8557,72,O+,1,1,2023-11-22,Emergency,0.954
8558,33,A+,4,3,2024-02-15,Emergency,0.822
8559,44,B+,8,6,2024-08-08,Urgent,0.772
8560,80,O+,5,4,2022-12-08,Emergency,0.815
8561,28,B+,3,2,2023-05-18,Routine,0.671
8562,39,B+,4,3,2024-11-30,Routine,0.751
8563,50,O-,5,1,2024-10-22,Urgent,0.224
8564,7,B+,1,1,2023-12-27,Urgent,0.901
8565,7,O-,1,0,2022-03-20,Routine,0.312
8566,13,O+,4,3,2022-03-25,Routine,0.694
8567,69,O+,9,7,2022-07-09,Routine,0.754
8568,54,O+,6,6,2023-02-13,Routine,0.957
8569,73,O+,5,4,2024-04-22,Routine,0.732
8570,53,A+,3,3,2024-03-05,Routine,0.86
8571,54,O+,5,5,2022-04-08,Routine,0.966
8572,34,AB+,8,6,2023-06-10,Routine,0.789
8573,71,A+,1,1,2024-08-16,Routine,0.89
8574,48,A+,10,7,2023-08-03,Routine,0.745
8575,55,A+,8,5,2023-08-13,Urgent,0.659
8576,68,O+,1,1,2022-04-13,Routine,0.783
8577,48,A-,10,7,2022-03-12,Routine,0.652
8578,67,O+,4,3,2023-11-10,Routine,0.833
8579,73,A+,1,1,2024-03-16,Routine,0.977
8580,78,O-,9,6,2024-06-27,Routine,0.613
8581,17,O+,5,4,2022-10-29,Routine,0.796
8582,46,A+,8,5,2024-10-22,Routine,0.67
8583,6,O+,8,6,2023-02-15,Emergency,0.754
8584,33,A+,7,4,2022-10-13,Emergency,0.592
8585,19,A+,5,3,2023-09-27,Routine,0.675
8586,24,B+,10,6,2024-02-16,Routine,0.602
8587,69,A+,10,10,2022-07-18,Routine,0.966
8588,19,B+,5,3,2024-10-16,Routine,0.613
8589,6,O+,10,9,2022-07-13,Routine,0.861
8590,11,A+,9,5,2022-02-16,Routine,0.611
8591,38,B+,3,3,2022-07-20,Routine,0.936
8592,52,A+,3,2,2023-11-16,Routine,0.689
8593,54,A+,1,1,2024-03-16,Urgent,0.983
8594,28,B+,1,1,2022-06-23,Routine,0.666
8595,68,O+,2,2,2024-12-21,Routine,0.808
8596,71,O-,3,2,2024-07-21,Routine,0.625
8597,32,B+,5,5,2022-02-26,Urgent,0.912
8598,40,O+,2,1,2023-06-09,Urgent,0.724
8599,44,AB+,2,2,2023-06-17,Routine,0.97
8600,22,A+,1,1,2023-05-02,Urgent,0.972
8601,6,B+,2,1,2024-01-24,Routine,0.614
8602,60,O+,7,6,2024-04-20,Routine,0.866
8603,43,O+,8,4,2022-01-13,Emergency,0.522
8604,54,O+,6,5,2022-11-23,Urgent,0.892
8605,70,B+,1,1,2023-01-09,Urgent,0.602
8606,64,AB+,10,7,2022-10-18,Urgent,0.712
8607,49,O+,9,7,2024-05-06,Urgent,0.802
8608,44,B+,6,4,2024-01-01,Routine,0.651
8609,75,O+,8,6,2022-02-01,Routine,0.785
8610,73,A+,10,7,2022-06-03,Routine,0.741
8611,76,O+,9,6,2022-05-29,Routine,0.65
8612,63,B+,9,8,2023-06-28,Urgent,0.928
8613,30,B-,2,1,2024-12-26,Emergency,0.381
8614,36,O+,6,6,2022-05-13,Urgent,0.969
8615,28,A+,6,5,2024-04-16,Routine,0.776
8616,12,A+,8,6,2024-12-25,Emergency,0.761
8617,28,AB+,1,1,2024-12-16,Urgent,0.796
8618,60,O+,3,2,2022-12-13,Routine,0.78
8619,60,B+,10,9,2024-03-19,Routine,0.876
8620,48,O+,5,5,2023-05-02,Routine,0.993
8621,12,A+,10,8,2022-06-02,Urgent,0.773
8622,51,O+,10,7,2024-12-24,Routine,0.703
8623,80,A+,1,1,2024-11-27,Routine,0.654
8624,36,B+,10,9,2023-05-21,Emergency,0.892
8625,34,B+,9,9,2023-11-14,Routine,0.97
8626,67,B+,2,1,2023-09-17,Routine,0.732
8627,47,O+,9,6,2023-11-01,Urgent,0.628
8628,55,O+,1,1,2024-09-28,Urgent,0.785
8629,79,AB+,5,3,2022-02-26,Emergency,0.679
8630,45,O+,8,5,2024-03-17,Routine,0.654
8631,32,O+,6,4,2023-09-11,Urgent,0.662
8632,26,A+,2,2,2023-07-07,Routine,0.877
8633,63,B+,6,6,2024-05-01,Routine,0.962
8634,5,O+,8,6,2022-05-03,Routine,0.767
8635,19,O+,6,5,2024-06-05,Emergency,0.889
8636,40,A+,10,8,2022-11-04,Routine,0.804
8637,37,O+,6,5,2023-11-27,Emergency,0.843
8638,46,A+,1,1,2022-08-07,Routine,0.728
8639,76,O+,7,4,2022-02-01,Urgent,0.616
8640,77,A+,10,9,2024-01-03,Urgent,0.868
8641,14,A+,9,7,2023-01-26,Routine,0.831
8642,69,O+,10,5,2023-10-22,Emergency,0.543
8643,66,O+,9,9,2022-12-20,Routine,0.999
8644,47,O+,2,2,2024-12-28,Emergency,0.759
8645,59,O-,8,5,2022-12-01,Routine,0.575
8646,63,B+,4,2,2022-11-16,Emergency,0.606
8647,58,O+,4,2,2022-04-16,Routine,0.603
8648,32,O+,4,2,2023-06-03,Urgent,0.625
8649,68,AB+,3,2,2023-06-05,Urgent,0.7
8650,65,A+,1,1,2022-11-11,Routine,0.853
8651,53,O+,3,2,2024-06-03,Urgent,0.691
8652,46,A+,1,1,2023-11-11,Emergency,0.963
8653,40,O+,4,3,2024-10-25,Urgent,0.853
8654,1,A+,7,6,2023-10-17,Urgent,0.831
8655,56,B+,9,8,2024-11-24,Urgent,0.93
8656,49,O+,9,8,2023-10-27,Routine,0.866
8657,60,B+,2,2,2022-12-13,Routine,0.764
8658,60,B+,3,2,2023-03-08,Urgent,0.791
8659,53,A+,8,6,2024-03-02,Routine,0.694
8660,48,AB+,2,2,2022-03-21,Emergency,0.887
8661,58,A+,9,6,2023-05-25,Urgent,0.703
8662,37,A+,5,4,2022-12-06,Routine,0.87
8663,62,O+,4,3,2022-02-23,Urgent,0.793
8664,49,O+,4,3,2024-02-29,Emergency,0.699
8665,31,A+,10,9,2022-04-12,Emergency,0.943
8666,2,B+,5,5,2024-04-24,Urgent,0.923
8667,18,B+,9,6,2022-03-26,Routine,0.619
8668,26,B+,4,3,2023-11-22,Emergency,0.627
8669,33,B+,10,7,2024-03-26,Routine,0.655
8670,17,B+,7,6,2022-09-23,Routine,0.798
8671,26,A+,8,4,2023-12-13,Emergency,0.56
8672,41,O+,5,5,2024-11-20,Routine,0.923
8673,13,A+,10,8,2022-03-01,Urgent,0.84
8674,15,AB+,10,8,2022-09-16,Emergency,0.806
8675,46,A+,1,1,2022-06-19,Urgent,0.712
8676,29,B+,8,6,2024-09-21,Routine,0.699
8677,40,B+,1,1,2023-10-08,Urgent,0.935
8678,22,B+,6,5,2024-12-09,Urgent,0.856
8679,32,O-,9,6,2023-07-30,Emergency,0.644
8680,20,B+,5,4,2023-08-10,Routine,0.814
8681,4,O+,6,5,2023-10-25,Emergency,0.871
8682,70,A+,10,10,2022-08-06,Urgent,0.972
8683,59,B+,3,2,2023-04-28,Routine,0.725
8684,54,A+,2,1,2022-06-03,Urgent,0.732
8685,71,O+,10,6,2023-07-09,Routine,0.649
8686,5,A+,9,8,2023-08-16,Routine,0.868
8687,70,O+,9,9,2024-04-27,Routine,0.961
8688,6,B+,7,5,2023-08-20,Routine,0.723
8689,74,A+,9,8,2022-03-13,Routine,0.862
8690,63,O+,9,8,2022-05-20,Routine,0.89
8691,7,A+,8,8,2023-05-08,Urgent,0.99
8692,37,A+,8,7,2022-09-23,Routine,0.883
8693,27,O+,8,6,2024-07-06,Routine,0.776
8694,20,A+,5,4,2023-03-22,Urgent,0.804
8695,36,O+,6,6,2022-11-30,Routine,0.994
8696,45,A+,5,5,2022-05-23,Urgent,0.916
8697,36,A+,6,4,2023-11-22,Urgent,0.725
8698,53,O+,4,3,2024-01-08,Routine,0.797
8699,10,A+,1,1,2023-02-19,Routine,0.71
8700,71,O+,1,1,2022-12-17,Urgent,0.774
8701,71,A+,7,6,2022-03-22,Routine,0.865
8702,22,B+,6,4,2024-11-24,Urgent,0.623
8703,47,B+,8,7,2023-10-20,Emergency,0.911
8704,17,A+,1,1,2024-05-23,Routine,0.662
8705,18,O+,4,4,2023-03-30,Urgent,0.938
8706,62,B+,3,2,2024-01-31,Routine,0.62
8707,49,AB+,6,6,2022-12-23,Urgent,0.962
8708,2,O+,4,4,2022-07-15,Routine,0.938
8709,48,O+,7,5,2024-06-27,Urgent,0.75
8710,75,A+,5,5,2022-07-01,Urgent,0.926
8711,1,A+,3,3,2024-01-30,Routine,0.865
8712,20,O+,3,3,2023-05-18,Routine,0.98
8713,10,O+,10,9,2023-02-02,Routine,0.912
8714,18,O+,9,7,2024-04-27,Routine,0.795
8715,72,O+,6,4,2024-06-08,Routine,0.616
8716,17,O+,2,1,2022-04-13,Urgent,0.651
8717,28,A+,8,5,2022-02-10,Routine,0.686
8718,70,B+,10,6,2024-07-22,Urgent,0.618
8719,63,A+,8,6,2022-01-22,Routine,0.784
8720,53,A+,2,2,2024-11-01,Routine,0.898
8721,56,B+,9,6,2024-03-05,Urgent,0.664
8722,40,A+,6,6,2024-07-05,Urgent,0.944
8723,56,O+,4,4,2023-12-17,Urgent,0.932
8724,72,O+,3,3,2023-08-19,Urgent,0.948
8725,41,O+,9,7,2023-08-25,Routine,0.826
8726,67,AB+,10,8,2024-03-28,Urgent,0.75
8727,63,O-,8,3,2023-08-31,Routine,0.423
8728,59,B-,7,3,2024-06-08,Urgent,0.382
8729,14,A+,6,5,2023-11-05,Routine,0.877
8730,21,O+,10,6,2023-09-09,Urgent,0.649
8731,71,A+,4,4,2024-01-31,Emergency,0.907
8732,36,O+,1,1,2024-03-19,Routine,0.728
8733,55,B+,4,3,2022-04-02,Routine,0.795
8734,25,A+,8,6,2022-04-03,Routine,0.757
8735,69,O+,1,1,2024-03-16,Routine,0.964
8736,11,A+,2,1,2023-09-06,Urgent,0.631
8737,69,B+,9,8,2024-12-15,Routine,0.884
8738,35,O+,9,8,2023-02-11,Routine,0.888
8739,42,B+,4,4,2024-12-09,Urgent,0.908
8740,57,B+,5,3,2022-06-30,Routine,0.69
8741,4,A+,2,1,2022-08-29,Emergency,0.517
8742,66,O-,6,4,2023-07-05,Urgent,0.696
8743,75,B+,9,7,2024-04-23,Routine,0.795
8744,71,O+,10,6,2023-11-24,Routine,0.607
8745,69,A+,9,8,2022-06-22,Emergency,0.9
8746,30,AB+,6,6,2022-10-19,Urgent,0.973
8747,44,B+,4,4,2024-11-28,Routine,0.903
8748,51,B+,9,8,2022-03-08,Routine,0.921
8749,27,A+,10,9,2024-06-30,Urgent,0.886
8750,61,O-,5,2,2023-08-31,Urgent,0.385
8751,50,O+,4,3,2022-11-19,Routine,0.696
8752,42,A+,1,1,2023-01-07,Routine,0.923
8753,73,O+,5,3,2022-06-02,Routine,0.645
8754,27,O+,9,9,2023-08-20,Urgent,0.968
8755,28,O+,7,6,2023-03-28,Routine,0.874
8756,63,B-,6,2,2022-05-25,Urgent,0.261
8757,77,AB-,4,1,2024-11-14,Urgent,0.303
8758,2,O+,3,2,2023-09-05,Routine,0.662
8759,22,B+,8,6,2022-02-08,Urgent,0.705
8760,5,A+,8,8,2023-08-18,Routine,0.987
8761,57,O+,6,6,2022-03-10,Routine,0.934
8762,59,A+,8,6,2023-10-11,Urgent,0.747
8763,59,B+,4,3,2024-09-26,Routine,0.874
8764,65,B+,5,4,2022-01-15,Urgent,0.826
8765,71,A+,9,7,2022-10-01,Routine,0.766
8766,3,O+,10,7,2023-09-02,Emergency,0.72
8767,69,A-,7,2,2022-01-20,Routine,0.347
8768,57,A+,4,3,2023-04-13,Routine,0.743
8769,58,A+,3,3,2023-07-16,Routine,0.901
8770,27,A+,2,2,2022-11-25,Routine,0.969
8771,79,O+,5,4,2023-12-15,Routine,0.786
8772,25,O+,3,2,2023-06-08,Urgent,0.615
8773,21,O+,10,7,2023-10-21,Routine,0.715
8774,11,A+,8,6,2023-01-24,Urgent,0.773
8775,50,O+,9,6,2023-03-16,Urgent,0.693
8776,2,O-,7,5,2023-06-18,Emergency,0.65
8777,39,O+,1,1,2022-06-06,Urgent,0.967
8778,16,O+,1,1,2022-06-08,Routine,0.872
8779,20,A+,4,3,2024-02-25,Routine,0.803
8780,52,O+,4,2,2024-04-25,Urgent,0.608
8781,17,A+,8,7,2024-01-21,Routine,0.863
8782,19,B+,4,3,2023-09-11,Routine,0.744
8783,7,O+,6,5,2023-08-06,Emergency,0.774
8784,60,A+,8,8,2024-06-12,Emergency,0.946
8785,16,O+,7,6,2022-08-11,Routine,0.915
8786,3,A+,1,1,2022-11-09,Routine,0.737
8787,3,O+,3,3,2023-02-02,Routine,0.887
8788,43,O+,7,5,2022-09-05,Urgent,0.663
8789,80,B+,10,7,2023-01-10,Urgent,0.689
8790,15,A-,4,2,2024-04-11,Routine,0.432
8791,60,O+,8,5,2022-09-16,Routine,0.63
8792,80,A-,1,0,2023-10-22,Urgent,0.251
8793,36,O+,9,9,2024-11-03,Urgent,0.945
8794,80,AB+,5,3,2022-02-28,Urgent,0.609
8795,27,A+,3,3,2023-06-09,Urgent,0.983
8796,38,B+,9,7,2022-03-06,Routine,0.745
8797,66,B+,6,6,2023-05-28,Urgent,0.994
8798,19,O+,7,6,2023-04-28,Routine,0.919
8799,29,B+,8,7,2022-08-30,Routine,0.878
8800,64,O+,3,3,2024-10-27,Urgent,0.988
8801,19,AB+,8,7,2023-08-16,Emergency,0.864
8802,26,A+,7,5,2024-02-28,Routine,0.677
8803,27,O+,5,3,2023-07-06,Urgent,0.656
8804,71,A+,4,3,2024-01-06,Routine,0.852
8805,47,A+,7,6,2024-08-18,Urgent,0.875
8806,80,A+,3,3,2023-08-29,Routine,0.856
8807,67,B+,7,5,2022-07-09,Routine,0.661
8808,28,A+,3,2,2022-07-28,Routine,0.6
8809,65,A+,6,5,2023-01-09,Urgent,0.776
8810,69,O+,8,5,2022-06-28,Urgent,0.667
8811,75,B+,7,5,2022-02-10,Routine,0.658
8812,66,B+,3,3,2024-02-05,Urgent,0.958
8813,1,B+,4,3,2022-01-24,Urgent,0.765
8814,30,B+,8,5,2023-08-18,Urgent,0.67
8815,21,A+,3,2,2022-01-18,Urgent,0.647
8816,58,O+,8,5,2023-08-28,Routine,0.621
8817,72,O+,9,5,2024-11-17,Routine,0.603
8818,33,O+,8,5,2024-07-20,Routine,0.652
8819,57,O+,6,4,2024-06-01,Routine,0.642
8820,58,O+,7,4,2024-04-06,Urgent,0.633
8821,43,A+,7,6,2022-12-29,Routine,0.786
8822,33,O+,3,2,2022-09-10,Routine,0.656
8823,63,A+,4,4,2024-11-27,Urgent,0.965
8824,70,O+,10,6,2024-04-09,Routine,0.618
8825,72,O+,9,7,2023-10-03,Emergency,0.745
8826,64,O+,5,3,2024-12-01,Routine,0.619
8827,31,O+,10,9,2024-08-22,Routine,0.883
8828,1,A+,2,2,2022-02-08,Routine,0.857
8829,34,AB+,9,6,2022-06-07,Urgent,0.695
8830,20,O+,9,7,2023-10-31,Routine,0.756
8831,74,B+,1,1,2022-08-24,Routine,0.801
8832,57,O+,2,2,2022-02-12,Routine,0.998
8833,39,O+,1,1,2022-09-26,Urgent,0.91
8834,8,O+,9,8,2023-07-14,Routine,0.869
8835,80,A+,1,1,2024-04-01,Routine,0.651
8836,60,O+,10,10,2023-03-09,Urgent,0.995
8837,28,O+,5,4,2024-05-28,Urgent,0.706
8838,23,O+,7,6,2024-10-31,Routine,0.789
8839,5,O+,2,2,2024-10-12,Urgent,0.823
8840,33,A+,6,5,2024-12-02,Routine,0.76
8841,27,O+,4,3,2022-07-06,Urgent,0.74
8842,12,O-,9,2,2022-07-05,Routine,0.251
8843,24,O+,10,9,2023-02-03,Emergency,0.876
8844,33,O+,6,5,2022-10-22,Routine,0.892
8845,66,B+,9,7,2024-11-22,Urgent,0.739
8846,14,A+,7,5,2023-01-25,Urgent,0.684
8847,78,O+,4,3,2024-09-08,Routine,0.652
8848,26,A+,4,3,2024-08-02,Routine,0.716
8849,55,A+,1,1,2024-02-16,Routine,0.949
8850,20,B+,5,4,2024-11-16,Urgent,0.711
8851,28,B+,7,5,2022-05-23,Routine,0.702
8852,31,A+,1,1,2023-07-18,Urgent,0.613
8853,73,A+,10,9,2023-08-10,Urgent,0.888
8854,45,AB+,7,6,2024-04-09,Emergency,0.895
8855,43,B+,4,4,2023-02-18,Routine,0.879
8856,31,O+,2,1,2022-01-10,Urgent,0.75
8857,10,B+,9,8,2024-03-27,Emergency,0.867
8858,65,O+,10,7,2024-08-02,Emergency,0.655
8859,13,B+,5,5,2023-07-26,Urgent,0.986
8860,38,A+,4,3,2023-12-10,Routine,0.684
8861,10,O+,5,4,2022-05-24,Routine,0.747
8862,34,AB+,5,4,2024-01-01,Routine,0.791
8863,16,A+,4,2,2022-09-06,Routine,0.622
8864,61,B+,5,4,2022-05-19,Routine,0.793
8865,18,B-,6,3,2023-01-28,Routine,0.476
8866,63,O+,6,5,2024-05-19,Urgent,0.804
8867,10,O+,1,1,2024-08-13,Routine,0.766
8868,10,O+,8,8,2023-07-09,Routine,0.963
8869,23,A+,8,8,2022-06-19,Routine,0.949
8870,29,A+,7,6,2024-07-21,Routine,0.885
8871,76,A+,5,5,2023-01-08,Routine,0.905
8872,44,O+,4,3,2023-02-18,Routine,0.852
8873,14,A+,1,1,2022-10-17,Emergency,0.557
8874,41,O+,6,4,2022-01-17,Routine,0.608
8875,72,A+,7,5,2024-11-10,Routine,0.741
8876,26,B+,2,1,2022-08-11,Emergency,0.586
8877,17,B+,6,5,2023-06-10,Urgent,0.904
8878,2,A+,5,4,2023-02-10,Urgent,0.713
8879,5,AB+,6,6,2023-05-08,Urgent,0.993
8880,1,B+,10,9,2023-10-13,Urgent,0.88
8881,42,O+,9,8,2024-01-10,Routine,0.864
8882,11,O+,10,9,2022-05-29,Routine,0.912
8883,52,A+,1,1,2023-07-08,Routine,0.792
8884,56,B+,7,5,2023-04-01,Urgent,0.766
8885,67,A+,1,1,2023-02-05,Urgent,0.603
8886,33,A+,3,2,2023-12-16,Routine,0.741
8887,68,A+,10,8,2023-10-15,Emergency,0.776
8888,13,O+,8,7,2023-08-06,Emergency,0.813
8889,41,B+,3,3,2023-07-14,Urgent,0.926
8890,7,A+,3,3,2022-06-26,Urgent,0.867
8891,80,O+,6,4,2024-10-18,Routine,0.748
8892,67,A+,6,5,2024-11-30,Routine,0.899
8893,62,A+,5,3,2023-09-21,Routine,0.66
8894,15,A+,1,1,2023-11-04,Routine,0.66
8895,38,A+,3,3,2024-02-07,Routine,0.918
8896,50,A+,9,6,2022-03-06,Urgent,0.715
8897,2,O+,6,5,2022-10-20,Emergency,0.911
8898,51,A+,1,1,2024-12-21,Urgent,0.628
8899,78,O+,3,3,2023-08-22,Urgent,0.867
8900,64,O+,8,7,2022-11-11,Emergency,0.825
8901,44,O+,2,2,2023-04-30,Routine,0.874
8902,51,O+,5,4,2022-08-16,Emergency,0.839
8903,63,B+,9,9,2024-07-18,Routine,0.961
8904,21,A+,9,9,2024-05-22,Routine,0.969
8905,9,B+,4,3,2023-04-27,Routine,0.719
8906,62,B+,4,3,2023-01-25,Routine,0.765
8907,53,O+,4,3,2024-06-03,Urgent,0.645
8908,42,O+,7,5,2022-09-09,Routine,0.696
8909,38,O+,7,6,2024-02-21,Urgent,0.879
8910,71,B+,4,3,2024-09-15,Urgent,0.681
8911,16,B+,6,4,2024-04-03,Emergency,0.687
8912,13,O+,1,1,2024-05-08,Routine,0.789
8913,40,B+,3,2,2024-10-06,Routine,0.677
8914,55,O+,6,5,2022-09-24,Emergency,0.835
8915,33,A+,6,5,2023-01-26,Urgent,0.761
8916,43,A+,1,1,2024-03-29,Emergency,0.578
8917,17,O+,3,2,2023-12-11,Emergency,0.726
8918,18,A+,10,8,2023-01-21,Urgent,0.833
8919,17,B+,9,9,2024-12-02,Emergency,0.96
8920,74,A-,8,4,2022-05-05,Urgent,0.553
8921,8,O+,3,3,2024-08-16,Routine,0.877
8922,63,A+,7,5,2024-08-17,Routine,0.757
8923,16,O+,3,3,2022-07-16,Urgent,0.86
8924,75,B+,4,4,2022-05-10,Routine,0.924
8925,75,A+,1,1,2022-09-20,Urgent,0.904
8926,18,AB+,9,7,2024-04-29,Routine,0.798
8927,5,O-,4,2,2024-07-02,Urgent,0.445
8928,43,O+,8,6,2022-09-29,Routine,0.766
8929,9,A+,7,5,2023-03-29,Routine,0.778
8930,9,A+,2,2,2022-03-18,Routine,0.835
8931,76,A+,9,8,2024-12-04,Urgent,0.889
8932,28,B+,5,5,2023-10-05,Routine,0.973
8933,27,O+,5,3,2022-02-14,Routine,0.613
8934,11,O+,10,9,2022-05-17,Urgent,0.915
8935,54,O+,6,4,2023-12-25,Routine,0.728
8936,79,O+,2,2,2023-11-03,Urgent,0.793
8937,50,O+,7,5,2023-12-04,Urgent,0.738
8938,56,B+,8,5,2022-08-28,Routine,0.632
8939,4,O+,9,7,2023-10-10,Urgent,0.744
8940,2,O+,8,6,2022-09-03,Emergency,0.808
8941,1,B+,3,2,2022-09-23,Routine,0.616
8942,16,A+,5,5,2022-07-03,Routine,0.968
8943,53,A+,3,3,2023-01-11,Urgent,0.98
8944,73,B+,10,8,2023-10-09,Emergency,0.759
8945,1,B+,2,2,2023-05-10,Routine,0.847
8946,69,B+,4,3,2023-04-12,Routine,0.645
8947,63,O+,3,2,2024-08-14,Routine,0.713
8948,76,B+,9,7,2022-07-09,Urgent,0.745
8949,73,A-,8,3,2023-07-05,Urgent,0.403
8950,10,O+,10,8,2022-10-05,Routine,0.803
8951,56,A+,9,6,2022-07-30,Routine,0.708
8952,33,B+,5,5,2022-07-20,Routine,0.996
8953,30,B+,7,6,2022-09-16,Routine,0.824
8954,76,A+,2,2,2024-06-13,Urgent,0.754
8955,15,O+,3,3,2022-02-08,Emergency,0.919
8956,3,B+,1,1,2024-05-15,Emergency,0.928
8957,21,B-,9,2,2024-05-18,Routine,0.241
8958,15,B-,3,1,2024-08-07,Urgent,0.35
8959,29,O+,6,5,2023-06-11,Urgent,0.759
8960,2,O+,6,4,2024-08-21,Urgent,0.662
8961,49,B+,4,2,2023-09-30,Emergency,0.54
8962,74,A+,9,7,2024-10-29,Routine,0.77
8963,56,O+,8,5,2023-01-02,Urgent,0.605
8964,14,B+,4,3,2023-02-10,Routine,0.683
8965,11,B+,4,3,2022-05-28,Routine,0.824
8966,32,A+,3,2,2023-09-10,Urgent,0.825
8967,53,A-,8,4,2023-08-30,Routine,0.545
8968,1,O-,6,2,2022-04-17,Urgent,0.331
8969,75,O+,10,9,2024-04-02,Routine,0.93
8970,38,O+,4,3,2022-11-05,Routine,0.699
8971,71,O+,4,3,2023-06-03,Routine,0.634
8972,53,A+,6,5,2022-05-01,Routine,0.795
8973,52,O+,5,4,2022-06-16,Emergency,0.865
8974,37,B-,9,3,2022-01-26,Routine,0.332
8975,10,O+,5,4,2022-02-15,Routine,0.849
8976,36,O+,10,6,2022-09-29,Emergency,0.581
8977,9,O+,1,1,2022-01-31,Routine,0.831
8978,53,A+,8,6,2023-01-31,Routine,0.75
8979,63,AB+,4,3,2022-07-09,Routine,0.821
8980,9,A+,2,2,2022-09-02,Routine,0.926
8981,67,B+,10,9,2023-01-02,Emergency,0.857
8982,3,AB+,1,1,2024-11-25,Routine,0.95
8983,37,O+,1,1,2023-03-22,Routine,0.921
8984,47,B+,2,1,2024-07-23,Emergency,0.535
8985,76,B+,4,4,2023-02-24,Routine,0.928
8986,60,AB+,10,10,2024-01-03,Routine,0.988
8987,36,O+,8,5,2022-11-27,Routine,0.628
8988,70,A+,8,6,2023-03-29,Routine,0.752
8989,20,O+,3,2,2022-08-24,Routine,0.628
8990,20,O+,5,3,2023-05-29,Routine,0.612
8991,10,B+,6,5,2024-02-19,Routine,0.893
8992,13,O+,4,3,2023-01-19,Routine,0.636
8993,35,A+,7,5,2022-09-19,Routine,0.777
8994,15,O+,1,1,2022-09-25,Urgent,0.873
8995,3,AB+,4,4,2024-07-03,Urgent,0.931
8996,69,A+,6,4,2023-10-29,Routine,0.631
8997,4,O+,6,5,2024-02-23,Routine,0.766
8998,39,B+,5,4,2024-03-06,Routine,0.892
8999,23,B+,8,6,2022-07-17,Routine,0.803
9000,4,B+,4,2,2024-07-22,Emergency,0.596
9001,49,O+,7,6,2023-12-27,Emergency,0.85
9002,46,O-,2,1,2023-07-16,Emergency,0.612
9003,27,A+,9,9,2023-06-12,Routine,0.985
9004,47,O+,6,5,2024-03-24,Routine,0.82
9005,44,O+,2,2,2024-08-28,Routine,0.984
9006,48,O+,9,6,2023-05-13,Routine,0.646
9007,30,A+,8,5,2022-07-01,Emergency,0.641
9008,72,O-,6,2,2023-12-04,Urgent,0.368
9009,7,AB+,8,7,2022-09-10,Emergency,0.862
9010,25,O+,7,4,2024-04-21,Urgent,0.64
9011,65,O+,8,7,2023-04-12,Routine,0.884
9012,40,B+,8,6,2023-02-13,Emergency,0.706
9013,14,O+,1,1,2023-09-24,Urgent,0.655
9014,40,AB+,8,6,2023-03-05,Urgent,0.808
9015,56,B+,10,6,2024-08-10,Urgent,0.645
9016,48,B+,9,7,2022-12-24,Routine,0.751
9017,31,O+,4,4,2022-09-25,Routine,0.975
9018,61,A+,5,4,2022-08-21,Routine,0.785
9019,27,AB+,3,2,2023-09-06,Routine,0.633
9020,31,O+,2,2,2024-10-03,Routine,0.88
9021,31,O+,9,7,2022-12-09,Routine,0.833
9022,21,O+,8,5,2022-07-23,Emergency,0.565
9023,75,A+,1,1,2024-11-04,Routine,0.805
9024,60,O+,5,4,2023-02-04,Emergency,0.81
9025,16,O+,9,8,2022-10-15,Urgent,0.853
9026,61,O+,5,4,2024-11-17,Emergency,0.852
9027,57,A+,2,1,2023-05-18,Urgent,0.687
9028,78,O+,7,4,2024-02-27,Routine,0.633
9029,65,B+,7,6,2022-02-08,Urgent,0.843
9030,21,B+,3,2,2024-11-20,Emergency,0.65
9031,30,O+,6,4,2024-01-19,Urgent,0.621
9032,44,B+,3,3,2024-07-08,Routine,0.967
9033,23,O-,5,2,2024-01-21,Urgent,0.465
9034,67,O+,3,2,2024-01-28,Urgent,0.808
9035,32,O+,6,5,2023-09-05,Emergency,0.887
9036,36,B+,5,3,2022-04-30,Urgent,0.653
9037,23,B+,7,6,2023-05-21,Emergency,0.909
9038,18,A+,8,7,2022-02-01,Routine,0.936
9039,42,O+,3,2,2024-05-14,Emergency,0.546
9040,4,A+,3,3,2022-07-14,Emergency,0.985
9041,30,A+,7,4,2024-02-24,Urgent,0.603
9042,48,A-,2,1,2024-06-11,Routine,0.516
9043,73,A+,2,2,2024-06-20,Routine,0.867
9044,10,O+,2,2,2023-03-15,Urgent,0.897
9045,66,A+,8,6,2024-07-06,Emergency,0.723
9046,69,O-,4,1,2023-04-17,Routine,0.214
9047,56,B+,7,6,2024-04-12,Urgent,0.823
9048,51,A+,10,9,2024-09-16,Urgent,0.896
9049,73,B+,1,1,2023-12-03,Urgent,0.712
9050,74,O+,1,1,2024-03-11,Routine,0.932
9051,13,A+,3,3,2023-06-25,Urgent,0.886
9052,38,O+,7,4,2023-01-04,Emergency,0.62
9053,58,A+,4,4,2024-03-21,Urgent,0.948
9054,23,O+,3,3,2023-01-07,Routine,0.92
9055,36,A+,4,4,2022-04-25,Routine,0.928
9056,69,O+,1,1,2024-08-26,Urgent,0.976
9057,27,O+,3,3,2023-10-13,Urgent,0.89
9058,33,O+,6,5,2024-02-29,Routine,0.917
9059,44,O+,7,4,2024-09-26,Emergency,0.634
9060,19,O+,1,1,2022-03-21,Routine,0.885
9061,61,O+,8,6,2024-10-05,Routine,0.805
9062,22,A+,7,5,2023-07-30,Urgent,0.777
9063,40,O+,1,1,2022-06-22,Routine,0.65
9064,56,O+,6,6,2022-12-18,Urgent,0.929
9065,74,O+,6,4,2023-12-17,Routine,0.677
9066,27,O+,5,4,2023-06-15,Routine,0.893
9067,17,O+,8,5,2022-07-29,Routine,0.61
9068,78,O+,2,2,2022-01-30,Urgent,0.885
9069,39,O-,10,3,2022-06-27,Emergency,0.315
9070,46,A+,7,7,2022-09-06,Routine,0.95
9071,67,O+,1,1,2022-12-28,Routine,0.953
9072,59,O+,6,5,2022-12-22,Routine,0.786
9073,49,A+,10,8,2023-11-25,Urgent,0.832
9074,32,O+,1,1,2022-04-08,Routine,0.837
9075,28,A+,3,2,2023-10-29,Routine,0.655
9076,22,A+,3,2,2023-09-02,Urgent,0.775
9077,53,O+,8,7,2024-04-27,Routine,0.817
9078,43,O+,4,3,2024-12-12,Routine,0.71
9079,40,O+,4,3,2022-02-06,Emergency,0.756
9080,2,O-,9,4,2022-10-25,Urgent,0.487
9081,77,A+,3,2,2022-08-06,Routine,0.76
9082,29,B+,5,4,2023-06-01,Urgent,0.822
9083,37,A+,6,5,2024-06-17,Urgent,0.905
9084,37,O+,2,2,2022-08-24,Emergency,0.858
9085,75,A+,9,5,2022-03-15,Routine,0.61
9086,20,B+,3,3,2024-12-16,Urgent,0.961
9087,16,A+,2,1,2022-04-03,Urgent,0.708
9088,49,O+,1,1,2022-09-28,Urgent,0.811
9089,54,B+,1,1,2023-02-04,Routine,0.912
9090,56,A+,2,2,2024-10-11,Routine,0.847
9091,27,B+,3,3,2024-02-10,Routine,0.982
9092,80,O+,7,5,2022-06-12,Routine,0.758
9093,16,B+,10,8,2023-01-31,Routine,0.812
9094,7,O+,8,6,2024-08-03,Routine,0.777
9095,60,A+,2,1,2022-12-05,Emergency,0.562
9096,24,A+,4,4,2023-12-10,Routine,0.949
9097,45,O+,10,9,2022-03-27,Routine,0.91
9098,24,B-,6,2,2024-01-25,Routine,0.269
9099,69,A+,4,3,2022-03-13,Routine,0.67
9100,36,O+,8,7,2024-12-11,Urgent,0.863
9101,5,AB+,7,5,2024-12-23,Urgent,0.701
9102,50,AB+,6,6,2023-06-08,Routine,0.947
9103,63,A+,10,9,2022-11-18,Routine,0.865
9104,41,A+,7,5,2023-03-26,Routine,0.782
9105,16,B+,10,10,2024-03-01,Routine,0.99
9106,79,A+,7,7,2024-10-10,Emergency,0.954
9107,36,A+,6,5,2024-02-24,Urgent,0.906
9108,38,A+,10,9,2023-11-16,Urgent,0.944
9109,76,O+,8,6,2023-03-27,Urgent,0.748
9110,25,A+,6,6,2023-03-03,Routine,0.946
9111,5,O+,10,9,2023-02-15,Routine,0.941
9112,53,A+,9,8,2023-10-07,Urgent,0.89
9113,65,B+,1,1,2023-03-16,Urgent,0.91
9114,26,O+,6,5,2022-11-27,Urgent,0.865
9115,75,A+,9,8,2023-01-23,Urgent,0.892
9116,35,A+,6,4,2022-02-08,Routine,0.704
9117,49,O+,7,5,2024-03-02,Routine,0.644
9118,13,A+,6,4,2022-10-10,Routine,0.604
9119,27,B+,1,1,2023-12-21,Routine,0.863
9120,21,O+,8,6,2024-10-25,Emergency,0.749
9121,28,A+,5,4,2023-06-05,Urgent,0.78
9122,15,O+,1,1,2023-08-17,Urgent,0.954
9123,43,O+,4,2,2024-07-13,Routine,0.621
9124,51,A+,7,6,2024-03-13,Routine,0.839
9125,9,A+,2,2,2024-01-20,Urgent,0.755
9126,50,O+,3,2,2024-06-25,Urgent,0.633
9127,60,O+,2,2,2023-07-27,Urgent,0.769
9128,40,AB+,9,6,2024-08-25,Routine,0.643
9129,22,O+,3,3,2022-06-18,Emergency,0.97
9130,66,O+,1,1,2022-05-09,Emergency,0.955
9131,19,A-,10,4,2024-07-16,Emergency,0.435
9132,12,O+,9,8,2022-08-24,Urgent,0.84
9133,75,B-,5,3,2023-02-21,Emergency,0.517
9134,2,O+,7,5,2023-10-12,Urgent,0.667
9135,70,A+,5,4,2022-09-11,Routine,0.751
9136,47,O+,3,2,2023-06-16,Routine,0.629
9137,29,B+,10,7,2024-01-30,Routine,0.69
9138,60,B+,3,2,2022-08-16,Urgent,0.707
9139,67,O+,2,2,2023-01-31,Routine,0.877
9140,26,AB+,6,4,2023-04-11,Urgent,0.692
9141,26,A+,2,2,2022-07-06,Routine,0.971
9142,30,B+,6,3,2023-09-14,Emergency,0.544
9143,21,B+,1,1,2024-03-30,Urgent,0.65
9144,6,O+,2,2,2023-03-13,Urgent,0.954
9145,62,O+,2,1,2022-06-12,Routine,0.637
9146,21,A+,3,3,2022-07-19,Urgent,0.937
9147,1,B+,3,2,2022-06-08,Routine,0.705
9148,76,O+,10,9,2023-04-11,Routine,0.909
9149,41,A+,6,5,2022-05-03,Urgent,0.864
9150,65,O+,9,5,2024-08-29,Emergency,0.592
9151,63,B+,3,2,2024-01-20,Routine,0.621
9152,20,AB+,9,7,2024-11-18,Routine,0.789
9153,26,B-,5,2,2024-10-28,Emergency,0.386
9154,66,O+,4,3,2022-11-26,Routine,0.629
9155,20,O+,10,8,2024-07-22,Urgent,0.779
9156,74,O+,10,7,2022-12-09,Routine,0.654
9157,37,B+,10,9,2022-04-15,Urgent,0.903
9158,55,A+,1,1,2023-05-18,Urgent,0.755
9159,17,A+,10,7,2023-04-07,Urgent,0.713
9160,66,O+,4,3,2022-11-15,Routine,0.713
9161,26,O+,4,3,2024-11-09,Urgent,0.735
9162,63,O-,10,4,2023-12-27,Routine,0.432
9163,40,O+,5,4,2024-05-19,Routine,0.88
9164,68,O-,5,2,2024-02-21,Emergency,0.373
9165,41,O+,8,7,2022-08-04,Routine,0.841
9166,19,O+,8,7,2022-02-20,Routine,0.84
9167,7,A+,1,1,2022-10-28,Routine,0.672
9168,6,O+,6,5,2023-08-14,Emergency,0.799
9169,49,A+,1,1,2022-05-13,Routine,0.771
9170,56,A+,3,3,2022-03-09,Routine,0.881
9171,10,A+,8,5,2022-08-22,Emergency,0.589
9172,56,O+,3,3,2023-09-04,Routine,0.899
9173,78,A+,9,6,2023-07-25,Emergency,0.644
9174,12,O+,3,2,2022-04-16,Urgent,0.64
9175,31,O+,3,3,2023-08-19,Urgent,0.892
9176,53,A+,4,4,2022-07-31,Routine,0.922
9177,70,O+,7,4,2022-05-31,Emergency,0.61
9178,71,O+,7,6,2023-10-17,Urgent,0.858
9179,56,O-,5,3,2022-06-22,Urgent,0.661
9180,45,A-,6,3,2023-08-08,Routine,0.435
9181,76,A+,10,7,2024-07-13,Routine,0.685
9182,49,O+,10,7,2023-08-02,Routine,0.74
9183,65,O+,7,6,2023-12-03,Routine,0.918
9184,63,B+,5,5,2022-01-10,Routine,0.987
9185,74,B+,8,6,2023-08-20,Urgent,0.762
9186,20,AB+,7,5,2022-12-04,Emergency,0.768
9187,65,O+,9,8,2024-07-26,Urgent,0.846
9188,40,B+,6,5,2024-04-03,Urgent,0.751
9189,75,O+,2,2,2022-03-27,Urgent,0.982
9190,22,B+,7,5,2023-03-09,Routine,0.714
9191,49,O+,3,2,2024-10-11,Routine,0.828
9192,20,A+,9,8,2023-09-16,Routine,0.909
9193,72,A+,10,6,2022-04-17,Routine,0.627
9194,44,B+,1,1,2023-09-07,Routine,0.719
9195,13,O+,8,7,2023-07-01,Routine,0.86
9196,8,O+,5,4,2022-04-16,Routine,0.785
9197,23,B+,4,3,2023-03-11,Routine,0.67
9198,71,O+,9,6,2023-04-13,Routine,0.708
9199,36,A+,8,7,2024-02-10,Urgent,0.851
9200,68,O+,9,6,2024-01-06,Routine,0.651
9201,22,O+,7,5,2024-05-23,Routine,0.675
9202,61,O+,8,6,2024-06-03,Urgent,0.796
9203,52,O+,6,4,2024-05-24,Routine,0.718
9204,32,B+,8,6,2024-04-12,Routine,0.769
9205,75,AB+,5,4,2024-07-20,Routine,0.823
9206,28,A+,8,8,2024-01-03,Routine,0.95
9207,20,A+,6,4,2023-11-10,Urgent,0.608
9208,73,A+,8,6,2023-04-08,Urgent,0.705
9209,2,A+,10,7,2024-10-26,Routine,0.681
9210,78,O+,8,6,2023-08-03,Routine,0.753
9211,9,O+,9,7,2024-04-28,Urgent,0.779
9212,21,O+,2,2,2024-11-05,Emergency,0.799
9213,79,B+,2,2,2024-02-03,Urgent,0.764
9214,52,O+,1,1,2022-05-24,Routine,0.837
9215,34,O+,2,2,2023-11-11,Emergency,0.994
9216,1,O+,4,4,2023-07-14,Urgent,0.973
9217,71,O+,5,5,2022-08-11,Routine,0.979
9218,21,AB+,6,4,2024-09-27,Routine,0.651
9219,6,A+,8,5,2022-06-15,Routine,0.611
9220,4,A+,2,2,2024-02-06,Urgent,0.859
9221,46,O+,7,7,2022-01-04,Urgent,0.961
9222,12,B+,5,3,2024-07-27,Routine,0.671
9223,32,AB+,9,7,2024-09-19,Routine,0.797
9224,23,O+,6,4,2022-05-23,Urgent,0.665
9225,77,O-,8,4,2024-08-13,Routine,0.529
9226,78,A+,2,2,2022-04-20,Emergency,0.966
9227,29,O+,4,3,2022-12-18,Urgent,0.748
9228,75,B+,9,8,2022-08-09,Urgent,0.852
9229,59,O+,8,5,2023-01-13,Urgent,0.672
9230,13,O+,8,4,2023-10-27,Emergency,0.51
9231,24,B+,9,9,2022-04-22,Routine,0.966
9232,1,O+,4,4,2024-04-10,Urgent,0.954
9233,4,A-,3,2,2022-12-28,Emergency,0.608
9234,44,A+,2,1,2023-07-25,Emergency,0.503
9235,36,A+,8,6,2022-08-11,Urgent,0.697
9236,24,AB+,6,4,2024-12-27,Routine,0.618
9237,25,O-,10,7,2024-09-22,Routine,0.688
9238,69,B-,10,3,2023-03-09,Routine,0.295
9239,22,O+,5,4,2024-07-18,Urgent,0.727
9240,18,A+,2,2,2023-01-23,Routine,0.796
9241,72,O+,9,6,2024-05-09,Routine,0.689
9242,59,B+,5,3,2022-10-29,Routine,0.649
9243,58,B+,5,3,2022-12-23,Urgent,0.681
9244,3,O+,4,3,2022-04-24,Routine,0.643
9245,16,B-,6,2,2022-05-03,Emergency,0.301
9246,23,A+,10,7,2024-09-30,Urgent,0.693
9247,61,O+,9,5,2022-09-28,Emergency,0.515
9248,23,O+,7,7,2022-09-27,Routine,0.946
9249,4,A+,5,4,2024-02-02,Routine,0.897
9250,6,O+,5,3,2022-12-26,Urgent,0.602
9251,38,O+,7,5,2023-08-06,Routine,0.731
9252,43,B+,4,3,2024-01-30,Routine,0.873
9253,61,O+,7,7,2022-10-25,Urgent,0.992
9254,78,B+,5,3,2022-10-18,Routine,0.642
9255,79,B-,4,2,2023-04-06,Routine,0.413
9256,27,O+,1,1,2024-06-08,Urgent,0.849
9257,46,A+,6,4,2024-07-08,Routine,0.674
9258,59,B+,8,5,2023-10-03,Routine,0.67
9259,45,B+,4,3,2024-09-12,Urgent,0.836
9260,24,A+,2,2,2022-05-28,Urgent,0.871
9261,62,O+,1,1,2024-10-04,Routine,0.665
9262,73,B+,9,6,2024-10-09,Routine,0.715
9263,69,O+,4,3,2022-10-17,Emergency,0.745
9264,67,O+,6,4,2024-07-24,Urgent,0.686
9265,49,B+,1,1,2022-01-03,Routine,0.932
9266,42,B+,10,7,2024-09-05,Urgent,0.655
9267,27,O+,7,4,2022-11-14,Routine,0.61
9268,9,B+,3,2,2022-08-27,Routine,0.634
9269,22,A+,10,7,2023-03-25,Urgent,0.745
9270,47,A-,2,1,2024-03-25,Routine,0.269
9271,58,O+,9,5,2024-10-28,Emergency,0.552
9272,22,O+,1,1,2024-06-17,Routine,0.635
9273,48,O+,6,5,2024-08-12,Urgent,0.824
9274,18,AB+,2,1,2023-12-22,Emergency,0.749
9275,13,AB+,2,2,2023-03-07,Routine,0.969
9276,62,A+,10,9,2023-07-23,Routine,0.886
9277,47,A+,7,4,2022-06-28,Emergency,0.61
9278,44,O+,8,6,2024-03-19,Urgent,0.802
9279,68,O+,7,5,2024-05-11,Urgent,0.778
9280,21,O+,1,1,2022-08-28,Urgent,0.944
9281,67,B+,8,8,2024-09-10,Routine,0.948
9282,4,B+,2,2,2023-05-25,Urgent,0.99
9283,23,O+,2,1,2024-06-01,Routine,0.626
9284,27,B+,6,6,2023-01-26,Urgent,0.928
9285,13,O+,1,1,2024-06-25,Emergency,0.981
9286,72,A+,7,7,2022-02-03,Urgent,0.967
9287,1,O+,5,3,2024-03-15,Emergency,0.646
9288,15,A+,2,2,2024-01-17,Emergency,0.986
9289,61,O+,10,8,2024-04-23,Urgent,0.848
9290,2,O+,4,4,2023-09-20,Routine,0.914
9291,23,A+,2,1,2023-01-03,Urgent,0.667
9292,67,B-,7,1,2023-08-25,Routine,0.201
9293,19,O+,10,8,2022-05-16,Routine,0.791
9294,52,B+,2,2,2024-07-12,Urgent,0.894
9295,5,O+,1,1,2024-10-22,Urgent,0.866
9296,62,O+,4,3,2023-05-26,Urgent,0.778
9297,47,AB+,3,2,2024-03-26,Urgent,0.649
9298,2,B+,10,8,2022-05-24,Urgent,0.824
9299,13,O+,1,1,2024-08-06,Urgent,0.747
9300,32,B+,9,6,2022-02-20,Urgent,0.67
9301,70,O+,1,1,2023-07-21,Routine,0.885
9302,32,A+,5,4,2022-02-07,Urgent,0.9
9303,24,A+,5,3,2022-01-11,Urgent,0.605
9304,78,A+,8,5,2024-12-27,Routine,0.679
9305,18,B+,10,9,2024-05-16,Urgent,0.854
9306,25,O-,6,2,2022-04-01,Routine,0.325
9307,65,A+,9,7,2023-03-15,Urgent,0.795
9308,67,A+,1,1,2023-05-28,Routine,0.817
9309,68,A+,2,2,2024-03-17,Emergency,0.822
9310,53,B+,1,1,2023-05-22,Emergency,0.564
9311,77,B+,8,8,2023-07-31,Routine,0.942
9312,62,AB+,3,3,2023-12-19,Urgent,0.994
9313,23,O+,5,4,2023-11-24,Routine,0.865
9314,20,A+,10,6,2022-06-29,Routine,0.619
9315,49,A+,10,10,2022-07-18,Routine,0.969
9316,59,A+,10,6,2023-02-13,Routine,0.649
9317,44,A+,10,10,2022-12-30,Routine,0.957
9318,12,O+,9,6,2024-07-08,Routine,0.62
9319,22,A+,5,5,2022-04-28,Emergency,0.938
9320,37,O+,7,7,2023-01-10,Urgent,0.962
9321,29,A+,7,7,2022-09-28,Urgent,0.989
9322,65,A+,1,1,2022-04-14,Urgent,0.87
9323,71,B+,4,4,2022-04-28,Urgent,0.994
9324,79,O+,5,4,2022-12-31,Routine,0.842
9325,35,A+,9,6,2022-06-12,Emergency,0.659
9326,18,B+,9,7,2024-06-15,Emergency,0.821
9327,2,O+,2,2,2024-03-25,Routine,0.872
9328,45,B+,2,1,2024-12-01,Emergency,0.512
9329,34,O+,7,5,2024-09-05,Routine,0.671
9330,36,O+,3,2,2024-09-25,Urgent,0.641
9331,65,A+,9,6,2022-09-21,Routine,0.666
9332,77,O+,8,6,2022-03-24,Routine,0.716
9333,50,O+,1,1,2023-03-14,Emergency,0.851
9334,64,B+,5,3,2024-10-11,Routine,0.677
9335,49,O-,10,6,2024-07-03,Routine,0.562
9336,13,A+,2,2,2022-09-08,Routine,0.842
9337,44,B+,10,6,2023-04-01,Urgent,0.648
9338,40,O+,4,4,2023-08-29,Urgent,0.927
9339,69,A+,5,3,2022-02-10,Urgent,0.666
9340,31,O+,2,1,2023-08-15,Routine,0.623
9341,66,O+,1,1,2023-12-24,Routine,0.892
9342,65,O-,4,2,2022-12-09,Urgent,0.487
9343,70,B+,10,9,2022-07-09,Emergency,0.878
9344,61,O+,6,4,2023-07-09,Urgent,0.69
9345,35,A+,4,4,2024-12-20,Routine,0.948
9346,45,B+,6,4,2022-01-27,Routine,0.677
9347,60,AB+,2,2,2022-07-15,Urgent,0.92
9348,33,A+,9,7,2022-12-06,Routine,0.725
9349,67,B+,5,5,2024-05-20,Urgent,0.973
9350,28,B+,6,5,2022-03-18,Urgent,0.826
9351,11,O+,4,3,2023-08-16,Urgent,0.792
9352,77,A-,2,1,2024-05-16,Urgent,0.649
9353,10,O+,4,4,2024-03-30,Emergency,0.971
9354,51,B-,10,7,2022-05-26,Routine,0.659
9355,64,O+,9,6,2022-10-14,Routine,0.694
9356,75,A+,1,1,2022-08-21,Urgent,0.962
9357,80,O+,2,1,2023-04-12,Routine,0.625
9358,68,O+,6,5,2024-02-16,Routine,0.807
9359,41,B+,4,4,2024-10-10,Routine,0.924
9360,9,A+,5,5,2023-09-28,Routine,0.957
9361,51,B+,8,6,2022-01-15,Urgent,0.776
9362,13,B+,9,8,2024-05-03,Urgent,0.894
9363,27,A+,2,2,2022-06-02,Emergency,0.765
9364,62,O+,7,7,2023-04-23,Routine,0.989
9365,26,O+,6,6,2023-04-23,Routine,0.959
9366,50,O+,1,1,2023-01-14,Routine,0.671
9367,40,O+,2,1,2024-01-21,Routine,0.683
9368,9,O+,3,3,2024-04-05,Routine,0.991
9369,72,O+,9,7,2023-10-30,Urgent,0.74
9370,2,B+,6,6,2023-03-23,Routine,0.968
9371,57,AB+,3,3,2022-10-27,Emergency,0.914
9372,60,B+,4,3,2023-02-27,Routine,0.713
9373,60,A-,5,3,2023-01-07,Routine,0.693
9374,47,O+,2,1,2024-02-22,Urgent,0.633
9375,49,AB+,10,6,2024-09-10,Emergency,0.645
9376,63,B+,9,9,2023-11-13,Routine,0.96
9377,65,A+,9,8,2023-02-22,Routine,0.854
9378,70,AB+,1,1,2024-08-30,Urgent,0.856
9379,31,B+,3,3,2024-10-17,Routine,0.954
9380,67,O+,1,1,2022-09-23,Routine,0.605
9381,46,O+,1,1,2024-06-05,Emergency,0.557
9382,41,A+,4,3,2022-07-10,Urgent,0.776
9383,36,O+,2,2,2023-11-06,Urgent,0.828
9384,5,O+,1,1,2024-02-24,Urgent,0.628
9385,48,O+,9,7,2023-11-27,Routine,0.809
9386,40,O+,8,6,2023-05-16,Urgent,0.779
9387,62,O+,3,2,2023-02-22,Urgent,0.619
9388,9,A+,8,7,2023-11-27,Urgent,0.888
9389,55,O+,7,7,2024-08-06,Urgent,0.986
9390,38,AB+,6,4,2023-06-15,Routine,0.637
9391,48,B+,1,1,2024-02-29,Urgent,0.669
9392,21,AB+,5,3,2024-02-18,Routine,0.618
9393,74,A+,4,3,2023-06-13,Urgent,0.782
9394,18,A+,6,6,2022-08-11,Routine,0.977
9395,7,A+,9,7,2022-03-18,Routine,0.785
9396,67,A+,9,8,2024-10-06,Emergency,0.89
9397,16,A+,4,4,2024-08-27,Urgent,0.878
9398,77,B+,9,6,2024-02-20,Urgent,0.639
9399,75,A-,7,2,2024-04-21,Emergency,0.251
9400,39,O+,8,7,2023-08-25,Routine,0.868
9401,28,A-,6,4,2023-05-22,Urgent,0.695
9402,53,A+,2,1,2023-03-27,Emergency,0.703
9403,37,A+,1,1,2023-05-02,Urgent,0.961
9404,44,O+,10,8,2022-06-11,Emergency,0.827
9405,1,O+,3,2,2023-01-14,Routine,0.757
9406,7,A+,9,8,2023-10-15,Routine,0.905
9407,23,O+,1,1,2024-11-25,Routine,0.697
9408,33,B+,2,1,2024-04-03,Urgent,0.647
9409,63,B+,8,6,2024-03-02,Routine,0.703
9410,10,O+,4,4,2022-11-20,Urgent,0.967
9411,66,O-,6,4,2023-06-09,Urgent,0.655
9412,47,B+,7,7,2022-12-05,Urgent,0.988
9413,24,B+,4,3,2024-12-03,Routine,0.769
9414,10,B+,5,4,2023-12-29,Urgent,0.856
9415,27,A+,4,4,2022-02-08,Routine,0.919
9416,53,A+,10,9,2022-05-26,Urgent,0.944
9417,45,O+,10,10,2024-11-03,Urgent,0.951
9418,73,O+,9,8,2024-06-07,Urgent,0.841
9419,10,O+,6,4,2023-11-13,Routine,0.721
9420,56,AB+,7,6,2022-07-14,Urgent,0.904
9421,70,B+,10,7,2023-01-11,Routine,0.729
9422,22,O+,3,2,2024-04-29,Urgent,0.63
9423,71,O+,10,6,2022-03-10,Routine,0.634
9424,46,A+,1,1,2024-05-09,Routine,0.66
9425,37,O+,8,8,2022-03-28,Routine,0.985
9426,41,A+,4,3,2022-02-07,Emergency,0.71
9427,2,AB+,10,9,2022-12-30,Routine,0.882
9428,18,A+,2,1,2023-01-25,Urgent,0.61
9429,29,O+,4,3,2024-05-12,Urgent,0.815
9430,62,B+,10,9,2023-07-19,Routine,0.916
9431,46,A+,1,1,2023-02-19,Urgent,0.747
9432,79,O+,8,7,2024-07-29,Routine,0.882
9433,20,O+,9,9,2022-01-10,Routine,0.958
9434,8,A+,4,3,2022-08-21,Routine,0.708
9435,20,B+,5,5,2023-03-29,Routine,0.983
9436,34,O+,7,4,2024-02-10,Urgent,0.639
9437,70,O+,5,4,2023-07-12,Urgent,0.873
9438,8,A-,7,2,2023-05-30,Urgent,0.3
9439,65,A+,4,3,2024-03-28,Urgent,0.772
9440,39,AB+,8,7,2024-03-30,Routine,0.896
9441,42,A+,4,3,2022-03-11,Emergency,0.864
9442,72,O+,8,5,2023-04-28,Urgent,0.658
9443,40,B+,6,6,2024-04-23,Emergency,0.992
9444,25,O+,4,3,2023-04-11,Urgent,0.643
9445,37,A+,3,3,2023-07-05,Urgent,0.943
9446,16,O+,6,4,2023-12-07,Routine,0.662
9447,11,B+,1,1,2024-05-15,Routine,0.606
9448,59,A+,6,4,2023-06-25,Urgent,0.668
9449,69,A+,4,3,2023-11-27,Emergency,0.821
9450,4,B+,2,2,2022-05-05,Emergency,0.821
9451,43,B+,9,6,2023-05-28,Urgent,0.638
9452,76,A+,4,4,2022-02-14,Urgent,0.894
9453,76,O+,2,2,2022-06-01,Urgent,0.941
9454,28,O+,7,6,2024-11-23,Emergency,0.808
9455,17,A+,7,7,2023-01-16,Emergency,0.935
9456,70,AB+,9,7,2023-11-11,Routine,0.788
9457,35,B+,7,4,2022-07-21,Emergency,0.551
9458,21,B+,6,4,2024-12-19,Urgent,0.605
9459,14,O+,10,6,2023-01-05,Urgent,0.613
9460,6,O+,7,4,2024-09-24,Urgent,0.64
9461,79,O+,3,3,2024-06-29,Routine,0.949
9462,68,A+,5,5,2022-05-31,Routine,0.973
9463,45,A+,8,8,2023-11-05,Urgent,0.978
9464,49,O+,6,3,2024-07-30,Emergency,0.544
9465,18,A+,7,7,2023-05-05,Urgent,0.984
9466,54,A+,8,7,2022-01-06,Routine,0.927
9467,58,A+,7,6,2023-09-16,Routine,0.793
9468,40,B+,1,1,2024-11-11,Urgent,0.671
9469,51,B+,3,2,2024-11-12,Routine,0.819
9470,12,B+,2,2,2022-03-12,Urgent,0.83
9471,5,A-,5,1,2023-03-20,Urgent,0.299
9472,22,O+,8,7,2022-12-13,Routine,0.872
9473,70,A+,9,9,2023-03-16,Routine,0.959
9474,29,A+,3,2,2024-01-30,Routine,0.719
9475,70,O+,3,3,2024-12-13,Urgent,0.839
9476,25,O+,5,4,2022-04-07,Routine,0.702
9477,63,AB+,4,3,2024-07-21,Urgent,0.723
9478,45,O+,8,5,2022-03-07,Routine,0.669
9479,10,B-,10,4,2022-08-02,Routine,0.443
9480,68,O+,8,5,2024-07-09,Emergency,0.612
9481,46,O+,2,1,2023-07-06,Emergency,0.509
9482,73,A+,2,1,2024-07-06,Urgent,0.668
9483,67,AB+,9,9,2022-01-31,Urgent,0.998
9484,67,A-,7,5,2024-01-30,Routine,0.657
9485,65,A+,6,6,2023-05-18,Urgent,0.991
9486,34,O+,2,2,2022-01-07,Emergency,0.881
9487,10,A+,7,7,2022-02-10,Urgent,0.995
9488,24,AB+,9,8,2024-11-29,Routine,0.847
9489,49,AB-,4,1,2023-05-17,Emergency,0.211
9490,29,O+,4,2,2022-02-25,Emergency,0.622
9491,69,O+,1,1,2024-03-27,Emergency,0.716
9492,36,B+,7,6,2024-01-10,Urgent,0.898
9493,21,O+,2,2,2024-07-18,Routine,0.958
9494,1,O+,10,10,2024-12-19,Routine,0.976
9495,29,O+,5,3,2023-08-23,Routine,0.682
9496,60,O+,9,8,2023-08-16,Routine,0.923
9497,60,B+,7,6,2022-10-05,Routine,0.859
9498,23,O+,4,3,2023-12-06,Routine,0.667
9499,2,O-,3,2,2023-04-02,Urgent,0.542
9500,60,O+,3,3,2023-08-05,Urgent,0.975
9501,8,AB+,3,2,2022-02-14,Urgent,0.633
9502,79,B-,4,1,2022-01-09,Urgent,0.345
9503,48,B+,5,5,2023-11-30,Routine,0.982
9504,63,AB+,3,2,2024-08-09,Routine,0.832
9505,70,B-,2,1,2023-12-16,Routine,0.616
9506,58,O+,8,5,2022-11-28,Routine,0.605
9507,67,O-,4,2,2024-10-18,Routine,0.604
9508,2,O+,7,6,2023-02-27,Routine,0.855
9509,37,B+,10,8,2023-07-31,Routine,0.75
9510,11,A+,10,10,2024-07-13,Routine,0.964
9511,8,B+,2,1,2023-10-30,Emergency,0.647
9512,51,O+,4,3,2022-05-12,Routine,0.677
9513,55,O+,8,7,2022-03-01,Emergency,0.836
9514,68,A+,10,6,2024-10-23,Routine,0.611
9515,39,O+,10,9,2024-02-15,Urgent,0.865
9516,76,O+,1,1,2024-03-25,Routine,0.672
9517,68,A+,1,1,2024-01-26,Routine,0.984
9518,22,B+,1,1,2023-07-01,Routine,0.946
9519,41,O+,10,8,2022-11-10,Urgent,0.782
9520,39,O+,4,3,2024-03-09,Routine,0.868
9521,27,O+,9,6,2023-06-06,Urgent,0.697
9522,54,A+,9,6,2023-08-29,Emergency,0.677
9523,26,A+,2,2,2024-01-05,Emergency,0.792
9524,33,B+,4,4,2022-07-22,Routine,0.98
9525,67,B+,10,9,2023-04-24,Emergency,0.874
9526,2,O+,6,4,2022-05-26,Emergency,0.65
9527,38,B+,4,2,2024-03-01,Routine,0.601
9528,40,B+,3,3,2022-12-04,Routine,0.904
9529,14,A+,2,1,2024-04-29,Routine,0.649
9530,66,A+,8,4,2022-01-19,Emergency,0.517
9531,72,AB-,4,1,2023-08-09,Routine,0.343
9532,27,O+,6,5,2024-01-19,Routine,0.886
9533,35,A+,8,7,2023-04-15,Routine,0.845
9534,13,O+,2,1,2023-11-16,Emergency,0.574
9535,8,A+,8,6,2024-10-25,Routine,0.766
9536,75,A+,7,4,2023-02-23,Routine,0.607
9537,77,A+,9,7,2024-10-31,Urgent,0.828
9538,18,O+,1,1,2024-05-10,Routine,0.937
9539,36,O+,4,3,2024-04-15,Urgent,0.777
9540,42,A+,5,4,2022-09-18,Urgent,0.864
9541,14,O+,1,1,2023-05-30,Routine,0.971
9542,60,A+,8,7,2024-11-02,Urgent,0.873
9543,54,O+,9,7,2022-08-10,Urgent,0.773
9544,31,A+,3,2,2022-09-23,Urgent,0.786
9545,18,O+,1,1,2023-08-15,Urgent,0.899
9546,4,B+,9,9,2024-01-28,Urgent,0.987
9547,69,B+,3,3,2022-07-21,Routine,0.962
9548,28,A+,2,1,2022-02-16,Routine,0.739
9549,26,O+,7,7,2022-08-14,Urgent,0.957
9550,62,A-,5,3,2023-01-08,Urgent,0.639
9551,55,O+,10,9,2023-08-07,Emergency,0.945
9552,24,O+,3,3,2024-10-13,Routine,0.98
9553,29,A+,4,4,2024-11-06,Urgent,0.983
9554,27,O-,3,2,2024-01-19,Routine,0.51
9555,3,O+,8,8,2023-03-04,Routine,0.954
9556,14,B+,8,5,2022-04-17,Urgent,0.636
9557,22,O+,2,2,2023-07-05,Urgent,0.928
9558,42,A+,2,1,2022-03-30,Urgent,0.628
9559,56,B+,5,4,2024-01-04,Urgent,0.831
9560,72,B+,1,1,2023-10-13,Routine,0.824
9561,45,AB+,3,3,2022-06-09,Urgent,0.988
9562,55,O+,6,6,2024-01-13,Routine,0.928
9563,6,O+,3,2,2024-06-29,Urgent,0.662
9564,25,O-,7,4,2022-05-12,Routine,0.607
9565,4,B+,1,1,2024-09-15,Urgent,0.626
9566,44,O+,7,7,2023-04-01,Urgent,0.929
9567,78,B+,2,1,2023-10-08,Urgent,0.621
9568,37,O+,6,4,2022-10-16,Urgent,0.698
9569,55,A+,8,8,2023-06-01,Urgent,0.962
9570,27,B+,3,2,2023-03-06,Routine,0.793
9571,47,B+,9,7,2022-10-11,Routine,0.745
9572,59,O+,10,9,2024-09-13,Urgent,0.863
9573,11,A+,3,2,2024-11-26,Routine,0.686
9574,7,O+,3,2,2022-01-06,Routine,0.651
9575,19,A+,7,4,2024-06-15,Urgent,0.607
9576,69,B+,8,7,2023-01-18,Routine,0.892
9577,24,A+,6,5,2023-05-20,Routine,0.848
9578,61,AB+,2,2,2022-12-07,Routine,0.925
9579,19,B+,3,2,2024-02-20,Routine,0.825
9580,22,O+,8,6,2023-10-23,Urgent,0.772
9581,58,O+,5,4,2024-05-25,Routine,0.793
9582,23,O+,6,4,2024-07-05,Routine,0.649
9583,41,A+,3,2,2022-01-06,Routine,0.608
9584,54,O+,5,4,2024-03-18,Routine,0.737
9585,5,A+,6,5,2023-09-05,Urgent,0.857
9586,43,O+,5,4,2023-03-15,Urgent,0.818
9587,53,O+,3,2,2023-06-30,Emergency,0.74
9588,39,AB+,8,6,2022-08-18,Routine,0.802
9589,15,O+,8,8,2022-08-17,Routine,0.959
9590,3,A+,2,2,2023-11-03,Routine,0.786
9591,45,O+,3,3,2024-07-04,Emergency,0.927
9592,36,B+,4,3,2024-10-11,Routine,0.792
9593,24,O+,10,7,2024-12-26,Urgent,0.739
9594,74,AB+,9,5,2024-12-03,Urgent,0.607
9595,4,O+,8,5,2022-11-16,Routine,0.609
9596,54,O+,10,9,2024-10-16,Urgent,0.866
9597,11,O+,3,3,2022-05-01,Urgent,0.846
9598,1,B+,8,6,2023-05-28,Urgent,0.721
9599,58,A+,1,1,2023-02-10,Routine,0.978
9600,63,B+,9,8,2022-08-01,Routine,0.892
9601,6,A+,6,4,2024-02-25,Routine,0.639
9602,33,AB+,2,2,2022-09-24,Urgent,0.781
9603,68,B+,6,5,2024-07-22,Urgent,0.879
9604,45,O+,4,3,2022-10-01,Routine,0.665
9605,51,O+,8,6,2024-07-16,Urgent,0.812
9606,10,O+,9,6,2023-12-23,Emergency,0.626
9607,31,B+,10,10,2022-04-20,Urgent,0.984
9608,61,A+,7,7,2023-06-22,Routine,0.931
9609,30,AB+,3,2,2024-05-01,Routine,0.771
9610,28,A+,8,6,2022-01-10,Routine,0.74
9611,18,B+,10,7,2023-04-06,Urgent,0.665
9612,21,B+,9,7,2022-08-28,Routine,0.765
9613,63,A+,5,4,2023-06-17,Routine,0.783
9614,29,O+,5,3,2023-08-23,Routine,0.698
9615,58,A+,4,3,2022-09-06,Urgent,0.846
9616,4,A+,4,3,2023-11-21,Urgent,0.733
9617,15,A+,10,8,2023-02-26,Urgent,0.778
9618,55,B+,3,2,2023-11-01,Routine,0.794
9619,12,A+,1,1,2023-05-24,Routine,0.862
9620,48,B+,5,4,2022-07-21,Routine,0.785
9621,76,B+,4,3,2024-06-29,Routine,0.653
9622,18,B+,2,2,2023-10-29,Urgent,0.854
9623,28,AB+,9,6,2024-06-02,Urgent,0.661
9624,75,O+,8,8,2022-09-06,Routine,0.948
9625,17,B+,2,1,2023-11-16,Urgent,0.724
9626,53,O+,8,7,2022-01-11,Routine,0.838
9627,2,O+,8,7,2022-01-13,Routine,0.861
9628,41,B+,7,6,2023-10-07,Urgent,0.836
9629,47,O+,8,6,2024-05-27,Urgent,0.693
9630,5,A+,7,5,2022-07-26,Urgent,0.689
9631,30,O+,8,7,2024-09-07,Urgent,0.825
9632,31,A+,1,1,2022-04-03,Routine,0.626
9633,3,O+,4,3,2022-04-15,Urgent,0.79
9634,19,A+,7,6,2024-04-04,Routine,0.796
9635,15,AB+,2,2,2024-03-07,Routine,0.847
9636,64,A+,9,8,2024-07-30,Urgent,0.907
9637,2,O+,10,9,2022-07-14,Routine,0.897
9638,54,B+,6,5,2024-03-01,Routine,0.777
9639,61,O+,1,1,2023-01-21,Routine,0.714
9640,26,B+,1,1,2024-11-16,Routine,0.962
9641,78,B+,8,5,2023-09-11,Routine,0.619
9642,40,AB+,7,7,2023-11-16,Routine,0.976
9643,79,B+,2,2,2023-12-25,Urgent,0.927
9644,27,O-,1,1,2022-04-18,Emergency,0.597
9645,16,B+,10,9,2024-02-23,Urgent,0.891
9646,19,B+,1,1,2023-04-25,Routine,0.867
9647,18,A+,8,7,2024-12-31,Routine,0.925
9648,50,O+,6,5,2023-01-22,Urgent,0.763
9649,71,AB-,10,5,2024-05-08,Routine,0.505
9650,59,O+,8,5,2024-04-23,Emergency,0.615
9651,32,A-,8,4,2022-06-26,Routine,0.467
9652,25,O+,8,7,2022-08-15,Routine,0.889
9653,46,O+,9,7,2022-09-28,Routine,0.789
9654,65,B+,5,5,2022-07-04,Urgent,0.991
9655,76,O-,1,1,2024-02-22,Routine,0.683
9656,79,O+,4,3,2024-08-27,Routine,0.749
9657,67,O+,7,7,2022-10-05,Routine,0.978
9658,51,B+,7,4,2022-09-26,Routine,0.625
9659,24,A-,8,2,2024-07-14,Routine,0.259
9660,27,A+,3,3,2024-05-27,Routine,0.911
9661,32,O+,6,5,2022-11-05,Routine,0.76
9662,68,O+,10,8,2024-08-31,Urgent,0.758
9663,48,B+,2,1,2024-10-06,Routine,0.684
9664,79,AB+,5,5,2023-06-22,Urgent,0.947
9665,66,A-,4,2,2022-08-13,Routine,0.592
9666,25,O+,4,3,2022-01-30,Urgent,0.647
9667,71,O+,6,6,2024-12-19,Routine,0.983
9668,74,A+,6,5,2023-04-18,Routine,0.809
9669,80,A+,3,2,2022-03-21,Emergency,0.504
9670,4,O+,1,1,2024-11-27,Routine,0.727
9671,50,O+,5,3,2022-09-28,Routine,0.634
9672,47,A+,7,7,2022-05-08,Routine,0.948
9673,73,A+,3,2,2023-06-05,Routine,0.712
9674,16,O+,7,4,2024-04-03,Routine,0.627
9675,67,A+,6,5,2024-04-23,Routine,0.794
9676,18,A+,3,3,2023-12-05,Emergency,0.933
9677,22,A+,10,9,2024-04-27,Urgent,0.937
9678,3,A+,2,1,2023-09-01,Emergency,0.731
9679,77,B+,6,4,2024-05-24,Urgent,0.714
9680,51,A+,4,3,2023-03-27,Urgent,0.72
9681,30,O+,7,5,2024-12-08,Emergency,0.708
9682,80,A+,6,5,2022-11-07,Routine,0.772
9683,54,B+,3,3,2024-04-20,Routine,0.978
9684,58,B+,5,4,2022-09-02,Routine,0.815
9685,15,AB+,4,3,2023-04-12,Routine,0.651
9686,20,O+,4,3,2022-12-20,Routine,0.825
9687,51,A+,7,6,2024-12-28,Routine,0.787
9688,39,O+,5,5,2022-11-14,Emergency,0.981
9689,44,A+,8,5,2023-10-29,Routine,0.639
9690,38,O+,4,3,2022-08-30,Routine,0.645
9691,77,A+,6,6,2023-01-06,Urgent,0.991
9692,71,O+,8,8,2023-07-12,Routine,0.952
9693,34,O-,9,3,2023-03-09,Urgent,0.376
9694,65,O+,3,2,2023-06-30,Urgent,0.674
9695,28,A+,4,3,2023-01-29,Routine,0.792
9696,13,B+,5,3,2023-08-19,Urgent,0.696
9697,3,AB+,5,5,2024-12-11,Urgent,0.904
9698,9,O+,4,3,2024-08-30,Routine,0.76
9699,18,O+,7,6,2023-04-27,Routine,0.876
9700,30,O+,4,4,2022-03-23,Emergency,0.965
9701,12,O+,3,2,2023-09-13,Urgent,0.764
9702,57,B+,9,8,2022-12-08,Urgent,0.871
9703,36,B+,6,3,2023-02-04,Emergency,0.526
9704,32,A+,5,4,2024-11-12,Routine,0.74
9705,70,O+,2,2,2022-09-12,Routine,0.84
9706,47,O+,5,4,2024-09-28,Urgent,0.899
9707,32,B+,4,3,2023-09-05,Emergency,0.717
9708,41,B+,8,7,2024-10-15,Routine,0.924
9709,72,O+,9,6,2024-06-03,Urgent,0.675
9710,21,O+,9,8,2024-02-12,Urgent,0.892
9711,16,O+,4,3,2022-08-22,Routine,0.691
9712,40,O+,1,1,2024-09-18,Urgent,0.737
9713,1,O+,8,5,2022-07-03,Emergency,0.59
9714,16,A+,1,1,2023-05-27,Urgent,0.745
9715,70,O+,9,8,2023-07-09,Routine,0.916
9716,9,A+,2,2,2024-12-26,Urgent,0.879
9717,2,AB+,7,6,2023-03-24,Urgent,0.807
9718,26,B+,10,7,2023-09-19,Emergency,0.694
9719,54,A+,6,5,2023-02-11,Routine,0.894
9720,42,O+,2,2,2023-10-20,Urgent,0.926
9721,68,AB+,9,8,2024-07-03,Routine,0.883
9722,31,O+,6,6,2023-10-08,Urgent,0.978
9723,51,O+,9,6,2024-10-18,Urgent,0.659
9724,12,A+,10,9,2024-10-17,Routine,0.896
9725,33,A+,9,8,2022-01-26,Routine,0.869
9726,4,B+,4,3,2022-09-01,Routine,0.837
9727,24,O+,9,6,2023-04-13,Urgent,0.669
9728,61,A+,9,7,2022-03-27,Urgent,0.825
9729,26,B+,1,1,2024-06-30,Routine,0.727
9730,60,B+,2,1,2024-10-21,Urgent,0.733
9731,1,A+,7,7,2023-01-07,Urgent,0.931
9732,56,B-,1,0,2022-03-17,Urgent,0.446
9733,1,O+,3,3,2022-12-30,Urgent,0.953
9734,7,B+,4,3,2022-04-13,Emergency,0.728
9735,38,B+,3,2,2022-05-19,Emergency,0.83
9736,44,O+,10,9,2022-09-28,Routine,0.929
9737,40,AB+,5,3,2024-10-24,Routine,0.608
9738,10,B+,9,8,2024-10-26,Routine,0.916
9739,65,O+,8,8,2024-04-12,Urgent,0.994
9740,80,O+,3,3,2024-10-15,Emergency,0.836
9741,9,O+,9,8,2023-05-19,Urgent,0.845
9742,77,A+,3,2,2024-08-23,Emergency,0.786
9743,67,A+,5,3,2023-05-13,Routine,0.601
9744,44,A+,1,1,2024-06-07,Routine,1.0
9745,29,B+,3,3,2022-06-14,Urgent,0.881
9746,4,B+,8,4,2023-06-15,Emergency,0.548
9747,53,A+,5,4,2024-08-14,Routine,0.766
9748,38,B+,3,3,2022-11-20,Urgent,0.874
9749,18,A+,8,7,2024-01-09,Routine,0.823
9750,78,O+,2,1,2024-09-12,Routine,0.718
9751,12,O+,2,2,2024-10-31,Routine,0.852
9752,35,B+,3,3,2024-08-11,Routine,0.916
9753,25,O+,2,1,2022-07-16,Urgent,0.641
9754,31,O-,4,1,2023-02-20,Urgent,0.369
9755,55,B+,7,5,2023-03-08,Routine,0.769
9756,34,A+,10,6,2023-04-24,Routine,0.612
9757,44,O+,5,4,2022-06-13,Routine,0.741
9758,73,O+,4,2,2023-08-18,Urgent,0.612
9759,12,O+,7,7,2022-12-21,Routine,0.942
9760,7,B+,9,8,2023-06-07,Routine,0.899
9761,2,B+,8,7,2022-04-05,Routine,0.924
9762,55,O+,10,7,2024-01-12,Routine,0.744
9763,35,O+,2,1,2022-01-07,Routine,0.649
9764,58,B+,7,5,2024-08-15,Routine,0.748
9765,11,O+,9,7,2024-12-15,Routine,0.74
9766,6,O+,2,2,2023-05-26,Urgent,0.944
9767,60,A+,1,1,2023-10-26,Routine,0.807
9768,22,AB+,3,3,2024-09-12,Routine,0.895
9769,56,A+,6,5,2023-10-16,Emergency,0.826
9770,3,O+,2,1,2024-08-24,Urgent,0.702
9771,13,O+,7,4,2023-10-02,Routine,0.601
9772,44,B+,7,6,2023-02-03,Routine,0.915
9773,44,A+,3,3,2023-09-20,Routine,0.992
9774,75,A+,4,3,2023-02-07,Urgent,0.786
9775,3,AB+,2,2,2024-05-15,Routine,0.995
9776,69,B+,3,2,2023-12-27,Routine,0.657
9777,52,O+,9,6,2023-03-15,Routine,0.682
9778,2,O+,9,6,2024-09-16,Urgent,0.673
9779,75,B+,1,1,2024-10-04,Routine,0.897
9780,60,A-,8,5,2022-10-29,Routine,0.664
9781,70,O+,4,4,2022-02-14,Urgent,0.94
9782,37,B+,8,6,2023-03-01,Routine,0.709
9783,29,O-,2,1,2023-11-12,Urgent,0.603
9784,29,AB-,9,4,2023-10-02,Routine,0.433
9785,33,A+,4,3,2024-12-13,Routine,0.682
9786,32,O+,1,1,2022-04-13,Urgent,0.913
9787,66,A+,9,6,2024-07-15,Emergency,0.627
9788,59,O+,9,7,2024-01-04,Emergency,0.76
9789,47,A+,8,7,2022-06-08,Urgent,0.879
9790,3,O+,8,5,2022-03-18,Urgent,0.67
9791,58,O+,2,2,2024-07-28,Routine,0.856
9792,53,B+,9,6,2022-05-19,Emergency,0.706
9793,67,B+,1,1,2023-08-18,Routine,0.692
9794,22,A+,5,4,2022-07-16,Emergency,0.805
9795,73,B+,8,4,2023-10-28,Emergency,0.551
9796,36,O+,6,5,2024-02-01,Urgent,0.79
9797,40,O+,10,6,2023-10-18,Emergency,0.6
9798,62,B+,8,6,2023-07-03,Emergency,0.75
9799,62,B-,2,1,2024-09-27,Routine,0.315
9800,79,O+,9,9,2022-09-05,Urgent,0.952
9801,11,AB+,8,6,2022-06-02,Routine,0.796
9802,4,O+,5,4,2022-11-15,Urgent,0.707
9803,70,A+,6,6,2023-02-13,Routine,0.977
9804,71,O+,5,4,2023-11-21,Emergency,0.855
9805,3,O+,1,1,2023-07-25,Urgent,0.813
9806,24,O+,4,3,2023-04-23,Routine,0.66
9807,66,B+,7,4,2022-02-21,Routine,0.613
9808,43,B+,8,5,2024-09-23,Routine,0.683
9809,2,O+,9,6,2024-07-16,Routine,0.676
9810,80,B+,5,5,2023-08-12,Emergency,0.973
9811,37,O+,3,2,2022-10-24,Routine,0.692
9812,4,A+,1,1,2024-01-18,Routine,0.946
9813,40,O+,5,3,2023-07-29,Routine,0.647
9814,57,B+,9,8,2022-08-24,Urgent,0.938
9815,22,A+,8,8,2022-06-06,Routine,0.97
9816,28,O+,9,6,2024-08-11,Routine,0.689
9817,42,A+,4,2,2024-09-22,Urgent,0.602
9818,45,B+,8,7,2024-02-11,Routine,0.878
9819,47,O+,8,6,2023-10-23,Routine,0.757
9820,46,A+,5,4,2024-08-30,Routine,0.848
9821,35,A+,2,2,2024-04-17,Routine,0.823
9822,20,O+,8,5,2022-01-15,Routine,0.627
9823,54,AB+,3,2,2022-01-02,Emergency,0.55
9824,58,AB+,3,2,2023-04-05,Routine,0.611
9825,35,AB+,10,8,2024-12-17,Routine,0.795
9826,58,A+,8,5,2024-03-22,Urgent,0.643
9827,70,O+,7,7,2024-02-10,Routine,0.989
9828,11,A+,8,6,2023-10-09,Emergency,0.81
9829,65,B+,1,1,2024-03-22,Urgent,0.669
9830,55,O+,3,2,2022-07-15,Urgent,0.724
9831,80,A+,4,3,2024-01-30,Urgent,0.805
9832,20,B+,8,6,2024-08-02,Routine,0.706
9833,22,O+,3,3,2023-02-03,Emergency,0.994
9834,46,A+,2,1,2023-12-27,Urgent,0.728
9835,70,A+,10,6,2024-12-29,Emergency,0.6
9836,33,O+,6,4,2022-12-21,Urgent,0.639
9837,14,O+,8,6,2022-07-15,Urgent,0.732
9838,4,O+,7,6,2022-03-06,Urgent,0.907
9839,16,O+,5,3,2024-01-03,Routine,0.623
9840,39,O+,6,5,2022-03-06,Routine,0.775
9841,61,A+,1,1,2024-06-25,Urgent,0.843
9842,23,B+,7,6,2024-10-01,Routine,0.898
9843,46,A+,4,3,2024-01-19,Routine,0.665
9844,4,O+,7,5,2023-04-29,Routine,0.758
9845,80,O+,9,8,2023-06-14,Routine,0.873
9846,46,AB+,9,6,2024-05-26,Routine,0.626
9847,18,B+,3,2,2022-02-20,Routine,0.72
9848,5,O+,3,2,2022-09-16,Routine,0.81
9849,32,O+,6,6,2022-11-28,Routine,0.968
9850,58,O+,2,2,2023-09-30,Routine,0.966
9851,18,O+,8,7,2024-09-17,Emergency,0.911
9852,18,A+,5,4,2023-09-26,Emergency,0.867
9853,4,B-,5,1,2024-01-25,Routine,0.201
9854,26,A+,9,6,2024-11-23,Urgent,0.628
9855,70,B+,9,8,2022-11-13,Urgent,0.909
9856,6,A+,7,6,2023-03-01,Urgent,0.793
9857,60,A+,9,8,2022-01-16,Urgent,0.929
9858,19,O+,4,2,2023-08-05,Routine,0.62
9859,24,AB+,1,1,2023-01-03,Urgent,0.709
9860,28,O+,10,9,2023-08-04,Urgent,0.943
9861,78,O+,10,9,2022-02-24,Emergency,0.896
9862,39,A+,3,2,2023-07-26,Emergency,0.565
9863,75,A+,7,5,2023-01-26,Urgent,0.767
9864,56,O+,9,7,2023-06-08,Urgent,0.744
9865,40,O+,7,6,2022-11-06,Urgent,0.87
9866,74,O+,10,6,2022-03-17,Routine,0.606
9867,43,A+,3,2,2023-01-27,Urgent,0.699
9868,70,O+,2,2,2024-10-26,Urgent,0.8
9869,40,A+,3,3,2024-09-28,Urgent,0.847
9870,58,O+,7,6,2024-05-21,Routine,0.908
9871,32,A-,9,6,2022-09-30,Routine,0.626
9872,20,O+,8,5,2023-04-04,Emergency,0.656
9873,29,B+,7,5,2024-07-30,Urgent,0.66
9874,28,A+,9,6,2022-01-07,Routine,0.642
9875,27,O+,7,6,2024-10-07,Routine,0.887
9876,72,B+,7,6,2022-11-18,Emergency,0.885
9877,10,O+,5,5,2023-05-28,Routine,0.95
9878,24,B+,9,7,2022-06-01,Routine,0.737
9879,33,B+,7,7,2022-03-23,Routine,0.976
9880,5,A+,3,2,2023-05-09,Urgent,0.654
9881,26,O+,5,4,2022-10-03,Urgent,0.701
9882,14,O+,5,3,2023-11-09,Routine,0.673
9883,24,A+,10,7,2022-03-31,Urgent,0.745
9884,16,A+,2,2,2022-09-27,Routine,0.891
9885,6,O+,8,6,2022-04-05,Routine,0.712
9886,78,AB+,8,5,2022-08-03,Urgent,0.668
9887,40,B+,2,2,2023-09-27,Urgent,0.968
9888,73,A+,7,5,2024-10-08,Emergency,0.749
9889,76,AB-,4,2,2024-02-14,Routine,0.559
9890,17,A+,10,10,2023-11-26,Routine,0.954
9891,41,O+,3,3,2022-08-22,Urgent,0.853
9892,73,O+,4,4,2022-04-08,Urgent,0.995
9893,71,O+,10,10,2024-09-15,Routine,0.997
9894,17,O+,9,9,2023-07-23,Emergency,1.0
9895,69,O+,10,5,2024-09-25,Emergency,0.525
9896,43,A+,6,4,2023-11-03,Routine,0.65
9897,4,A+,2,1,2023-08-29,Urgent,0.673
9898,36,AB+,3,2,2024-05-28,Routine,0.752
9899,31,B+,10,9,2022-06-22,Routine,0.943
9900,37,A+,1,1,2024-07-05,Urgent,0.624
9901,47,B-,3,1,2022-01-30,Emergency,0.261
9902,45,A+,2,2,2022-03-17,Routine,0.961
9903,26,O+,8,6,2024-07-05,Urgent,0.72
9904,31,O+,8,8,2022-10-17,Urgent,0.951
9905,32,A+,8,6,2022-02-20,Urgent,0.756
9906,1,O+,9,7,2023-12-21,Routine,0.734
9907,4,O+,5,5,2023-10-12,Urgent,0.942
9908,62,O+,3,3,2023-06-09,Routine,0.843
9909,7,O+,2,2,2024-02-21,Emergency,0.758
9910,55,A+,9,8,2022-06-17,Routine,0.939
9911,32,O+,3,3,2024-01-16,Emergency,0.98
9912,36,O+,5,3,2022-12-12,Urgent,0.655
9913,71,A+,5,4,2022-09-02,Routine,0.72
9914,59,O+,3,3,2024-08-16,Routine,0.876
9915,28,A+,5,4,2023-02-23,Urgent,0.781
9916,80,A+,9,7,2024-11-19,Urgent,0.792
9917,8,O-,6,4,2024-10-24,Routine,0.676
9918,59,O+,2,2,2022-01-30,Urgent,0.997
9919,37,O-,10,2,2024-02-01,Routine,0.21
9920,32,O+,10,10,2022-09-07,Urgent,0.995
9921,52,O+,3,2,2024-12-12,Routine,0.833
9922,31,B+,7,4,2024-08-22,Routine,0.62
9923,57,O+,2,2,2023-12-12,Routine,0.837
9924,33,O+,9,8,2024-09-10,Urgent,0.887
9925,57,O+,7,6,2022-03-14,Routine,0.798
9926,67,O+,6,5,2023-04-08,Urgent,0.912
9927,57,O+,1,1,2022-02-28,Emergency,0.751
9928,50,O+,1,1,2023-12-06,Routine,0.621
9929,74,O+,2,2,2022-06-15,Routine,0.784
9930,26,O+,10,7,2023-01-03,Routine,0.736
9931,60,B-,2,1,2024-08-28,Urgent,0.344
9932,74,A+,10,7,2024-01-02,Emergency,0.727
9933,46,O+,7,7,2024-02-25,Routine,0.971
9934,44,A+,9,7,2024-10-31,Routine,0.743
9935,52,B+,5,5,2022-04-19,Routine,0.923
9936,23,A+,2,1,2022-01-19,Routine,0.623
9937,48,O+,9,6,2023-04-18,Routine,0.712
9938,36,O+,6,6,2024-05-24,Urgent,0.95
9939,80,A-,2,1,2024-03-18,Routine,0.54
9940,65,A+,6,5,2023-12-29,Routine,0.868
9941,71,B+,5,4,2024-08-04,Emergency,0.741
9942,57,A+,1,1,2023-01-31,Routine,0.946
9943,3,O+,9,8,2024-04-05,Routine,0.877
9944,18,B+,9,7,2024-07-18,Routine,0.736
9945,79,O+,3,2,2024-06-01,Urgent,0.745
9946,71,O+,5,4,2023-01-04,Routine,0.732
9947,50,O+,8,7,2022-11-21,Urgent,0.884
9948,23,A+,3,2,2022-04-09,Urgent,0.804
9949,43,O+,2,1,2022-04-21,Emergency,0.691
9950,54,O+,3,2,2023-04-09,Routine,0.7
9951,31,O+,8,8,2023-01-03,Routine,0.997
9952,35,O+,9,8,2024-02-10,Emergency,0.846
9953,1,O+,2,1,2022-11-15,Routine,0.689
9954,39,A+,8,5,2023-07-10,Urgent,0.684
9955,31,A+,5,4,2023-09-28,Urgent,0.809
9956,48,A+,4,3,2024-10-30,Routine,0.699
9957,36,A+,8,8,2023-04-15,Routine,0.963
9958,68,A+,7,5,2022-12-13,Routine,0.709
9959,57,O+,7,7,2024-04-25,Urgent,0.986
9960,61,O+,3,2,2022-02-17,Urgent,0.659
9961,31,O+,9,6,2022-09-23,Urgent,0.705
9962,16,A+,7,5,2022-04-07,Urgent,0.724
9963,52,B+,4,3,2022-04-18,Routine,0.723
9964,69,O+,4,3,2024-02-05,Routine,0.678
9965,68,O+,6,6,2022-12-16,Routine,0.955
9966,46,O+,7,7,2024-12-27,Routine,0.998
9967,12,O+,9,6,2022-11-07,Routine,0.662
9968,69,B+,8,6,2023-04-04,Urgent,0.713
9969,73,O+,3,3,2023-09-08,Urgent,0.912
9970,76,O+,9,6,2023-10-21,Emergency,0.668
9971,35,B+,3,3,2022-03-04,Urgent,0.919
9972,57,O+,1,1,2024-11-23,Routine,0.736
9973,50,B+,5,3,2022-04-30,Routine,0.636
9974,47,O+,4,4,2023-11-13,Routine,0.908
9975,70,O+,4,4,2022-08-01,Urgent,0.96
9976,21,A+,5,4,2022-06-26,Urgent,0.853
9977,59,AB+,1,1,2022-07-29,Urgent,0.621
9978,35,A+,7,6,2024-12-12,Routine,0.827
9979,65,O+,3,2,2023-01-22,Urgent,0.749
9980,64,O+,3,3,2022-08-09,Emergency,0.867
9981,76,A+,4,4,2024-10-21,Routine,0.924
9982,38,B+,7,5,2023-01-16,Routine,0.666
9983,65,A+,8,7,2022-09-03,Routine,0.825
9984,25,O+,10,7,2024-04-20,Routine,0.741
9985,54,B+,7,4,2023-08-29,Routine,0.64
9986,80,B+,5,5,2022-09-02,Routine,0.93
9987,66,B+,7,4,2022-07-11,Emergency,0.506
9988,16,A+,5,4,2022-10-14,Urgent,0.819
9989,78,B+,5,5,2023-10-03,Routine,0.946
9990,79,O+,2,1,2023-09-27,Routine,0.702
9991,1,O+,8,5,2024-04-20,Routine,0.675
9992,42,A+,7,5,2022-08-14,Routine,0.646
9993,41,A+,6,4,2023-05-23,Routine,0.705
9994,39,A+,7,7,2023-03-05,Routine,0.974
9995,80,O+,5,3,2023-05-01,Routine,0.625
9996,78,O+,5,4,2023-11-26,Routine,0.712
9997,80,O+,6,5,2023-09-15,Routine,0.867
9998,44,A+,5,4,2022-11-18,Urgent,0.767
9999,32,B-,3,2,2023-07-18,Emergency,0.682
10000,24,O+,4,4,2024-05-20,Emergency,0.895
10001,30,AB+,3,3,2024-10-14,Routine,0.962
10002,9,B+,1,1,2023-04-13,Urgent,0.87
10003,25,A+,2,2,2022-06-12,Routine,0.923
10004,22,A+,10,8,2024-07-27,Routine,0.765
10005,31,O+,2,2,2023-04-12,Routine,0.816
10006,78,O+,4,2,2024-11-14,Urgent,0.614
10007,24,O+,4,4,2023-09-04,Emergency,0.945
10008,9,A+,6,5,2022-06-08,Urgent,0.768
10009,19,AB+,5,3,2023-05-23,Routine,0.615
10010,61,O+,4,4,2023-01-29,Routine,0.94
10011,35,O+,8,7,2023-10-12,Urgent,0.832
10012,67,AB+,6,4,2024-09-29,Routine,0.631
10013,8,A+,1,1,2023-06-15,Urgent,0.903
10014,24,O+,5,4,2024-03-22,Routine,0.792
10015,79,B+,2,1,2023-03-25,Routine,0.624
10016,12,O+,4,3,2024-12-20,Routine,0.671
10017,10,O+,4,3,2022-04-13,Emergency,0.813
10018,77,B+,1,1,2023-07-13,Urgent,0.787
10019,62,A+,1,1,2024-12-02,Urgent,0.778
10020,63,A+,3,3,2024-06-06,Routine,0.996
10021,51,A+,1,1,2022-11-25,Emergency,0.523
10022,76,B+,4,4,2024-02-14,Emergency,0.988
10023,4,O+,4,2,2024-04-06,Routine,0.608
10024,46,A+,5,4,2022-10-07,Routine,0.824
10025,52,O+,8,6,2024-11-09,Routine,0.791
10026,48,A+,7,4,2022-02-02,Routine,0.62
10027,55,O+,5,4,2024-04-10,Emergency,0.804
10028,1,O+,7,5,2024-03-19,Routine,0.712
10029,20,B+,1,1,2023-05-17,Urgent,0.882
10030,3,A+,10,10,2024-10-01,Urgent,0.963
10031,37,O+,9,7,2022-08-04,Urgent,0.783
10032,46,B+,10,8,2022-09-14,Emergency,0.8
10033,33,O+,2,1,2023-09-23,Emergency,0.667
10034,12,B+,1,1,2024-01-24,Urgent,0.658
10035,45,O+,4,3,2023-12-15,Emergency,0.672
10036,20,O+,4,3,2024-11-12,Urgent,0.786
10037,9,O+,3,2,2024-07-18,Routine,0.787
10038,57,B+,10,9,2024-07-11,Routine,0.887
10039,53,A+,7,5,2023-11-13,Urgent,0.716
10040,7,A+,1,1,2022-03-16,Urgent,0.993
10041,55,A+,4,4,2023-01-02,Routine,0.889
10042,8,O+,1,1,2023-01-30,Routine,0.652
10043,25,A+,10,7,2024-08-13,Urgent,0.703
10044,2,A+,10,7,2022-05-11,Routine,0.741
10045,42,O+,6,4,2023-09-14,Emergency,0.617
10046,73,O+,7,6,2022-01-31,Urgent,0.824
10047,16,A+,1,1,2023-01-26,Emergency,0.64
10048,56,A+,10,10,2023-12-26,Routine,0.972
10049,79,A+,6,6,2023-10-17,Routine,0.955
10050,5,B+,6,5,2024-09-03,Routine,0.764
10051,75,B+,4,3,2023-03-29,Routine,0.767
10052,34,O+,3,2,2023-09-28,Routine,0.693
10053,31,B+,10,10,2024-12-07,Urgent,0.992
10054,20,O+,5,3,2023-08-25,Routine,0.641
10055,74,AB+,6,3,2023-08-22,Emergency,0.565
10056,80,O+,9,6,2024-11-02,Urgent,0.657
10057,12,O+,3,3,2022-08-02,Urgent,0.915
10058,43,O-,9,4,2024-11-03,Routine,0.481
10059,68,A+,8,5,2023-04-09,Urgent,0.641
10060,74,O+,7,5,2024-06-05,Urgent,0.734
10061,52,O-,9,3,2023-11-07,Routine,0.354
10062,59,B+,10,9,2024-09-21,Routine,0.918
10063,56,A+,6,5,2022-08-03,Routine,0.757
10064,42,O+,1,1,2022-01-07,Routine,0.816
10065,6,O+,2,1,2023-04-06,Routine,0.702
10066,27,B-,9,6,2023-04-20,Urgent,0.624
10067,48,AB+,10,6,2022-06-23,Routine,0.606
10068,3,B-,1,0,2023-02-24,Emergency,0.415
10069,22,O+,6,5,2024-12-29,Routine,0.801
10070,42,O-,1,1,2023-11-28,Emergency,0.521
10071,13,O+,5,3,2023-07-06,Urgent,0.638
10072,51,A+,5,4,2022-04-15,Routine,0.888
10073,31,A+,1,1,2024-09-11,Urgent,0.886
10074,72,O+,7,6,2022-06-20,Urgent,0.852
10075,5,O+,10,8,2022-12-30,Urgent,0.788
10076,56,B+,5,4,2022-02-04,Emergency,0.872
10077,57,O+,1,1,2024-10-09,Urgent,0.673
10078,78,A+,8,5,2024-03-22,Urgent,0.673
10079,17,B+,8,6,2024-02-12,Urgent,0.754
10080,43,A+,3,2,2022-07-20,Routine,0.787
10081,61,A-,5,3,2022-09-19,Urgent,0.572
10082,66,B+,8,5,2023-07-11,Urgent,0.645
10083,27,B+,1,1,2023-10-08,Routine,0.769
10084,21,A+,10,9,2024-06-01,Routine,0.904
10085,76,A+,9,7,2024-03-25,Urgent,0.745
10086,3,A+,3,2,2022-07-20,Routine,0.71
10087,71,A+,2,2,2024-04-30,Routine,0.945
10088,35,A+,9,7,2023-05-16,Urgent,0.787
10089,50,O+,2,2,2024-10-30,Emergency,0.945
10090,74,AB+,5,5,2024-10-22,Urgent,0.971
10091,16,A+,10,9,2022-09-08,Urgent,0.854
10092,9,O+,7,5,2024-02-26,Routine,0.687
10093,80,O+,2,2,2023-09-12,Urgent,0.892
10094,12,O+,2,2,2024-10-13,Routine,0.755
10095,67,O+,3,2,2022-05-24,Routine,0.752
10096,77,A+,2,2,2023-05-26,Urgent,0.801
10097,60,A+,7,5,2024-07-21,Routine,0.718
10098,4,O+,10,8,2022-06-11,Urgent,0.772
10099,12,B+,3,2,2022-11-27,Routine,0.809
10100,31,A+,10,9,2024-08-22,Urgent,0.865
10101,28,O+,2,1,2022-08-15,Urgent,0.612
10102,28,A+,4,3,2023-07-04,Routine,0.822
10103,75,B+,10,8,2022-08-26,Routine,0.834
10104,22,O+,3,2,2024-07-07,Routine,0.814
10105,52,O+,10,7,2024-05-19,Urgent,0.736
10106,49,O+,5,3,2024-07-28,Emergency,0.511
10107,31,A+,2,2,2022-10-24,Routine,0.811
10108,3,A+,4,4,2024-12-07,Urgent,0.942
10109,58,B+,2,2,2024-04-09,Routine,0.776
10110,32,O+,3,2,2024-10-08,Urgent,0.73
10111,39,AB+,10,8,2024-07-15,Urgent,0.762
10112,33,B+,10,8,2024-12-06,Routine,0.766
10113,73,O+,2,2,2024-02-17,Urgent,0.819
10114,44,AB+,8,7,2023-11-01,Urgent,0.9
10115,61,B+,10,7,2022-09-09,Urgent,0.736
10116,28,O-,6,4,2024-09-16,Routine,0.618
10117,17,O+,3,2,2022-04-22,Emergency,0.786
10118,44,O+,1,1,2023-03-03,Urgent,0.911
10119,46,A+,8,5,2024-07-08,Urgent,0.627
10120,26,A+,6,4,2023-09-20,Urgent,0.672
10121,24,O+,8,7,2024-10-26,Routine,0.876
10122,45,O+,6,5,2023-01-28,Routine,0.835
10123,30,A+,6,4,2022-08-21,Routine,0.749
10124,34,A+,10,9,2022-08-28,Routine,0.867
10125,25,O+,9,7,2022-06-19,Emergency,0.774
10126,56,O+,10,7,2022-10-26,Emergency,0.663
10127,46,O+,2,2,2022-12-22,Routine,0.799
10128,5,B+,6,4,2024-08-14,Routine,0.742
10129,61,O+,10,9,2023-12-05,Urgent,0.871
10130,27,O-,6,2,2022-12-27,Urgent,0.302
10131,20,A-,10,6,2024-10-04,Routine,0.554
10132,42,A+,4,4,2024-01-02,Emergency,0.931
10133,77,B+,2,2,2024-06-19,Routine,0.782
10134,2,B+,7,5,2022-12-24,Urgent,0.738
10135,20,O+,9,6,2024-12-06,Routine,0.636
10136,1,O+,3,2,2024-01-23,Routine,0.617
10137,61,B+,4,4,2023-09-27,Routine,0.947
10138,77,A+,6,5,2023-08-03,Urgent,0.762
10139,24,O+,5,5,2023-04-21,Urgent,0.992
10140,62,AB+,4,3,2023-07-24,Routine,0.796
10141,48,O+,10,9,2023-12-04,Routine,0.872
10142,50,B+,9,7,2022-01-09,Routine,0.821
10143,43,O+,6,4,2024-09-26,Routine,0.7
10144,55,O+,4,4,2024-03-16,Routine,0.953
10145,77,B+,4,3,2023-10-23,Urgent,0.834
10146,55,O-,1,0,2022-02-24,Routine,0.274
10147,66,O+,8,6,2022-02-07,Routine,0.696
10148,14,O+,5,3,2022-12-01,Routine,0.63
10149,26,O+,2,2,2023-05-29,Routine,0.756
10150,48,O+,8,8,2022-04-10,Routine,0.941
10151,14,A+,1,1,2023-11-27,Emergency,0.725
10152,45,O+,5,5,2022-11-10,Routine,0.923
10153,10,O-,6,3,2022-03-02,Urgent,0.521
10154,3,B+,8,4,2022-07-31,Emergency,0.553
10155,29,O+,6,5,2024-04-30,Routine,0.857
10156,47,B+,2,2,2024-06-06,Urgent,0.864
10157,7,A+,8,7,2022-03-30,Emergency,0.879
10158,4,B+,7,4,2024-01-18,Routine,0.601
10159,25,A+,2,2,2023-12-14,Urgent,0.767
10160,31,B+,8,5,2024-02-13,Urgent,0.618
10161,32,AB+,4,4,2023-02-22,Routine,0.995
10162,75,B+,5,4,2024-02-01,Urgent,0.703
10163,71,B+,10,9,2023-04-15,Routine,0.878
10164,76,O+,1,1,2023-04-26,Routine,0.616
10165,38,O+,3,3,2023-08-01,Routine,0.884
10166,27,A+,9,6,2022-09-04,Urgent,0.717
10167,80,A+,6,5,2023-02-07,Emergency,0.913
10168,79,AB+,7,4,2023-08-15,Urgent,0.638
10169,40,O+,6,4,2023-10-18,Urgent,0.703
10170,74,O+,8,8,2022-02-03,Emergency,0.949
10171,37,O+,5,4,2023-10-14,Routine,0.709
10172,4,B+,8,6,2023-08-30,Routine,0.805
10173,8,A+,4,3,2024-03-18,Emergency,0.799
10174,45,B+,10,9,2024-07-10,Routine,0.948
10175,58,O+,6,4,2023-12-29,Urgent,0.721
10176,72,O+,8,8,2024-06-04,Routine,0.976
10177,47,O+,3,3,2023-10-01,Routine,0.859
10178,49,B+,9,7,2023-11-11,Emergency,0.786
10179,54,B+,1,1,2024-02-16,Emergency,0.686
10180,54,O+,2,1,2024-09-14,Routine,0.698
10181,24,A+,5,4,2023-11-10,Routine,0.719
10182,46,B+,5,5,2024-07-28,Routine,0.932
10183,56,A+,6,5,2024-12-03,Routine,0.881
10184,74,B+,5,4,2022-11-13,Emergency,0.76
10185,10,O+,1,1,2023-05-20,Urgent,0.627
10186,44,O+,9,6,2024-06-23,Emergency,0.7
10187,79,A+,10,10,2022-06-05,Emergency,0.957
10188,40,A+,6,4,2023-12-04,Routine,0.639
10189,59,A+,6,6,2022-06-03,Routine,0.941
10190,43,O+,1,1,2024-12-27,Urgent,0.688
10191,23,B+,4,3,2024-07-27,Urgent,0.752
10192,60,B+,10,9,2024-07-01,Routine,0.94
10193,15,O+,10,9,2022-01-02,Urgent,0.949
10194,66,A+,9,7,2024-10-23,Urgent,0.784
10195,79,A+,9,6,2024-03-18,Routine,0.662
10196,49,O+,5,3,2022-06-17,Routine,0.65
10197,35,O+,6,6,2023-05-27,Routine,0.973
10198,15,O+,1,1,2024-11-22,Routine,0.699
10199,53,A+,8,5,2023-07-03,Routine,0.675
10200,2,O+,6,5,2024-09-24,Routine,0.833
10201,74,O+,3,3,2022-09-20,Routine,0.959
10202,68,O+,10,7,2024-09-01,Routine,0.74
10203,54,O+,2,2,2024-02-25,Urgent,0.94
10204,7,O+,7,7,2023-08-13,Emergency,0.934
10205,4,O+,1,1,2023-07-23,Routine,0.805
10206,42,O+,9,6,2024-08-07,Routine,0.622
10207,3,O+,1,1,2022-04-01,Urgent,0.84
10208,30,A+,3,2,2022-09-17,Routine,0.766
10209,72,O+,7,7,2024-07-29,Routine,0.947
10210,62,A+,9,5,2023-07-29,Emergency,0.513
10211,21,A+,4,4,2023-08-19,Emergency,0.907
10212,68,O+,10,8,2023-07-23,Urgent,0.84
10213,18,O+,6,5,2023-03-14,Routine,0.752
10214,67,O+,5,5,2024-04-30,Urgent,0.909
10215,37,O+,3,2,2023-07-20,Routine,0.703
10216,77,A+,2,1,2024-02-11,Urgent,0.722
10217,23,O-,7,4,2023-11-16,Routine,0.512
10218,43,A+,7,5,2024-07-21,Routine,0.781
10219,42,A+,8,7,2023-05-08,Emergency,0.842
10220,45,A+,6,5,2023-11-25,Routine,0.904
10221,5,A+,9,9,2022-11-10,Urgent,0.98
10222,74,O+,1,1,2024-08-11,Routine,0.93
10223,70,O+,7,4,2024-07-07,Emergency,0.57
10224,52,B+,4,3,2023-03-15,Routine,0.631
10225,6,O+,4,4,2023-09-28,Routine,0.989
10226,49,O+,2,1,2022-03-08,Emergency,0.735
10227,26,O+,8,5,2024-12-29,Emergency,0.578
10228,11,A+,5,5,2024-11-01,Urgent,0.98
10229,6,O+,2,1,2022-12-08,Urgent,0.605
10230,45,O+,5,4,2023-04-01,Routine,0.71
10231,67,O+,7,4,2023-11-08,Routine,0.608
10232,68,A+,6,6,2023-08-10,Urgent,0.964
10233,41,O+,8,7,2024-01-25,Routine,0.815
10234,16,B+,9,6,2023-05-16,Emergency,0.656
10235,70,O+,9,6,2022-08-15,Routine,0.616
10236,73,B+,6,6,2023-08-10,Routine,0.957
10237,76,A+,4,4,2022-02-03,Routine,0.977
10238,21,A+,8,7,2022-05-13,Routine,0.89
10239,59,A+,7,6,2022-02-28,Urgent,0.789
10240,39,AB+,5,3,2022-04-12,Emergency,0.626
10241,45,B+,7,6,2023-12-06,Urgent,0.806
10242,22,B+,6,4,2023-08-19,Routine,0.614
10243,59,B-,7,4,2024-03-29,Routine,0.568
10244,46,A+,7,5,2023-09-01,Routine,0.683
10245,19,O+,10,7,2023-06-06,Routine,0.676
10246,52,AB+,2,2,2023-09-07,Emergency,0.94
10247,3,O+,7,5,2023-06-05,Routine,0.757
10248,67,O-,9,2,2023-03-06,Routine,0.223
10249,75,B+,7,5,2023-11-16,Urgent,0.671
10250,19,AB+,7,5,2024-06-23,Routine,0.663
10251,78,O+,9,6,2022-04-19,Emergency,0.619
10252,45,O+,7,4,2023-10-02,Urgent,0.641
10253,52,O+,7,6,2023-10-10,Urgent,0.845
10254,9,O+,3,2,2024-03-07,Routine,0.671
10255,4,O+,10,9,2022-12-09,Urgent,0.949
10256,77,O+,8,7,2022-03-30,Routine,0.924
10257,79,O+,2,1,2024-12-11,Urgent,0.635
10258,2,O+,3,3,2024-04-05,Urgent,0.907
10259,55,O+,6,4,2024-09-20,Urgent,0.603
10260,27,O+,3,3,2024-06-07,Routine,0.863
10261,35,O+,9,8,2024-06-15,Routine,0.837
10262,71,B+,10,8,2024-04-25,Routine,0.804
10263,43,B+,2,1,2023-10-23,Routine,0.713
10264,39,A+,7,6,2022-04-25,Urgent,0.805
10265,64,B+,3,2,2024-07-15,Routine,0.761
10266,63,B+,4,3,2022-01-29,Routine,0.696
10267,37,A+,2,2,2022-11-23,Routine,0.889
10268,51,B+,9,5,2023-11-18,Emergency,0.586
10269,54,A+,10,7,2023-12-18,Routine,0.747
10270,31,A+,1,1,2024-01-02,Emergency,0.916
10271,44,A-,10,4,2023-06-24,Emergency,0.394
10272,71,B+,6,5,2024-09-24,Emergency,0.778
10273,61,O+,7,4,2024-02-28,Urgent,0.603
10274,8,AB+,5,4,2023-03-20,Routine,0.734
10275,66,O+,5,4,2022-11-30,Urgent,0.878
10276,21,A+,2,1,2022-10-29,Emergency,0.549
10277,44,A+,6,4,2023-06-22,Urgent,0.686
10278,55,A+,2,2,2024-10-15,Emergency,0.828
10279,8,B+,3,3,2022-09-07,Emergency,0.96
10280,61,B+,3,2,2023-10-29,Emergency,0.633
10281,67,B+,4,2,2023-05-23,Routine,0.624
10282,57,O+,1,1,2022-09-14,Urgent,0.855
10283,43,B+,4,3,2024-09-21,Urgent,0.817
10284,70,O+,10,7,2023-12-22,Routine,0.708
10285,63,A+,8,8,2024-12-22,Emergency,0.94
10286,21,A+,10,7,2022-07-23,Emergency,0.697
10287,66,A+,1,1,2024-11-02,Urgent,0.716
10288,2,B+,3,2,2022-11-17,Urgent,0.687
10289,74,A-,10,6,2023-02-12,Urgent,0.621
10290,66,O+,7,6,2024-04-16,Urgent,0.861
10291,77,A+,1,1,2024-07-21,Urgent,0.656
10292,36,A+,4,3,2024-02-13,Emergency,0.771
10293,79,B+,7,4,2023-12-10,Urgent,0.627
10294,27,O+,8,7,2024-10-31,Routine,0.885
10295,64,B+,10,7,2023-03-20,Routine,0.745
10296,19,O+,4,4,2022-02-20,Routine,0.912
10297,23,A+,10,5,2024-11-30,Emergency,0.51
10298,3,A+,6,4,2024-04-07,Routine,0.704
10299,40,O+,2,2,2023-01-21,Routine,0.752
10300,80,O+,7,5,2022-07-01,Routine,0.733
10301,4,O+,7,6,2023-09-06,Routine,0.844
10302,25,A+,3,2,2023-12-23,Urgent,0.752
10303,6,A+,8,7,2024-10-15,Emergency,0.825
10304,61,A+,8,7,2024-04-10,Routine,0.843
10305,25,B+,9,5,2022-02-04,Emergency,0.583
10306,67,B+,2,2,2023-04-17,Urgent,0.789
10307,73,A+,1,1,2024-03-26,Urgent,0.642
10308,11,B+,5,3,2024-09-20,Routine,0.633
10309,25,O+,9,6,2024-06-01,Routine,0.614
10310,35,B+,8,7,2022-06-21,Routine,0.839
10311,54,B+,5,4,2024-02-18,Routine,0.871
10312,35,O+,4,4,2022-05-21,Urgent,0.962
10313,68,AB+,1,1,2024-05-16,Routine,0.659
10314,33,O+,5,3,2022-03-19,Emergency,0.506
10315,69,O+,10,9,2022-12-30,Urgent,0.906
10316,10,B+,3,3,2024-07-12,Routine,0.962
10317,45,B+,6,5,2024-07-31,Routine,0.842
10318,21,A+,8,5,2024-02-13,Routine,0.603
10319,73,B-,2,1,2024-03-22,Routine,0.427
10320,73,B+,5,4,2024-07-01,Emergency,0.814
10321,37,A+,5,4,2024-11-19,Routine,0.772
10322,61,A+,10,6,2022-08-15,Routine,0.648
10323,13,A+,3,3,2023-12-01,Urgent,0.848
10324,47,A+,10,8,2024-03-08,Urgent,0.78
10325,24,AB+,5,4,2024-05-05,Routine,0.791
10326,72,AB+,5,5,2022-02-23,Urgent,0.909
10327,67,AB+,9,8,2022-11-24,Routine,0.922
10328,8,A+,8,4,2023-01-24,Emergency,0.523
10329,76,O+,3,2,2024-11-09,Routine,0.747
10330,7,AB+,10,8,2023-12-23,Routine,0.814
10331,67,B+,2,2,2024-12-11,Routine,0.986
10332,79,B+,8,7,2023-10-06,Urgent,0.817
10333,1,A-,10,2,2023-01-17,Urgent,0.207
10334,80,O+,10,6,2024-01-23,Urgent,0.649
10335,79,B+,8,7,2024-06-09,Routine,0.872
10336,24,A+,10,9,2023-02-26,Emergency,0.911
10337,34,O+,1,1,2024-06-27,Routine,0.79
10338,11,A+,9,7,2023-05-23,Routine,0.723
10339,24,B+,1,1,2022-06-28,Urgent,0.864
10340,68,B+,4,3,2022-08-23,Urgent,0.762
10341,71,O+,4,3,2022-12-06,Routine,0.721
10342,25,O+,6,4,2023-01-27,Routine,0.701
10343,31,O+,4,3,2024-04-28,Routine,0.667
10344,36,O+,6,5,2024-07-02,Urgent,0.783
10345,69,A+,6,6,2022-01-13,Emergency,0.928
10346,67,O+,2,2,2022-03-23,Routine,0.959
10347,50,A+,4,4,2022-02-15,Urgent,0.879
10348,54,O+,6,4,2022-09-05,Routine,0.723
10349,56,O+,10,8,2024-11-14,Urgent,0.819
10350,35,B+,2,1,2023-04-17,Routine,0.627
10351,69,O+,5,3,2024-11-01,Emergency,0.575
10352,48,AB+,1,1,2023-07-16,Urgent,0.883
10353,54,O+,8,5,2022-10-24,Emergency,0.624
10354,39,O+,9,8,2024-12-01,Routine,0.912
10355,16,B+,3,2,2023-04-23,Urgent,0.764
10356,25,AB+,10,8,2024-01-04,Urgent,0.751
10357,34,A+,6,5,2024-12-02,Routine,0.85
10358,40,O+,5,3,2022-08-07,Emergency,0.677
10359,21,O+,7,5,2024-07-09,Emergency,0.733
10360,61,B+,3,2,2022-11-01,Urgent,0.816
10361,37,O+,4,3,2022-05-17,Routine,0.747
10362,2,O+,4,3,2022-01-29,Routine,0.686
10363,5,B+,4,3,2023-03-13,Urgent,0.801
10364,70,O+,6,5,2024-05-01,Routine,0.762
10365,16,O+,10,9,2022-11-28,Urgent,0.874
10366,73,B+,2,2,2023-08-01,Routine,0.861
10367,62,O+,7,7,2023-03-02,Routine,0.964
10368,9,B+,8,5,2022-08-01,Routine,0.612
10369,46,O+,7,5,2024-10-12,Urgent,0.718
10370,75,A+,6,4,2023-07-01,Emergency,0.627
10371,41,A+,10,8,2024-07-09,Routine,0.752
10372,57,O+,5,4,2024-10-01,Urgent,0.797
10373,77,B+,6,4,2022-07-09,Urgent,0.628
10374,47,B+,4,3,2024-11-02,Routine,0.858
10375,60,O+,4,4,2022-09-28,Urgent,0.878
10376,74,A-,6,3,2024-11-08,Urgent,0.473
10377,1,B+,7,6,2023-08-31,Routine,0.896
10378,78,O+,2,1,2022-04-15,Routine,0.638
10379,55,AB+,9,8,2024-08-05,Routine,0.938
10380,77,A+,9,8,2022-08-03,Urgent,0.921
10381,28,O+,3,2,2022-08-10,Urgent,0.658
10382,78,O+,1,1,2023-05-29,Routine,0.706
10383,2,O+,10,9,2022-11-20,Routine,0.877
10384,19,O+,5,5,2022-01-08,Routine,0.91
10385,60,O+,8,5,2024-10-30,Urgent,0.601
10386,38,A+,8,7,2024-12-10,Urgent,0.881
10387,35,A-,6,4,2022-05-13,Routine,0.652
10388,25,B+,9,6,2022-07-29,Routine,0.627
10389,66,O+,1,1,2023-08-18,Routine,0.862
10390,77,B-,5,2,2024-08-17,Emergency,0.301
10391,59,AB+,5,4,2022-05-16,Routine,0.898
10392,36,O+,2,1,2022-08-16,Urgent,0.667
10393,35,A+,1,1,2022-11-08,Routine,0.655
10394,26,O+,6,4,2022-09-16,Urgent,0.669
10395,17,B+,8,8,2024-01-02,Routine,0.959
10396,26,O+,2,2,2024-06-26,Routine,0.758
10397,24,B+,7,6,2024-07-16,Routine,0.823
10398,45,O+,7,5,2024-07-21,Urgent,0.715
10399,58,A+,4,2,2023-06-24,Emergency,0.593
10400,67,A+,6,4,2022-06-24,Urgent,0.606
10401,64,A+,5,4,2024-02-13,Urgent,0.781
10402,66,B+,1,1,2023-08-04,Routine,0.946
10403,74,A+,9,6,2023-07-12,Urgent,0.623
10404,71,A+,6,4,2023-07-24,Urgent,0.634
10405,36,O+,9,8,2023-08-04,Routine,0.849
10406,22,O+,8,8,2024-02-08,Routine,0.954
10407,2,B+,9,7,2022-06-08,Emergency,0.776
10408,1,A+,10,9,2023-04-03,Routine,0.912
10409,41,O+,8,6,2022-05-06,Urgent,0.738
10410,39,AB-,3,1,2022-03-12,Routine,0.233
10411,36,A+,7,6,2023-12-04,Urgent,0.811
10412,1,A+,6,4,2023-05-05,Urgent,0.635
10413,25,B+,9,9,2024-06-20,Routine,0.965
10414,33,O+,5,4,2024-12-24,Routine,0.8
10415,57,O+,10,8,2024-04-23,Routine,0.783
10416,33,A+,8,5,2023-08-03,Routine,0.659
10417,73,A+,9,7,2024-03-20,Routine,0.774
10418,70,B+,4,2,2023-01-19,Urgent,0.609
10419,53,O+,2,2,2023-08-07,Routine,0.941
10420,22,AB+,4,3,2023-03-27,Routine,0.797
10421,38,B+,6,5,2024-04-08,Urgent,0.89
10422,65,A-,6,4,2023-08-25,Routine,0.669
10423,32,O+,8,6,2022-12-24,Routine,0.733
10424,9,A+,4,3,2023-12-04,Emergency,0.746
10425,3,O+,4,3,2023-02-04,Urgent,0.817
10426,71,B+,4,3,2024-11-23,Urgent,0.655
10427,35,O+,4,3,2022-10-02,Routine,0.664
10428,68,O+,9,8,2022-02-27,Routine,0.841
10429,78,O+,6,5,2023-11-13,Urgent,0.758
10430,59,O-,3,1,2024-11-03,Urgent,0.266
10431,77,B+,1,1,2022-03-28,Routine,0.804
10432,17,A+,10,10,2023-05-13,Routine,0.956
10433,42,A+,4,4,2024-02-04,Routine,0.876
10434,35,AB+,4,3,2024-08-26,Urgent,0.778
10435,1,B+,7,4,2023-06-01,Routine,0.608
10436,55,O+,3,3,2022-12-07,Routine,0.909
10437,25,B+,10,9,2023-06-07,Routine,0.893
10438,32,A+,8,5,2024-10-11,Routine,0.653
10439,1,A+,8,6,2023-02-22,Routine,0.719
10440,23,O+,7,4,2024-09-12,Routine,0.633
10441,76,A+,6,4,2022-07-23,Emergency,0.686
10442,68,O+,7,5,2024-02-05,Urgent,0.67
10443,31,A+,9,7,2023-07-10,Routine,0.776
10444,65,O+,9,6,2024-01-08,Routine,0.657
10445,71,AB+,2,2,2022-02-03,Routine,0.981
10446,41,O+,8,7,2023-09-15,Urgent,0.904
10447,10,O+,6,4,2024-04-02,Emergency,0.639
10448,64,A+,1,1,2024-11-07,Routine,0.688
10449,35,O+,8,5,2022-02-05,Urgent,0.655
10450,38,O+,5,3,2024-12-16,Emergency,0.648
10451,76,A+,1,1,2023-05-18,Urgent,0.603
10452,22,O+,1,1,2022-11-03,Routine,0.796
10453,38,B+,8,5,2023-06-08,Urgent,0.601
10454,46,B+,9,6,2023-06-21,Routine,0.699
10455,6,O+,9,8,2022-10-28,Urgent,0.863
10456,23,O+,7,6,2023-10-03,Urgent,0.854
10457,52,AB+,9,7,2022-01-23,Urgent,0.751
10458,12,O+,8,7,2022-08-13,Urgent,0.883
10459,62,O+,5,4,2022-11-08,Urgent,0.723
10460,46,O+,5,3,2022-02-11,Urgent,0.619
10461,16,B-,2,1,2024-08-12,Emergency,0.299
10462,2,O+,4,4,2022-03-20,Routine,0.88
10463,56,B+,4,3,2023-06-28,Routine,0.856
10464,40,A+,8,7,2022-03-24,Routine,0.854
10465,23,O+,2,1,2022-07-28,Urgent,0.632
10466,7,O+,5,3,2024-12-28,Routine,0.659
10467,19,A+,9,8,2023-02-25,Routine,0.837
10468,64,B+,5,4,2022-07-25,Urgent,0.833
10469,16,B+,2,2,2024-06-06,Emergency,0.802
10470,19,B+,6,5,2023-05-03,Routine,0.845
10471,23,B+,4,3,2023-07-21,Urgent,0.704
10472,53,A+,4,4,2024-12-13,Urgent,0.996
10473,69,A+,4,4,2024-11-24,Urgent,0.885
10474,57,A+,4,3,2024-10-10,Routine,0.705
10475,77,A+,7,5,2024-11-28,Urgent,0.703
10476,19,O+,10,10,2024-11-08,Routine,0.952
10477,44,O+,4,3,2024-03-02,Routine,0.852
10478,50,A+,9,7,2024-09-29,Routine,0.767
10479,28,O+,10,9,2022-02-12,Routine,0.888
10480,72,A-,2,1,2023-11-08,Routine,0.468
10481,32,A-,1,0,2022-09-26,Emergency,0.474
10482,28,A+,5,5,2023-01-12,Emergency,0.905
10483,73,A+,3,2,2022-08-22,Routine,0.757
10484,47,A-,4,1,2023-02-28,Routine,0.215
10485,11,B+,2,2,2024-11-04,Emergency,0.89
10486,27,O+,10,9,2022-10-27,Routine,0.913
10487,57,AB+,1,1,2023-02-24,Routine,0.615
10488,29,O+,6,5,2024-10-09,Routine,0.811
10489,17,O+,3,3,2022-02-06,Urgent,0.941
10490,36,A-,8,5,2022-10-03,Routine,0.602
10491,53,B+,3,3,2023-05-16,Routine,0.97
10492,65,A-,8,5,2023-03-28,Routine,0.641
10493,29,AB+,5,4,2023-05-07,Routine,0.778
10494,2,AB+,5,5,2022-05-25,Routine,0.936
10495,6,B+,7,6,2023-07-28,Urgent,0.837
10496,59,A+,5,3,2022-04-13,Routine,0.671
10497,2,O+,9,8,2023-11-12,Routine,0.927
10498,11,B+,3,3,2022-12-10,Routine,0.95
10499,78,A+,3,3,2024-03-26,Urgent,0.856
10500,54,A+,9,7,2024-08-17,Routine,0.766
10501,42,B+,4,3,2023-05-25,Routine,0.71
10502,18,B+,2,1,2024-01-17,Emergency,0.672
10503,31,A+,10,10,2024-06-03,Emergency,0.952
10504,30,O+,8,7,2023-02-02,Routine,0.891
10505,68,B+,4,3,2022-03-02,Routine,0.853
10506,37,O+,9,6,2023-01-19,Urgent,0.708
10507,3,O+,10,9,2024-08-31,Routine,0.861
10508,21,A+,3,2,2024-07-23,Emergency,0.64
10509,28,B+,4,4,2023-04-15,Routine,0.966
10510,14,O+,10,9,2024-11-12,Routine,0.891
10511,15,A+,2,2,2023-05-23,Routine,0.987
10512,40,A+,2,2,2023-12-07,Routine,0.949
10513,17,O+,5,4,2024-08-15,Routine,0.853
10514,72,B+,6,5,2022-03-17,Urgent,0.891
10515,53,A+,9,8,2022-06-23,Emergency,0.859
10516,11,B+,6,6,2022-12-01,Emergency,0.987
10517,55,O+,2,2,2024-10-02,Routine,0.864
10518,31,AB+,7,4,2023-01-05,Routine,0.626
10519,57,A+,5,4,2022-06-22,Urgent,0.725
10520,21,A+,5,5,2024-11-04,Routine,0.988
10521,55,O-,7,3,2024-04-15,Urgent,0.418
10522,41,O+,6,4,2023-12-28,Urgent,0.705
10523,45,O+,6,4,2023-02-11,Urgent,0.727
10524,14,B-,7,1,2023-08-11,Routine,0.209
10525,41,O+,7,5,2022-02-15,Urgent,0.711
10526,51,B+,2,2,2024-01-31,Urgent,0.881
10527,35,A+,2,2,2024-01-30,Routine,0.797
10528,27,B+,3,2,2022-01-21,Urgent,0.679
10529,34,O+,1,1,2022-02-04,Routine,0.867
10530,73,B-,7,5,2024-04-26,Routine,0.651
10531,49,O+,1,1,2022-08-26,Routine,0.931
10532,23,A+,2,2,2023-03-19,Routine,0.756
10533,22,O+,8,6,2024-03-03,Routine,0.704
10534,46,B+,4,4,2022-08-22,Routine,0.93
10535,80,O+,4,3,2022-07-07,Routine,0.651
10536,30,O+,3,3,2023-10-19,Routine,0.88
10537,74,A+,2,1,2023-05-06,Urgent,0.75
10538,22,O+,7,6,2023-05-19,Routine,0.864
10539,1,A+,2,1,2022-01-02,Urgent,0.606
10540,11,O-,8,5,2024-03-09,Emergency,0.687
10541,44,B+,5,4,2022-06-13,Routine,0.707
10542,21,O+,1,1,2022-04-03,Routine,0.942
10543,12,O+,2,2,2024-04-18,Urgent,0.894
10544,8,O+,7,6,2022-02-26,Urgent,0.788
10545,44,B+,10,8,2024-01-09,Routine,0.817
10546,11,AB+,2,2,2022-11-02,Routine,0.849
10547,15,B+,3,3,2022-08-13,Urgent,0.941
10548,1,B+,5,4,2024-10-22,Routine,0.732
10549,22,B+,9,6,2022-10-02,Routine,0.622
10550,37,B+,1,1,2023-10-03,Routine,0.812
10551,20,A+,2,2,2023-06-24,Urgent,0.978
10552,7,A+,8,7,2023-06-30,Routine,0.896
10553,7,A+,6,4,2023-08-06,Routine,0.722
10554,64,AB+,8,5,2023-08-07,Emergency,0.644
10555,75,O+,7,6,2022-07-31,Routine,0.812
10556,65,O+,5,4,2023-08-03,Routine,0.854
10557,11,A+,6,6,2024-12-01,Routine,0.923
10558,30,A+,2,2,2024-05-07,Emergency,0.756
10559,51,O-,7,4,2022-12-27,Urgent,0.546
10560,56,O+,7,6,2023-11-05,Emergency,0.829
10561,57,O+,6,6,2022-05-24,Routine,0.996
10562,78,AB+,1,1,2022-04-06,Routine,0.931
10563,8,B+,1,1,2023-03-01,Urgent,0.738
10564,80,B+,6,6,2023-07-08,Urgent,0.954
10565,10,O+,6,4,2023-02-07,Urgent,0.62
10566,57,O+,1,1,2024-07-25,Urgent,0.923
10567,16,B+,4,3,2024-03-28,Routine,0.78
10568,79,AB+,9,6,2024-03-02,Urgent,0.691
10569,4,O+,2,1,2023-12-10,Routine,0.627
10570,70,O+,10,9,2024-08-24,Urgent,0.882
10571,62,O+,10,10,2022-11-02,Urgent,0.961
10572,25,O+,6,5,2023-05-11,Routine,0.841
10573,31,B+,9,7,2023-11-23,Urgent,0.761
10574,47,A+,4,4,2024-10-21,Urgent,0.909
10575,53,AB+,3,2,2024-03-25,Urgent,0.614
10576,48,O+,10,10,2023-02-04,Emergency,0.986
10577,43,AB+,9,6,2022-09-25,Routine,0.707
10578,18,O+,3,2,2024-10-08,Routine,0.794
10579,10,A-,5,1,2024-10-30,Emergency,0.242
10580,63,O+,6,4,2023-06-17,Routine,0.636
10581,57,A+,1,1,2022-12-29,Urgent,0.841
10582,29,B-,8,5,2024-06-18,Routine,0.684
10583,47,B+,6,4,2022-03-12,Routine,0.648
10584,80,A+,4,3,2024-06-23,Routine,0.659
10585,17,A+,7,5,2022-07-17,Urgent,0.753
10586,15,B+,3,2,2023-09-27,Routine,0.65
10587,55,A+,5,4,2024-12-14,Urgent,0.802
10588,43,O+,7,6,2023-11-07,Urgent,0.9
10589,79,O+,3,2,2024-04-06,Urgent,0.601
10590,30,A+,2,1,2023-05-27,Routine,0.611
10591,30,O+,5,4,2022-07-24,Routine,0.819
10592,40,O+,9,9,2024-10-18,Routine,0.969
10593,11,O+,10,8,2022-08-11,Routine,0.797
10594,50,O+,5,5,2024-01-19,Routine,0.902
10595,42,B-,7,1,2023-04-06,Emergency,0.212
10596,19,B+,7,7,2022-11-16,Routine,0.998
10597,40,A+,2,1,2022-06-16,Routine,0.694
10598,26,B-,4,1,2024-04-20,Routine,0.282
10599,44,O+,10,9,2024-07-20,Routine,0.925
10600,17,B+,6,6,2024-11-17,Urgent,0.972
10601,28,O+,5,4,2024-09-06,Routine,0.766
10602,64,A+,9,6,2024-10-01,Emergency,0.632
10603,36,B+,7,4,2023-10-15,Emergency,0.6
10604,46,O+,7,7,2022-01-02,Routine,0.933
10605,1,B+,7,6,2022-04-19,Urgent,0.832
10606,17,A-,8,2,2024-03-20,Routine,0.258
10607,1,B+,1,1,2023-03-25,Urgent,0.69
10608,74,AB+,4,3,2024-07-15,Emergency,0.797
10609,65,B+,3,2,2023-03-08,Urgent,0.78
10610,27,B+,5,4,2024-02-09,Emergency,0.862
10611,51,AB+,10,6,2023-05-24,Routine,0.609
10612,72,B+,1,1,2022-04-28,Routine,0.926
10613,54,O+,9,8,2024-09-09,Routine,0.885
10614,74,AB+,5,4,2024-01-23,Routine,0.784
10615,64,B+,1,1,2023-02-03,Routine,0.915
10616,69,AB+,7,7,2024-02-03,Urgent,0.979
10617,38,A+,5,5,2022-09-10,Routine,0.905
10618,22,O+,1,1,2024-05-29,Urgent,0.72
10619,17,A+,10,7,2024-05-24,Emergency,0.679
10620,64,A+,1,1,2022-08-12,Routine,0.708
10621,26,AB+,5,4,2024-07-12,Urgent,0.715
10622,2,A+,6,4,2024-11-09,Urgent,0.671
10623,17,B+,10,6,2024-05-06,Routine,0.649
10624,68,A+,9,6,2022-12-07,Urgent,0.637
10625,30,O-,7,5,2023-05-03,Routine,0.666
10626,70,A+,4,3,2023-01-14,Urgent,0.725
10627,33,B+,6,6,2024-12-23,Urgent,0.978
10628,30,O+,4,3,2024-04-22,Emergency,0.632
10629,77,A+,2,2,2023-01-15,Urgent,0.936
10630,55,O+,10,9,2022-01-14,Routine,0.851
10631,16,AB+,10,9,2023-07-11,Urgent,0.944
10632,40,O+,7,7,2022-09-04,Routine,0.963
10633,24,A+,8,7,2023-06-28,Routine,0.841
10634,49,O+,4,4,2023-03-28,Routine,0.959
10635,55,B-,8,3,2024-01-12,Urgent,0.37
10636,58,O+,8,7,2022-03-26,Routine,0.893
10637,40,A-,2,0,2023-10-16,Routine,0.236
10638,73,B+,3,3,2023-06-04,Routine,0.916
10639,78,O+,8,6,2023-06-12,Routine,0.748
10640,34,B+,10,7,2022-10-22,Routine,0.665
10641,8,B+,6,5,2023-10-03,Routine,0.844
10642,11,O+,1,1,2023-12-17,Routine,0.624
10643,76,A-,4,2,2023-07-12,Emergency,0.519
10644,48,B+,8,5,2022-05-22,Emergency,0.566
10645,69,B+,8,7,2024-05-25,Routine,0.912
10646,72,O+,8,6,2023-11-24,Routine,0.8
10647,68,B+,7,5,2022-12-18,Routine,0.716
10648,6,O-,6,2,2022-09-25,Emergency,0.413
10649,55,AB-,7,2,2024-08-10,Emergency,0.281
10650,78,A+,1,1,2024-02-12,Routine,0.61
10651,4,A+,3,3,2024-04-14,Urgent,0.986
10652,5,O+,6,6,2024-01-18,Routine,0.972
10653,58,O+,2,1,2022-06-26,Routine,0.723
10654,68,A+,3,3,2022-11-30,Urgent,0.964
10655,37,O-,5,2,2024-08-14,Routine,0.331
10656,75,O+,6,4,2024-01-01,Routine,0.66
10657,64,A-,7,5,2022-11-18,Routine,0.655
10658,63,O+,3,2,2023-02-12,Urgent,0.791
10659,19,B+,8,6,2024-04-10,Urgent,0.761
10660,78,B+,3,2,2023-09-13,Emergency,0.813
10661,7,A+,3,2,2022-05-25,Urgent,0.743
10662,78,O+,9,6,2022-12-06,Urgent,0.64
10663,78,O+,3,3,2023-04-07,Urgent,0.972
10664,14,A+,1,1,2024-05-26,Urgent,0.797
10665,56,O+,6,5,2024-03-23,Routine,0.775
10666,3,A-,6,1,2023-11-24,Routine,0.211
10667,55,O-,4,1,2023-10-28,Urgent,0.28
10668,61,A-,4,1,2023-07-07,Routine,0.37
10669,10,O+,6,4,2024-03-05,Routine,0.696
10670,3,B+,7,5,2023-05-17,Routine,0.655
10671,67,O+,9,5,2023-12-19,Routine,0.603
10672,72,O+,1,1,2022-12-15,Routine,0.879
10673,74,A+,8,5,2022-05-18,Emergency,0.585
10674,78,A+,8,6,2024-04-15,Routine,0.809
10675,72,B+,5,3,2022-11-25,Emergency,0.641
10676,74,A+,1,1,2024-12-10,Routine,0.981
10677,65,O+,8,5,2023-08-04,Routine,0.613
10678,10,A+,6,4,2024-07-24,Urgent,0.641
10679,20,O+,5,5,2023-01-23,Urgent,0.952
10680,59,A+,4,3,2022-04-29,Routine,0.811
10681,62,B+,4,3,2023-05-05,Routine,0.707
10682,22,A+,8,6,2023-11-19,Emergency,0.717
10683,52,B-,3,1,2022-10-26,Urgent,0.251
10684,60,O+,4,4,2024-11-12,Emergency,0.905
10685,68,A+,3,2,2023-05-12,Emergency,0.816
10686,65,A+,10,7,2024-01-21,Routine,0.711
10687,31,A+,5,5,2023-01-08,Routine,0.916
10688,19,A+,5,3,2023-10-21,Emergency,0.508
10689,70,B+,10,7,2023-08-02,Urgent,0.738
10690,38,A+,7,5,2023-08-26,Routine,0.729
10691,6,B+,4,4,2023-11-12,Routine,0.996
10692,43,B+,1,1,2023-07-30,Routine,0.879
10693,69,O+,8,8,2022-10-02,Emergency,0.962
10694,12,B-,4,2,2022-06-04,Routine,0.556
10695,63,O+,6,5,2023-02-19,Routine,0.774
10696,79,A+,4,3,2023-03-27,Routine,0.839
10697,35,O+,6,5,2023-06-23,Urgent,0.849
10698,7,B+,7,6,2023-09-23,Routine,0.895
10699,42,O+,1,1,2023-01-28,Routine,0.684
10700,2,B+,7,5,2022-02-04,Urgent,0.672
10701,21,B+,6,6,2022-06-07,Emergency,0.922
10702,67,B+,3,2,2022-06-14,Routine,0.629
10703,10,B+,6,5,2023-09-08,Urgent,0.773
10704,39,O+,2,1,2022-11-29,Routine,0.715
10705,15,B+,7,5,2022-11-28,Routine,0.686
10706,1,A+,1,1,2023-04-30,Urgent,0.639
10707,28,A+,4,4,2024-03-08,Urgent,0.948
10708,34,B+,6,4,2022-12-20,Routine,0.638
10709,80,A+,7,5,2022-07-24,Urgent,0.663
10710,34,B+,7,6,2022-12-28,Emergency,0.862
10711,63,O+,7,4,2024-09-29,Routine,0.626
10712,76,A+,10,8,2024-09-10,Urgent,0.845
10713,50,O+,4,3,2022-03-20,Urgent,0.764
10714,52,O+,7,6,2022-04-24,Urgent,0.928
10715,65,A+,9,7,2024-08-27,Urgent,0.808
10716,62,O+,7,5,2023-08-13,Emergency,0.721
10717,52,B+,3,3,2022-06-17,Routine,0.993
10718,8,O+,5,4,2022-10-25,Routine,0.893
10719,62,B+,4,4,2024-12-29,Routine,0.875
10720,4,A+,1,1,2024-04-07,Routine,0.935
10721,43,AB+,1,1,2022-08-16,Routine,0.97
10722,40,B+,1,1,2022-05-13,Routine,0.89
10723,79,A+,9,9,2023-11-29,Routine,0.966
10724,11,O+,8,6,2023-10-29,Routine,0.72
10725,24,B+,2,1,2022-03-18,Urgent,0.606
10726,48,A+,10,8,2022-03-14,Routine,0.827
10727,10,B+,8,7,2024-10-27,Urgent,0.917
10728,24,AB+,3,3,2023-08-25,Emergency,0.915
10729,77,A+,2,1,2022-01-13,Urgent,0.694
10730,75,B+,5,5,2023-11-29,Urgent,0.908
10731,75,O+,8,8,2024-08-02,Urgent,0.941
10732,50,B+,7,6,2024-09-12,Urgent,0.892
10733,63,A+,5,4,2024-11-01,Urgent,0.838
10734,41,O+,3,2,2022-01-13,Urgent,0.626
10735,1,B+,4,3,2023-07-31,Emergency,0.677
10736,71,O+,9,6,2022-10-30,Urgent,0.686
10737,36,O+,8,6,2022-09-13,Routine,0.812
10738,21,A+,3,2,2023-12-17,Routine,0.685
10739,50,B-,4,1,2022-09-20,Routine,0.354
10740,37,A+,2,1,2024-07-25,Routine,0.664
10741,61,B+,8,7,2023-05-30,Routine,0.911
10742,41,O+,8,5,2022-08-02,Urgent,0.641
10743,56,A+,6,6,2024-05-03,Routine,0.956
10744,41,O+,1,1,2024-11-06,Urgent,0.972
10745,21,O+,8,7,2022-04-30,Routine,0.914
10746,32,A-,8,4,2022-10-23,Urgent,0.458
10747,2,B+,10,8,2024-08-04,Routine,0.755
10748,70,A+,5,4,2022-08-09,Routine,0.782
10749,14,O+,9,7,2024-06-16,Routine,0.804
10750,75,AB+,6,4,2022-03-05,Urgent,0.632
10751,4,B+,3,2,2023-11-28,Urgent,0.781
10752,18,B+,7,7,2022-06-18,Routine,0.941
10753,77,O+,9,6,2022-06-08,Urgent,0.64
10754,69,AB+,10,8,2023-06-26,Urgent,0.755
10755,25,O+,3,3,2022-08-02,Urgent,0.926
10756,9,O+,2,2,2023-08-12,Urgent,0.834
10757,52,A+,6,5,2023-09-17,Emergency,0.772
10758,22,O+,4,4,2022-10-17,Urgent,0.899
10759,32,A-,8,4,2022-01-08,Routine,0.52
10760,23,A+,1,1,2022-06-24,Routine,0.987
10761,40,A+,9,9,2024-02-14,Urgent,0.946
10762,30,O+,7,6,2023-05-02,Emergency,0.882
10763,31,AB+,3,2,2022-11-11,Emergency,0.685
10764,68,AB+,7,4,2024-04-03,Urgent,0.637
10765,34,O+,3,2,2024-04-24,Urgent,0.713
10766,27,O+,8,7,2022-09-30,Urgent,0.886
10767,10,A+,1,1,2022-04-20,Urgent,0.719
10768,74,B+,6,4,2023-09-19,Urgent,0.632
10769,66,A+,2,1,2024-08-02,Urgent,0.648
10770,21,A+,3,3,2024-05-17,Urgent,0.875
10771,63,A+,8,6,2024-01-20,Routine,0.754
10772,72,A+,4,4,2022-10-14,Urgent,0.998
10773,39,B+,10,10,2022-01-08,Emergency,0.961
10774,58,O+,2,2,2022-11-28,Routine,0.905
10775,59,A+,2,2,2024-12-25,Urgent,0.782
10776,55,AB+,1,1,2024-09-07,Urgent,0.879
10777,8,O+,2,2,2023-04-03,Urgent,0.783
10778,31,A+,1,1,2022-02-12,Emergency,0.714
10779,31,B+,6,5,2023-09-15,Urgent,0.856
10780,64,O+,8,5,2022-08-26,Urgent,0.661
10781,51,B+,4,4,2023-02-16,Urgent,0.96
10782,31,O+,7,7,2024-11-20,Emergency,0.993
10783,22,B+,4,4,2024-09-06,Routine,0.956
10784,64,O+,9,5,2024-08-27,Urgent,0.61
10785,79,B+,9,6,2022-10-05,Routine,0.707
10786,16,O+,9,9,2024-01-15,Routine,0.949
10787,72,O+,4,4,2024-04-24,Urgent,0.952
10788,1,A+,9,6,2022-07-19,Routine,0.636
10789,14,O+,1,1,2023-06-07,Emergency,0.605
10790,73,O+,7,6,2024-02-04,Routine,0.807
10791,34,O+,9,8,2023-09-28,Urgent,0.913
10792,73,B+,6,5,2024-08-18,Routine,0.832
10793,78,O+,8,8,2024-08-09,Routine,0.981
10794,44,O-,8,5,2023-11-14,Urgent,0.661
10795,79,A+,7,4,2022-12-06,Routine,0.605
10796,53,AB+,8,7,2023-06-01,Routine,0.878
10797,54,O+,4,3,2023-07-07,Urgent,0.809
10798,33,O+,9,6,2024-02-10,Routine,0.66
10799,40,O+,8,5,2022-03-13,Emergency,0.642
10800,60,A+,3,3,2024-08-10,Routine,0.904
10801,39,B+,8,7,2023-11-28,Urgent,0.886
10802,19,A+,4,3,2024-01-14,Emergency,0.673
10803,67,B+,1,1,2024-04-27,Routine,0.813
10804,31,O+,2,2,2024-08-10,Routine,0.828
10805,68,B+,1,1,2024-08-18,Urgent,0.793
10806,30,B+,2,2,2022-06-26,Routine,0.756
10807,78,A+,3,2,2024-12-14,Urgent,0.619
10808,19,O+,6,4,2023-08-04,Routine,0.624
10809,26,A+,10,9,2024-07-04,Urgent,0.935
10810,22,O+,6,4,2024-01-19,Routine,0.714
10811,76,O+,2,2,2024-03-05,Routine,0.835
10812,25,A+,4,3,2024-03-09,Routine,0.648
10813,51,B+,10,9,2024-03-05,Routine,0.862
10814,34,AB+,1,1,2024-11-20,Routine,0.889
10815,72,O+,7,6,2024-06-04,Urgent,0.866
10816,59,A-,6,2,2023-02-03,Routine,0.407
10817,13,A+,10,8,2023-05-24,Routine,0.781
10818,35,A+,4,3,2024-09-07,Urgent,0.645
10819,13,A+,4,2,2023-10-05,Urgent,0.622
10820,68,O+,5,5,2022-09-02,Routine,0.96
10821,76,A+,10,8,2023-07-10,Emergency,0.766
10822,74,A+,6,5,2022-08-12,Routine,0.815
10823,10,A+,3,3,2024-06-02,Urgent,0.855
10824,80,O+,10,6,2023-04-23,Emergency,0.55
10825,1,A+,10,9,2023-02-26,Routine,0.931
10826,25,O+,10,8,2022-12-06,Urgent,0.77
10827,77,B+,7,5,2023-01-26,Routine,0.691
10828,36,B+,3,2,2024-10-22,Routine,0.638
10829,75,B+,9,7,2023-03-16,Urgent,0.819
10830,56,AB+,4,4,2023-08-04,Routine,0.924
10831,30,O+,5,3,2023-03-12,Urgent,0.608
10832,68,B-,5,3,2023-12-25,Urgent,0.584
10833,57,O+,2,1,2022-08-08,Routine,0.635
10834,67,O+,1,1,2024-11-27,Urgent,0.964
10835,61,A+,10,6,2023-12-06,Urgent,0.615
10836,8,O+,6,5,2024-06-20,Routine,0.887
10837,55,O+,7,6,2024-04-19,Urgent,0.84
10838,78,AB+,10,7,2022-03-03,Urgent,0.732
10839,55,B+,6,5,2024-06-05,Routine,0.787
10840,61,O-,5,3,2024-10-31,Urgent,0.521
10841,51,O+,3,2,2022-08-26,Routine,0.631
10842,42,O+,10,6,2024-12-03,Routine,0.612
10843,28,AB-,5,3,2024-08-09,Emergency,0.605
10844,5,O+,4,3,2022-10-11,Routine,0.85
10845,62,AB+,1,1,2023-06-24,Routine,0.803
10846,40,A+,2,2,2024-12-27,Urgent,0.813
10847,32,O+,9,9,2024-05-11,Routine,0.956
10848,26,O+,6,3,2024-11-24,Emergency,0.558
10849,13,A+,7,7,2023-06-08,Routine,0.989
10850,18,O+,6,4,2022-10-12,Urgent,0.743
10851,38,O+,7,6,2024-06-30,Emergency,0.877
10852,67,A+,3,2,2024-04-30,Routine,0.636
10853,45,O+,9,7,2024-07-05,Urgent,0.817
10854,61,A+,2,1,2024-01-22,Routine,0.727
10855,39,O+,2,2,2022-04-19,Urgent,0.784
10856,78,B+,7,7,2023-04-21,Routine,0.975
10857,24,A+,4,3,2023-05-17,Routine,0.655
10858,13,O+,3,2,2023-03-03,Routine,0.731
10859,51,O-,8,3,2023-08-18,Routine,0.408
10860,36,B-,8,4,2024-01-21,Routine,0.467
10861,29,A+,1,1,2024-04-18,Urgent,0.83
10862,60,O+,2,2,2024-10-12,Routine,0.833
10863,50,A+,1,1,2024-02-24,Routine,0.82
10864,76,O+,5,3,2022-12-03,Routine,0.646
10865,60,B+,3,3,2023-10-02,Emergency,0.932
10866,77,A+,9,7,2023-04-02,Routine,0.808
10867,66,O+,3,2,2024-07-25,Urgent,0.639
10868,44,O+,3,2,2022-06-15,Routine,0.823
10869,34,B+,8,6,2023-04-29,Routine,0.803
10870,71,A+,5,3,2024-04-10,Urgent,0.666
10871,52,B+,6,6,2024-07-20,Urgent,0.982
10872,4,A+,6,5,2022-04-18,Emergency,0.813
10873,78,A-,2,1,2024-03-31,Routine,0.628
10874,55,O+,10,9,2023-08-24,Routine,0.943
10875,35,A+,6,4,2022-06-10,Routine,0.723
10876,38,O+,8,5,2023-01-07,Urgent,0.676
10877,48,O+,8,6,2024-07-23,Routine,0.752
10878,53,B+,7,6,2022-11-13,Routine,0.812
10879,19,O+,3,2,2022-11-30,Emergency,0.553
10880,21,O+,10,7,2023-03-03,Urgent,0.722
10881,26,O+,8,6,2024-03-29,Routine,0.756
10882,45,A+,6,4,2023-05-26,Urgent,0.725
10883,4,O+,3,3,2022-02-15,Emergency,0.836
10884,55,O-,3,1,2023-11-24,Routine,0.351
10885,15,A-,6,4,2022-09-07,Urgent,0.591
10886,21,O+,4,4,2023-09-23,Routine,0.888
10887,67,O+,3,3,2022-01-02,Emergency,0.895
10888,42,O+,1,1,2024-06-02,Routine,0.863
10889,61,A+,2,2,2022-03-17,Routine,0.919
10890,49,AB-,4,2,2022-01-04,Emergency,0.583
10891,59,A+,2,2,2024-10-02,Urgent,0.797
10892,29,A+,1,1,2022-09-13,Routine,0.943
10893,35,B+,4,3,2022-09-05,Routine,0.846
10894,12,B+,3,3,2024-04-20,Routine,0.944
10895,32,O+,7,5,2024-09-12,Routine,0.736
10896,50,A+,5,3,2023-08-24,Routine,0.601
10897,71,AB+,3,2,2023-10-23,Routine,0.66
10898,48,O+,9,7,2024-12-09,Emergency,0.76
10899,39,O+,4,3,2022-06-04,Routine,0.748
10900,35,A+,1,1,2024-12-29,Routine,0.802
10901,58,O+,3,2,2024-04-23,Routine,0.761
10902,25,O+,6,5,2024-02-03,Emergency,0.899
10903,14,O+,3,3,2022-10-10,Routine,0.857
10904,35,O+,3,2,2023-06-15,Emergency,0.698
10905,52,B+,3,3,2024-10-20,Routine,0.931
10906,54,A-,7,2,2023-10-23,Urgent,0.355
10907,71,O+,7,5,2023-11-26,Routine,0.682
10908,77,B+,7,5,2022-05-21,Urgent,0.758
10909,22,O+,7,5,2023-04-12,Routine,0.746
10910,23,AB+,1,1,2023-04-14,Urgent,0.704
10911,23,O+,3,2,2024-07-22,Urgent,0.762
10912,22,O+,6,4,2024-07-21,Routine,0.665
10913,55,B+,2,1,2023-04-11,Routine,0.705
10914,8,O+,4,3,2024-10-23,Emergency,0.708
10915,75,O+,7,5,2024-08-11,Emergency,0.669
10916,60,B+,3,2,2024-10-20,Routine,0.782
10917,62,O+,7,6,2024-09-22,Routine,0.817
10918,3,B+,7,6,2023-07-11,Emergency,0.864
10919,48,A+,7,6,2024-01-24,Urgent,0.926
10920,34,A+,5,3,2023-03-24,Routine,0.686
10921,58,B+,1,1,2024-12-01,Urgent,0.741
10922,78,O+,4,3,2024-09-14,Emergency,0.739
10923,38,A+,6,5,2022-10-13,Routine,0.83
10924,64,A+,2,2,2023-09-02,Urgent,0.987
10925,79,O+,7,4,2022-03-31,Routine,0.609
10926,39,B+,6,4,2022-06-03,Urgent,0.649
10927,60,B+,2,2,2024-06-05,Emergency,0.91
10928,35,B+,3,2,2023-05-24,Urgent,0.74
10929,27,A+,1,1,2024-01-02,Routine,0.76
10930,19,B+,6,5,2022-10-03,Urgent,0.884
10931,75,B+,10,7,2024-04-19,Emergency,0.66
10932,51,A+,1,1,2024-01-04,Urgent,0.94
10933,27,O+,2,2,2022-03-22,Routine,0.917
10934,12,A+,1,1,2024-05-02,Urgent,0.868
10935,56,A+,9,6,2024-02-20,Urgent,0.635
10936,30,AB+,3,2,2024-07-28,Urgent,0.661
10937,62,B+,10,9,2022-02-22,Routine,0.858
10938,70,O+,10,6,2024-09-10,Routine,0.632
10939,28,O+,7,7,2023-04-08,Urgent,0.959
10940,16,O+,8,5,2024-08-19,Routine,0.656
10941,37,B+,3,2,2022-01-19,Routine,0.627
10942,26,AB+,7,4,2022-02-02,Urgent,0.641
10943,6,B+,8,6,2022-08-18,Routine,0.792
10944,62,A+,2,2,2022-04-08,Routine,0.896
10945,67,A+,10,7,2022-11-28,Emergency,0.655
10946,13,A+,6,4,2023-01-15,Urgent,0.716
10947,45,B+,8,7,2024-07-20,Routine,0.927
10948,51,B+,8,5,2024-01-16,Urgent,0.678
10949,12,O+,5,4,2024-01-06,Urgent,0.88
10950,65,O+,8,6,2023-05-07,Urgent,0.701
10951,17,A+,7,5,2023-07-31,Routine,0.729
10952,34,A+,1,1,2023-01-17,Routine,0.847
10953,12,B+,4,3,2024-10-18,Urgent,0.66
10954,49,O+,9,8,2022-01-22,Routine,0.901
10955,71,A+,8,5,2023-02-09,Urgent,0.682
10956,7,O+,9,6,2023-07-08,Urgent,0.616
10957,48,A+,4,2,2023-05-05,Urgent,0.61
10958,60,O-,5,3,2022-04-12,Urgent,0.581
10959,73,O-,10,6,2023-10-24,Emergency,0.588
10960,32,A+,3,3,2022-03-29,Routine,0.953
10961,20,A+,3,2,2023-11-29,Urgent,0.617
10962,42,B+,4,3,2024-05-27,Routine,0.647
10963,41,O+,10,8,2024-12-01,Urgent,0.759
10964,58,A+,4,4,2022-01-21,Routine,0.919
10965,76,A+,5,4,2022-08-02,Routine,0.875
10966,73,O+,10,7,2023-12-24,Routine,0.709
10967,26,O+,5,3,2024-02-03,Urgent,0.613
10968,3,A+,3,2,2024-04-13,Urgent,0.709
10969,65,B+,10,9,2023-02-06,Routine,0.931
10970,46,AB+,5,4,2023-11-11,Urgent,0.79
10971,69,B+,7,5,2024-03-25,Routine,0.752
10972,45,B+,8,6,2023-10-08,Urgent,0.701
10973,27,O+,8,5,2023-06-27,Routine,0.625
10974,3,AB+,6,5,2022-11-10,Urgent,0.877
10975,9,O+,6,4,2024-08-12,Urgent,0.643
10976,56,A+,1,1,2022-11-02,Routine,0.824
10977,79,A-,4,2,2023-08-15,Routine,0.446
10978,51,A+,3,2,2022-04-25,Routine,0.629
10979,45,B+,6,4,2023-02-01,Emergency,0.657
10980,45,A+,7,6,2024-04-21,Urgent,0.806
10981,79,O-,6,2,2024-05-20,Routine,0.308
10982,33,A+,4,3,2022-03-09,Routine,0.696
10983,56,B+,10,7,2023-02-02,Routine,0.73
10984,75,O-,3,1,2024-03-08,Routine,0.291
10985,40,O+,9,7,2024-05-26,Urgent,0.734
10986,6,O+,8,7,2024-12-15,Urgent,0.901
10987,18,B+,6,5,2024-06-26,Routine,0.888
10988,66,B+,5,5,2024-04-19,Emergency,0.917
10989,28,A+,2,1,2023-03-20,Routine,0.656
10990,49,B+,5,3,2022-06-11,Routine,0.607
10991,48,B+,1,1,2024-07-16,Routine,0.939
10992,52,O+,7,5,2022-06-19,Routine,0.67
10993,60,O+,1,1,2023-10-25,Routine,0.736
10994,70,O+,4,3,2024-08-10,Routine,0.837
10995,27,A+,4,3,2022-01-15,Urgent,0.661
10996,43,B+,4,4,2024-07-24,Urgent,0.933
10997,16,B+,5,5,2023-04-28,Urgent,0.977
10998,57,A+,8,7,2022-11-19,Emergency,0.877
10999,27,A+,9,7,2022-06-20,Urgent,0.741
11000,69,O+,3,2,2022-08-15,Routine,0.767
11001,68,O-,4,2,2022-03-19,Routine,0.382
11002,39,AB-,10,6,2022-04-03,Urgent,0.557
11003,69,O+,8,5,2022-12-24,Routine,0.638
11004,18,A+,4,4,2023-06-13,Routine,0.958
11005,31,A+,8,5,2023-07-10,Emergency,0.669
11006,52,A+,6,4,2023-10-17,Urgent,0.695
11007,5,O+,10,5,2023-10-23,Emergency,0.51
11008,11,A+,8,6,2022-08-21,Urgent,0.775
11009,32,B+,1,1,2024-05-09,Routine,0.62
11010,3,A+,5,3,2022-08-08,Urgent,0.612
11011,13,A+,1,1,2024-05-03,Urgent,0.925
11012,51,O+,8,7,2024-10-28,Emergency,0.862
11013,34,AB+,1,1,2024-10-28,Urgent,0.977
11014,59,B+,9,7,2024-11-30,Routine,0.764
11015,68,B+,1,1,2022-11-23,Routine,0.839
11016,79,O+,8,7,2024-12-14,Routine,0.904
11017,44,A+,1,1,2023-06-20,Urgent,0.804
11018,17,AB+,7,5,2022-02-09,Routine,0.719
11019,62,A+,10,10,2023-10-06,Urgent,0.956
11020,62,O+,3,3,2024-08-16,Routine,0.932
11021,34,B+,9,8,2023-11-25,Routine,0.932
11022,72,A+,8,6,2024-06-12,Routine,0.699
11023,13,O+,6,5,2022-03-15,Routine,0.806
11024,13,O+,3,2,2023-02-07,Urgent,0.679
11025,11,O+,5,4,2024-08-16,Routine,0.72
11026,28,O+,4,4,2024-06-28,Routine,0.963
11027,42,O+,1,1,2022-05-02,Routine,0.682
11028,56,B+,7,5,2024-02-16,Emergency,0.737
11029,72,O+,1,1,2024-08-15,Emergency,0.722
11030,35,B+,7,4,2022-02-03,Routine,0.634
11031,17,B+,10,9,2022-09-27,Urgent,0.907
11032,41,O+,4,3,2022-10-31,Routine,0.707
11033,24,A+,2,2,2022-02-20,Routine,0.905
11034,23,O+,1,1,2023-10-31,Urgent,0.697
11035,44,B+,9,8,2024-08-07,Routine,0.94
11036,57,AB+,4,3,2023-09-11,Emergency,0.846
11037,55,B+,5,5,2024-03-08,Emergency,0.987
11038,67,O+,9,8,2024-07-04,Routine,0.872
11039,10,O+,9,7,2022-01-01,Emergency,0.763
11040,56,A+,3,2,2023-04-06,Routine,0.687
11041,42,O+,4,3,2022-06-23,Routine,0.631
11042,79,A+,10,7,2024-04-08,Routine,0.7
11043,50,O+,4,3,2022-04-16,Routine,0.812
11044,18,A+,6,4,2024-02-20,Urgent,0.62
11045,39,O+,1,1,2024-04-11,Routine,0.938
11046,47,O+,5,4,2022-08-04,Routine,0.734
11047,30,A+,8,5,2023-02-10,Routine,0.659
11048,34,O+,8,5,2022-01-16,Routine,0.627
11049,69,O-,8,3,2023-06-04,Routine,0.414
11050,48,O+,5,5,2022-06-16,Urgent,0.962
11051,38,A+,8,7,2023-09-30,Routine,0.87
11052,38,O+,10,9,2022-12-20,Routine,0.851
11053,31,B+,9,7,2024-12-27,Urgent,0.765
11054,60,O+,9,7,2023-12-10,Routine,0.821
11055,49,O+,8,5,2023-01-30,Routine,0.628
11056,65,A+,9,9,2024-09-11,Routine,0.993
11057,69,A+,1,1,2023-01-29,Urgent,0.64
11058,65,A+,7,6,2022-03-27,Urgent,0.878
11059,76,O+,5,3,2023-12-22,Routine,0.692
11060,59,A+,10,9,2023-07-10,Emergency,0.862
11061,30,A+,6,5,2024-07-05,Urgent,0.762
11062,6,O+,8,7,2024-04-03,Routine,0.896
11063,64,O+,5,5,2022-11-11,Routine,0.953
11064,52,O+,2,1,2022-06-18,Emergency,0.676
11065,27,AB+,1,1,2023-11-07,Routine,0.978
11066,53,B+,7,5,2024-09-18,Urgent,0.663
11067,15,A+,2,1,2022-10-20,Routine,0.72
11068,28,A+,6,5,2024-12-11,Routine,0.863
11069,57,O+,4,4,2024-09-19,Routine,0.962
11070,31,O+,7,5,2023-06-09,Routine,0.678
11071,44,B+,1,1,2024-11-06,Routine,0.794
11072,48,O-,4,2,2023-01-06,Emergency,0.478
11073,34,B+,5,5,2023-10-15,Routine,0.968
11074,55,AB+,5,5,2022-10-31,Urgent,0.907
11075,37,A-,6,3,2024-10-30,Emergency,0.551
11076,79,A+,4,3,2022-04-12,Emergency,0.806
11077,63,A+,6,6,2022-07-12,Urgent,0.992
11078,61,AB+,1,1,2023-08-23,Routine,0.752
11079,60,O+,5,3,2024-07-20,Routine,0.645
11080,29,AB+,3,2,2023-10-05,Urgent,0.638
11081,52,O+,7,6,2024-01-11,Urgent,0.923
11082,27,A+,8,6,2024-12-02,Emergency,0.748
11083,61,A+,3,3,2022-03-15,Routine,0.929
11084,40,A+,4,3,2022-11-21,Urgent,0.78
11085,65,A+,3,3,2022-12-15,Urgent,0.982
11086,56,O+,3,3,2024-06-17,Routine,0.843
11087,25,B+,6,4,2023-08-18,Routine,0.684
11088,56,B+,10,8,2022-01-09,Routine,0.753
11089,44,A+,10,6,2023-04-24,Routine,0.601
11090,54,B+,5,5,2022-04-06,Emergency,0.959
11091,23,O+,1,1,2023-04-08,Urgent,0.921
11092,64,O+,2,2,2022-08-07,Routine,0.771
11093,16,A+,10,8,2022-10-08,Urgent,0.805
11094,54,A+,7,6,2023-04-06,Emergency,0.839
11095,40,B+,3,2,2022-04-20,Emergency,0.73
11096,41,O+,1,1,2024-07-31,Routine,0.674
11097,36,AB+,8,7,2024-03-16,Routine,0.911
11098,26,O+,10,9,2023-09-20,Urgent,0.88
11099,26,O+,9,6,2022-03-29,Urgent,0.661
11100,21,B+,4,3,2022-11-15,Urgent,0.807
11101,12,B+,8,7,2023-02-05,Routine,0.902
11102,29,B+,9,7,2022-02-16,Routine,0.829
11103,14,O+,6,6,2022-11-12,Routine,0.959
11104,35,B+,2,2,2024-12-21,Routine,0.79
11105,64,B-,3,2,2024-10-22,Urgent,0.565
11106,12,O+,9,7,2024-08-04,Emergency,0.747
11107,50,A+,8,5,2024-07-16,Routine,0.617
11108,11,O+,8,5,2022-06-28,Emergency,0.658
11109,27,O+,6,4,2024-03-06,Routine,0.71
11110,14,A+,5,4,2024-04-10,Routine,0.822
11111,58,O+,6,4,2023-09-26,Urgent,0.629
11112,44,A+,1,1,2022-10-30,Routine,0.774
11113,33,O+,10,6,2024-07-08,Urgent,0.613
11114,73,A+,8,7,2024-12-15,Routine,0.892
11115,62,A+,2,2,2022-06-07,Emergency,0.842
11116,36,B+,1,1,2024-08-02,Routine,0.782
11117,77,A+,7,4,2022-05-27,Routine,0.617
11118,61,O+,8,5,2024-01-06,Emergency,0.686
11119,55,A+,2,2,2024-03-24,Urgent,0.938
11120,22,B+,4,3,2023-11-03,Urgent,0.826
11121,61,O+,7,6,2024-01-18,Urgent,0.832
11122,67,B-,6,2,2023-01-14,Routine,0.283
11123,56,A+,3,2,2023-01-16,Urgent,0.732
11124,18,O+,1,1,2024-04-19,Emergency,0.571
11125,76,O+,1,1,2024-04-16,Routine,0.864
11126,8,O+,6,4,2024-09-14,Routine,0.736
11127,53,O+,1,1,2024-02-07,Urgent,0.761
11128,27,O+,6,5,2022-03-15,Routine,0.848
11129,65,B-,9,2,2023-11-14,Routine,0.21
11130,41,B+,1,1,2024-12-11,Routine,0.786
11131,37,A+,5,4,2024-12-07,Urgent,0.839
11132,36,AB+,3,3,2023-09-23,Routine,0.84
11133,73,B+,9,7,2024-10-06,Routine,0.83
11134,1,B+,9,8,2024-10-01,Emergency,0.918
11135,47,O+,4,3,2022-08-02,Routine,0.805
11136,75,B+,3,2,2024-12-22,Urgent,0.809
11137,59,B+,8,8,2023-11-21,Emergency,0.995
11138,34,O-,4,1,2022-12-23,Routine,0.282
11139,16,A+,8,6,2024-09-09,Emergency,0.779
11140,56,B+,6,4,2022-08-05,Urgent,0.702
11141,12,O+,4,3,2022-01-01,Routine,0.695
11142,27,B+,1,1,2023-03-10,Urgent,0.718
11143,3,O+,9,8,2022-08-27,Routine,0.86
11144,69,B+,5,5,2022-07-24,Routine,0.994
11145,31,A+,5,4,2023-04-09,Emergency,0.81
11146,41,B+,2,2,2022-09-26,Urgent,0.927
11147,54,O+,1,1,2022-10-04,Urgent,0.961
11148,36,O+,8,5,2023-10-22,Emergency,0.594
11149,16,B+,3,3,2024-12-15,Urgent,0.927
11150,67,A+,7,7,2023-02-10,Routine,0.982
11151,30,O+,5,5,2023-03-09,Emergency,0.928
11152,64,O+,3,2,2022-07-16,Routine,0.606
11153,78,B+,4,3,2022-08-31,Emergency,0.868
11154,66,A+,10,8,2024-12-29,Routine,0.757
11155,3,O+,10,8,2023-10-02,Routine,0.843
11156,17,B+,10,10,2024-11-17,Emergency,0.984
11157,4,O+,3,2,2022-07-22,Routine,0.601
11158,40,B+,9,6,2023-03-09,Emergency,0.677
11159,48,O+,2,2,2022-03-03,Urgent,0.819
11160,36,B+,8,6,2022-09-08,Emergency,0.717
11161,52,B+,2,1,2022-07-08,Routine,0.732
11162,70,B+,10,7,2023-06-10,Urgent,0.712
11163,78,B+,8,8,2024-03-11,Urgent,0.947
11164,4,A+,5,3,2022-06-14,Routine,0.678
11165,50,A+,8,7,2024-08-05,Routine,0.899
11166,18,O+,3,3,2023-01-28,Routine,0.885
11167,76,B+,2,1,2024-07-30,Routine,0.677
11168,33,O+,3,3,2023-11-20,Urgent,0.952
11169,49,A-,4,2,2022-07-03,Urgent,0.508
11170,55,A+,2,2,2023-07-07,Emergency,0.894
11171,2,O+,1,1,2022-10-12,Routine,0.805
11172,37,A+,10,8,2024-09-09,Urgent,0.789
11173,68,B+,1,1,2022-08-02,Emergency,0.84
11174,18,O+,2,1,2023-04-05,Emergency,0.587
11175,16,B+,2,1,2023-04-26,Routine,0.639
11176,8,B+,1,1,2023-04-28,Urgent,0.823
11177,35,B+,1,1,2024-10-04,Emergency,0.894
11178,29,O+,2,2,2022-09-07,Routine,0.986
11179,24,A+,5,4,2022-09-07,Urgent,0.725
11180,39,O+,9,7,2022-07-25,Urgent,0.74
11181,43,O+,2,2,2023-08-09,Urgent,0.901
11182,27,O+,4,2,2024-10-03,Urgent,0.613
11183,60,B+,3,2,2023-11-05,Urgent,0.671
11184,3,O+,8,5,2022-10-11,Emergency,0.652
11185,33,A+,10,5,2022-08-15,Emergency,0.504
11186,13,A+,3,3,2023-04-11,Emergency,0.85
11187,76,O-,7,4,2024-06-11,Routine,0.558
11188,77,O+,2,1,2022-02-25,Routine,0.671
11189,69,O+,2,1,2022-01-17,Urgent,0.626
11190,48,O+,4,4,2024-02-11,Routine,0.897
11191,4,A-,2,1,2023-12-10,Urgent,0.27
11192,70,B+,4,3,2022-01-08,Routine,0.74
11193,64,A+,8,6,2023-04-15,Urgent,0.722
11194,25,O+,7,5,2023-10-22,Urgent,0.666
11195,20,O+,9,7,2022-05-22,Routine,0.784
11196,59,O+,7,7,2023-06-23,Urgent,0.96
11197,70,O-,9,4,2024-10-02,Emergency,0.411
11198,23,O+,6,4,2024-02-05,Emergency,0.634
11199,62,B+,8,7,2024-04-24,Urgent,0.83
11200,79,AB+,2,1,2022-04-12,Urgent,0.621
11201,27,O+,9,7,2022-01-03,Urgent,0.808
11202,12,O+,8,5,2022-06-03,Urgent,0.616
11203,25,AB+,2,1,2024-07-02,Urgent,0.649
11204,53,A+,8,5,2023-04-02,Routine,0.636
11205,29,B+,3,3,2022-02-05,Emergency,0.85
11206,11,O+,1,1,2022-02-02,Routine,0.984
11207,17,A+,9,6,2024-11-01,Routine,0.655
11208,59,A+,1,1,2022-10-13,Emergency,0.64
11209,31,A+,4,3,2023-05-20,Routine,0.688
11210,55,A+,3,2,2023-02-03,Routine,0.743
11211,70,B+,7,6,2024-07-06,Routine,0.89
11212,52,AB-,3,1,2024-03-12,Routine,0.409
11213,2,AB+,5,5,2022-10-29,Emergency,0.976
11214,33,A+,8,5,2022-02-07,Routine,0.636
11215,11,A+,5,3,2024-04-03,Routine,0.659
11216,38,O+,6,6,2022-04-27,Urgent,0.987
11217,8,O-,2,1,2024-03-06,Routine,0.588
11218,59,O+,7,6,2024-12-21,Urgent,0.808
11219,68,B+,6,4,2024-01-31,Emergency,0.638
11220,32,B+,3,3,2024-02-09,Urgent,0.863
11221,31,A+,9,6,2022-12-29,Urgent,0.694
11222,66,B+,1,1,2023-11-17,Routine,0.958
11223,3,O+,8,4,2023-09-17,Emergency,0.535
11224,72,A+,9,6,2024-11-10,Routine,0.712
11225,78,O+,1,1,2023-10-11,Routine,0.749
11226,41,A+,9,8,2023-04-28,Routine,0.883
11227,8,B+,3,3,2023-05-17,Routine,0.879
11228,69,B+,7,5,2022-09-23,Routine,0.719
11229,56,A+,2,2,2023-03-25,Routine,0.78
11230,4,A+,4,3,2022-12-26,Emergency,0.798
11231,55,A+,2,2,2024-02-03,Urgent,0.935
11232,71,O+,6,5,2024-12-12,Urgent,0.845
11233,72,A+,1,1,2022-06-23,Routine,0.611
11234,14,O+,9,8,2024-03-31,Routine,0.882
11235,69,O+,6,5,2022-05-28,Routine,0.78
11236,47,B+,5,4,2023-04-21,Routine,0.726
11237,61,O+,2,2,2024-07-01,Routine,0.949
11238,37,A+,9,6,2024-01-13,Routine,0.684
11239,78,B-,10,6,2024-10-30,Routine,0.645
11240,12,O+,5,4,2023-02-24,Routine,0.861
11241,71,O+,7,6,2024-01-22,Routine,0.813
11242,11,O+,6,5,2023-06-28,Routine,0.8
11243,69,B-,4,2,2024-12-02,Urgent,0.457
11244,50,O+,1,1,2023-12-25,Urgent,0.885
11245,52,A+,5,4,2024-06-12,Routine,0.744
11246,11,A-,2,1,2022-06-16,Routine,0.355
11247,54,A+,2,2,2022-03-19,Routine,0.948
11248,33,B+,10,7,2022-05-04,Urgent,0.671
11249,26,O+,1,1,2023-09-25,Urgent,0.611
11250,7,O+,10,10,2023-07-07,Emergency,0.978
11251,5,O+,4,3,2022-05-14,Urgent,0.786
11252,60,A+,3,2,2022-01-24,Emergency,0.592
11253,20,A+,4,3,2022-01-31,Routine,0.715
11254,3,B+,1,1,2022-02-24,Routine,0.673
11255,69,O+,6,5,2023-03-24,Urgent,0.872
11256,14,AB+,5,4,2023-06-03,Routine,0.82
11257,11,A+,5,4,2022-04-28,Routine,0.859
11258,32,O+,2,2,2024-09-14,Routine,0.872
11259,32,O+,3,3,2022-08-27,Routine,0.961
11260,41,A+,9,6,2022-08-16,Routine,0.639
11261,37,A+,10,10,2023-06-15,Urgent,0.966
11262,27,O+,7,6,2024-03-07,Urgent,0.813
11263,19,O+,7,7,2024-06-12,Urgent,0.94
11264,2,A+,3,2,2022-03-02,Routine,0.825
11265,24,O+,3,2,2023-12-04,Routine,0.644
11266,74,O+,6,5,2024-02-10,Routine,0.827
11267,35,B+,2,1,2024-12-07,Routine,0.612
11268,26,O+,6,6,2022-01-10,Urgent,0.959
11269,18,O+,4,3,2023-07-12,Routine,0.841
11270,52,A+,5,5,2023-10-29,Urgent,0.935
11271,75,A-,9,4,2024-08-21,Urgent,0.463
11272,79,O+,5,4,2024-07-24,Routine,0.833
11273,26,B+,1,1,2023-12-27,Routine,0.618
11274,71,O+,1,1,2024-03-16,Routine,0.814
11275,14,O-,9,5,2022-02-15,Urgent,0.564
11276,61,A+,9,7,2022-10-02,Urgent,0.807
11277,59,O+,1,1,2024-09-12,Routine,0.892
11278,59,O+,2,2,2023-05-03,Urgent,0.899
11279,47,B+,8,6,2022-10-31,Routine,0.802
11280,43,B+,6,4,2024-12-09,Routine,0.64
11281,36,O+,2,2,2023-07-29,Routine,0.998
11282,66,O+,10,7,2024-06-22,Urgent,0.718
11283,16,O+,9,8,2023-09-05,Urgent,0.927
11284,8,B+,2,1,2022-09-24,Urgent,0.74
11285,48,B+,2,2,2022-05-12,Routine,0.801
11286,38,B-,2,1,2022-04-11,Emergency,0.603
11287,60,O+,6,4,2022-07-09,Routine,0.632
11288,80,O+,1,1,2022-11-11,Routine,0.671
11289,70,A+,7,7,2024-11-21,Urgent,0.983
11290,32,O+,8,6,2024-11-16,Urgent,0.717
11291,32,O+,8,6,2024-09-04,Emergency,0.759
11292,20,B+,6,4,2022-10-18,Emergency,0.664
11293,47,O+,10,9,2022-04-11,Routine,0.889
11294,44,O+,4,4,2022-12-22,Emergency,0.91
11295,19,A+,8,6,2022-05-05,Routine,0.737
11296,74,B+,10,8,2022-08-24,Routine,0.75
11297,64,O+,2,2,2022-09-03,Urgent,0.895
11298,21,A+,6,5,2024-06-28,Urgent,0.891
11299,37,O+,9,7,2022-04-29,Routine,0.816
11300,20,O-,9,6,2022-10-13,Emergency,0.637
11301,51,B+,3,3,2023-09-03,Routine,0.948
11302,51,B+,6,4,2024-02-29,Routine,0.672
11303,16,O+,9,7,2022-10-22,Routine,0.808
11304,75,A+,3,3,2024-01-14,Routine,0.884
11305,37,A+,5,5,2023-10-31,Urgent,0.992
11306,70,A+,3,2,2024-06-29,Routine,0.758
11307,50,O+,3,2,2022-06-04,Routine,0.762
11308,25,A+,7,4,2022-01-24,Routine,0.641
11309,4,O+,2,2,2022-05-05,Routine,0.786
11310,9,A+,8,7,2023-05-13,Routine,0.842
11311,47,A+,9,7,2023-02-17,Routine,0.764
11312,30,A+,2,2,2024-12-08,Urgent,0.85
11313,28,A+,4,3,2022-03-14,Urgent,0.75
11314,19,O+,9,7,2023-07-13,Routine,0.799
11315,21,O+,8,7,2023-05-12,Routine,0.89
11316,22,A+,5,4,2023-03-06,Routine,0.768
11317,70,A+,7,4,2024-03-12,Urgent,0.607
11318,50,B+,10,7,2024-06-29,Routine,0.732
11319,33,O+,7,6,2022-04-14,Urgent,0.817
11320,75,O+,5,4,2022-06-14,Routine,0.818
11321,25,O+,10,10,2024-11-29,Routine,0.962
11322,15,B+,9,7,2023-02-21,Routine,0.827
11323,77,O+,6,4,2022-04-29,Routine,0.635
11324,18,AB+,3,2,2024-07-31,Routine,0.78
11325,63,O+,6,5,2022-01-20,Routine,0.893
11326,4,O+,6,5,2024-05-30,Urgent,0.901
11327,54,O+,1,1,2023-10-15,Routine,0.954
11328,47,O+,9,9,2023-04-03,Routine,0.988
11329,43,O+,1,1,2022-05-17,Routine,0.639
11330,66,AB+,3,2,2024-06-23,Routine,0.617
11331,18,O+,2,1,2024-05-23,Routine,0.674
11332,20,AB+,2,2,2023-01-01,Urgent,0.975
11333,66,B-,9,2,2024-06-29,Urgent,0.254
11334,67,O+,2,2,2023-02-10,Routine,0.942
11335,54,B+,6,4,2023-12-13,Routine,0.672
11336,35,AB+,4,3,2024-02-28,Routine,0.811
11337,18,O-,9,3,2022-01-03,Urgent,0.301
11338,39,B+,9,9,2022-09-18,Emergency,0.951
11339,27,O+,5,4,2024-09-25,Urgent,0.828
11340,39,B+,7,6,2023-08-22,Routine,0.848
11341,57,B+,6,4,2023-08-03,Urgent,0.624
11342,64,O+,8,7,2024-07-11,Emergency,0.9
11343,45,O+,10,10,2022-07-25,Routine,0.972
11344,17,O+,1,1,2023-12-23,Routine,0.789
11345,39,AB+,9,6,2022-06-04,Routine,0.683
11346,55,A+,7,6,2022-07-19,Routine,0.859
11347,18,O+,7,5,2023-12-26,Urgent,0.662
11348,80,O+,8,6,2024-05-09,Routine,0.694
11349,40,O+,6,5,2023-08-07,Routine,0.816
11350,66,A+,7,5,2022-05-15,Routine,0.677
11351,8,B+,10,8,2022-12-08,Routine,0.819
11352,69,B-,4,2,2022-05-30,Urgent,0.41
11353,44,B+,10,7,2022-06-27,Routine,0.653
11354,62,B+,10,8,2023-06-22,Urgent,0.819
11355,54,A+,6,5,2022-04-26,Routine,0.855
11356,9,O+,3,3,2023-11-01,Emergency,0.895
11357,18,O+,3,3,2023-01-24,Routine,0.893
11358,39,A+,1,1,2022-07-08,Emergency,0.755
11359,20,O+,4,3,2024-08-14,Routine,0.733
11360,14,A+,6,5,2023-08-17,Routine,0.903
11361,20,O+,5,3,2023-12-02,Emergency,0.623
11362,47,B+,9,7,2023-12-29,Routine,0.76
11363,33,A+,5,5,2022-11-16,Urgent,0.922
11364,7,O+,3,2,2022-03-24,Urgent,0.75
11365,66,B+,9,9,2022-02-16,Routine,0.956
11366,2,A+,10,8,2022-07-19,Emergency,0.815
11367,44,O+,3,3,2023-07-30,Routine,0.897
11368,41,A+,3,2,2022-10-27,Urgent,0.72
11369,5,B+,3,2,2023-08-18,Routine,0.754
11370,4,O+,2,2,2023-08-02,Routine,0.753
11371,6,B+,2,1,2024-12-09,Urgent,0.742
11372,27,O+,7,7,2023-08-31,Routine,1.0
11373,9,B+,6,4,2022-03-07,Urgent,0.722
11374,41,B+,4,4,2022-04-24,Routine,0.956
11375,56,O+,3,3,2023-06-23,Urgent,0.896
11376,26,B+,8,7,2023-10-07,Routine,0.823
11377,23,A+,1,1,2022-03-16,Emergency,0.958
11378,48,O+,9,8,2024-11-30,Urgent,0.834
11379,13,B+,4,4,2022-06-20,Routine,0.961
11380,80,O+,1,1,2022-09-07,Routine,0.917
11381,78,O+,10,7,2022-11-06,Urgent,0.662
11382,40,O+,10,9,2022-06-26,Routine,0.876
11383,51,O+,8,6,2022-11-16,Routine,0.708
11384,9,A+,1,1,2022-01-10,Urgent,0.994
11385,57,B+,8,7,2024-02-26,Routine,0.911
11386,54,AB+,3,2,2024-03-23,Emergency,0.826
11387,52,AB+,5,3,2022-11-19,Urgent,0.656
11388,63,A+,9,6,2024-07-09,Urgent,0.621
11389,11,A+,7,7,2023-09-13,Emergency,0.983
11390,49,B+,9,5,2023-10-15,Emergency,0.504
11391,43,O+,5,4,2023-12-25,Routine,0.783
11392,74,AB+,1,1,2022-08-12,Emergency,0.759
11393,13,O+,1,1,2023-11-17,Urgent,0.826
11394,36,A+,3,3,2024-02-04,Urgent,0.899
11395,30,O+,5,5,2022-05-10,Routine,0.99
11396,42,O+,10,6,2022-04-04,Urgent,0.627
11397,11,B+,8,5,2024-12-05,Urgent,0.605
11398,66,B+,1,1,2023-05-15,Urgent,0.69
11399,24,AB-,7,4,2023-07-06,Emergency,0.624
11400,20,B+,10,7,2024-05-15,Urgent,0.679
11401,67,AB+,3,2,2022-09-07,Urgent,0.656
11402,55,O+,10,9,2024-06-28,Urgent,0.883
11403,29,O+,5,4,2023-07-25,Urgent,0.864
11404,74,O+,10,6,2024-04-15,Routine,0.605
11405,44,O+,3,3,2023-03-02,Urgent,0.923
11406,50,B+,5,5,2024-11-26,Routine,0.987
11407,60,O+,1,1,2024-08-26,Urgent,0.851
11408,36,A+,2,2,2024-11-23,Routine,0.804
11409,56,O+,3,3,2022-09-05,Urgent,0.858
11410,24,O+,5,4,2023-03-30,Routine,0.796
11411,64,AB+,10,9,2023-04-02,Urgent,0.873
11412,41,AB+,4,3,2024-04-25,Routine,0.73
11413,47,A+,9,7,2023-01-07,Urgent,0.831
11414,11,O+,4,4,2022-03-27,Routine,0.93
11415,44,A+,9,7,2022-02-16,Routine,0.728
11416,60,O+,4,2,2024-08-18,Routine,0.608
11417,55,A+,4,3,2024-09-01,Urgent,0.84
11418,35,A+,10,10,2023-01-03,Routine,0.984
11419,35,O+,1,1,2023-08-02,Urgent,0.604
11420,75,O+,5,3,2022-04-23,Urgent,0.627
11421,59,O+,10,8,2024-11-12,Urgent,0.764
11422,76,O+,9,7,2022-12-29,Routine,0.752
11423,53,A+,10,7,2022-02-11,Urgent,0.724
11424,38,O+,6,4,2024-01-24,Routine,0.615
11425,69,B+,10,8,2024-09-25,Urgent,0.836
11426,14,O+,1,1,2022-12-29,Emergency,0.968
11427,39,A+,1,1,2024-05-23,Routine,0.666
11428,21,A+,9,8,2023-09-23,Routine,0.856
11429,40,B+,10,7,2022-01-14,Urgent,0.744
11430,58,O+,1,1,2023-08-02,Routine,0.636
11431,4,AB+,10,6,2024-09-20,Routine,0.621
11432,53,O+,8,8,2024-08-07,Urgent,0.942
11433,33,O+,9,6,2024-05-08,Routine,0.641
11434,68,O+,2,2,2022-08-22,Urgent,0.841
11435,42,B+,4,3,2022-06-15,Routine,0.638
11436,52,B+,7,5,2022-12-14,Routine,0.724
11437,54,A+,8,8,2022-09-16,Routine,0.95
11438,68,O+,4,4,2022-09-16,Emergency,0.935
11439,17,O+,2,2,2023-09-18,Routine,0.822
11440,48,O+,10,8,2022-07-29,Routine,0.8
11441,7,B+,5,4,2024-09-20,Routine,0.888
11442,1,A+,9,6,2024-03-19,Emergency,0.624
11443,49,A+,9,8,2024-09-09,Urgent,0.863
11444,63,AB+,5,5,2024-03-12,Routine,0.91
11445,22,O+,9,8,2022-12-28,Urgent,0.89
11446,21,A+,10,7,2023-10-11,Routine,0.67
11447,73,B+,2,2,2023-08-31,Routine,0.76
11448,3,A+,4,4,2023-03-25,Urgent,0.895
11449,36,O-,7,2,2022-02-28,Routine,0.275
11450,76,B+,3,3,2024-11-23,Urgent,0.927
11451,47,O+,7,5,2022-01-08,Urgent,0.77
11452,67,O+,3,3,2024-02-13,Urgent,0.888
11453,62,A+,4,3,2024-03-28,Routine,0.859
11454,22,O+,7,5,2023-02-22,Routine,0.685
11455,1,O+,8,5,2022-07-23,Urgent,0.645
11456,36,B+,2,2,2022-04-17,Urgent,0.757
11457,37,A+,9,7,2022-01-31,Routine,0.796
11458,73,B+,4,3,2023-12-15,Routine,0.752
11459,33,O+,2,2,2024-09-18,Urgent,0.905
11460,44,A+,9,8,2024-04-26,Routine,0.893
11461,8,A+,5,3,2023-06-10,Urgent,0.68
11462,40,B-,2,1,2023-10-22,Urgent,0.424
11463,61,A+,5,4,2023-10-02,Routine,0.776
11464,34,B+,9,6,2023-10-06,Routine,0.717
11465,29,A-,2,1,2024-07-25,Urgent,0.657
11466,71,A-,10,3,2023-07-07,Routine,0.343
11467,3,O+,10,8,2023-12-14,Routine,0.772
11468,45,O+,6,4,2023-06-05,Urgent,0.695
11469,54,O+,9,7,2023-08-13,Urgent,0.809
11470,28,AB+,5,4,2023-11-04,Urgent,0.82
11471,52,O+,3,2,2022-02-09,Emergency,0.602
11472,27,AB+,8,6,2022-12-02,Routine,0.699
11473,13,B+,1,1,2024-10-06,Urgent,0.869
11474,24,AB+,2,1,2024-11-18,Routine,0.661
11475,30,O+,2,2,2024-08-20,Urgent,0.77
11476,23,A+,7,4,2022-08-28,Urgent,0.63
11477,20,AB+,1,1,2022-07-16,Routine,0.816
11478,72,B+,8,6,2024-11-12,Urgent,0.704
11479,30,O+,3,2,2023-12-20,Routine,0.657
11480,5,AB+,3,2,2024-11-25,Urgent,0.606
11481,21,O-,3,1,2022-04-20,Routine,0.452
11482,53,O+,9,7,2022-01-14,Routine,0.811
11483,14,B+,3,3,2023-11-23,Routine,0.989
11484,14,A+,5,3,2023-06-11,Emergency,0.525
11485,29,A-,10,6,2023-12-15,Routine,0.624
11486,80,AB+,10,10,2022-12-18,Routine,0.986
11487,25,O+,9,6,2022-05-28,Urgent,0.663
11488,60,B+,6,4,2022-11-17,Routine,0.614
11489,33,O+,8,7,2022-02-16,Routine,0.839
11490,35,O+,1,1,2022-10-08,Urgent,0.837
11491,26,O+,7,5,2024-04-10,Urgent,0.66
11492,9,AB+,6,4,2024-08-23,Urgent,0.714
11493,4,AB+,2,2,2024-03-03,Routine,0.861
11494,77,B+,5,4,2024-04-21,Routine,0.751
11495,20,A-,6,1,2024-02-19,Urgent,0.226
11496,32,O+,7,6,2024-03-24,Routine,0.797
11497,35,O+,10,7,2022-10-19,Routine,0.723
11498,43,O+,7,6,2024-05-26,Routine,0.827
11499,53,O+,1,1,2024-07-27,Urgent,0.876
11500,55,A+,10,7,2023-01-08,Routine,0.673
11501,39,AB+,5,4,2022-05-30,Routine,0.866
11502,33,B+,7,6,2024-08-13,Routine,0.856
11503,15,O+,8,5,2024-09-27,Routine,0.609
11504,18,O+,10,6,2023-09-30,Emergency,0.631
11505,42,O+,8,7,2022-05-05,Routine,0.93
11506,25,O+,3,3,2023-04-21,Urgent,0.912
11507,76,B+,9,6,2022-03-30,Emergency,0.662
11508,25,O+,5,3,2023-03-03,Routine,0.652
11509,54,O+,9,8,2024-09-08,Urgent,0.932
11510,49,O+,3,2,2024-11-08,Emergency,0.578
11511,36,B+,10,9,2022-08-27,Urgent,0.866
11512,14,B+,9,5,2022-08-24,Emergency,0.572
11513,41,O+,10,7,2023-07-02,Urgent,0.727
11514,67,B+,8,7,2023-11-29,Routine,0.88
11515,74,O+,2,2,2022-08-19,Urgent,0.936
11516,50,B+,3,3,2024-04-27,Emergency,0.883
11517,74,O+,2,1,2023-03-12,Urgent,0.643
11518,73,O+,8,6,2022-03-23,Emergency,0.702
11519,37,A+,10,7,2022-02-23,Routine,0.666
11520,61,A+,8,5,2024-09-16,Routine,0.622
11521,3,A+,1,1,2023-05-01,Routine,0.979
11522,47,O+,10,9,2024-03-23,Urgent,0.943
11523,7,O+,1,1,2023-10-07,Routine,0.876
11524,26,O+,7,6,2023-01-25,Routine,0.887
11525,32,O-,3,2,2022-09-27,Urgent,0.589
11526,49,A+,10,7,2023-02-23,Routine,0.702
11527,38,AB+,6,4,2022-08-17,Urgent,0.651
11528,28,A-,9,2,2024-12-01,Routine,0.255
11529,54,O+,5,4,2022-04-03,Routine,0.891
11530,16,O+,10,8,2023-05-05,Urgent,0.765
11531,23,O+,8,6,2022-09-11,Routine,0.764
11532,57,A-,10,5,2022-08-01,Urgent,0.48
11533,79,B+,10,7,2022-09-07,Emergency,0.656
11534,32,O+,2,2,2023-07-17,Routine,0.768
11535,27,O+,3,2,2022-10-23,Routine,0.816
11536,24,O+,6,5,2022-11-25,Urgent,0.767
11537,66,O+,2,2,2022-12-16,Urgent,0.988
11538,55,B+,2,1,2024-10-05,Routine,0.636
11539,8,A+,7,4,2022-10-13,Emergency,0.612
11540,78,B+,8,7,2024-06-30,Emergency,0.877
11541,18,O+,3,2,2022-08-07,Routine,0.691
11542,6,A+,6,6,2022-12-12,Routine,0.957
11543,40,O+,4,3,2024-10-19,Routine,0.871
11544,39,O+,10,8,2022-09-10,Urgent,0.784
11545,77,O+,10,7,2024-07-19,Routine,0.724
11546,10,A+,8,5,2022-06-23,Routine,0.687
11547,8,A+,5,3,2023-05-07,Routine,0.626
11548,41,B+,9,9,2022-09-05,Routine,0.96
11549,76,O+,5,5,2024-05-24,Routine,0.966
11550,74,O+,10,9,2022-06-17,Routine,0.854
11551,32,AB+,5,4,2024-02-13,Routine,0.748
11552,50,B+,1,1,2022-08-08,Routine,0.794
11553,39,O+,2,1,2024-07-14,Urgent,0.649
11554,65,O+,4,3,2023-08-21,Urgent,0.812
11555,59,O+,7,6,2024-08-29,Routine,0.8
11556,63,A-,6,2,2023-07-19,Routine,0.335
11557,5,B+,7,5,2023-09-29,Routine,0.709
11558,49,A+,7,6,2023-07-07,Routine,0.803
11559,21,B+,6,4,2024-02-23,Urgent,0.61
11560,69,B-,6,3,2023-08-23,Emergency,0.551
11561,48,A+,2,2,2024-01-18,Routine,0.972
11562,47,A+,4,3,2022-07-30,Urgent,0.811
11563,12,A+,9,7,2023-02-25,Routine,0.76
11564,51,A+,1,1,2022-06-05,Urgent,0.771
11565,45,A+,1,1,2023-08-27,Routine,0.634
11566,1,B+,9,9,2024-04-05,Routine,0.998
11567,42,O+,7,6,2024-02-08,Urgent,0.845
11568,40,A+,7,4,2022-06-21,Urgent,0.605
11569,12,B+,10,8,2022-01-08,Routine,0.784
11570,80,O+,5,3,2023-12-19,Routine,0.695
11571,35,O+,5,4,2024-08-02,Routine,0.735
11572,4,AB+,1,1,2022-12-02,Urgent,0.633
11573,23,O+,10,9,2024-02-20,Routine,0.859
11574,43,A+,6,4,2023-07-13,Routine,0.604
11575,9,O+,2,2,2022-07-19,Emergency,0.913
11576,56,A+,9,7,2022-09-09,Routine,0.817
11577,49,O-,5,2,2024-03-27,Routine,0.304
11578,56,O+,6,4,2024-07-28,Urgent,0.614
11579,10,B+,10,6,2024-08-25,Emergency,0.615
11580,5,O+,6,4,2024-12-11,Emergency,0.634
11581,44,O+,10,7,2024-02-02,Emergency,0.701
11582,60,B+,5,4,2023-02-21,Routine,0.894
11583,22,B+,4,3,2023-04-02,Urgent,0.78
11584,77,A+,9,8,2023-10-11,Urgent,0.921
11585,63,O+,2,2,2024-08-21,Urgent,0.75
11586,14,O+,8,7,2022-06-03,Routine,0.91
11587,70,B+,4,3,2022-12-21,Emergency,0.645
11588,8,O+,5,3,2022-08-07,Urgent,0.685
11589,7,B+,6,5,2022-09-02,Routine,0.889
11590,9,B+,3,3,2024-03-11,Emergency,0.919
11591,23,A+,8,6,2024-09-19,Urgent,0.791
11592,6,A+,9,6,2024-12-01,Routine,0.629
11593,56,O+,5,4,2022-10-12,Urgent,0.837
11594,74,B+,4,3,2024-04-08,Emergency,0.787
11595,73,A+,2,2,2023-02-01,Urgent,0.976
11596,60,B+,2,2,2024-02-28,Routine,0.969
11597,22,O+,8,6,2024-10-08,Urgent,0.709
11598,66,A+,7,7,2024-12-03,Emergency,0.939
11599,56,B+,10,7,2022-09-07,Urgent,0.694
11600,80,O+,6,5,2024-07-22,Urgent,0.91
11601,20,AB+,5,4,2024-10-26,Routine,0.858
11602,36,O+,9,8,2023-04-28,Urgent,0.9
11603,5,O+,5,5,2022-07-29,Routine,0.938
11604,40,B+,7,6,2022-05-04,Routine,0.791
11605,12,O-,7,3,2022-06-22,Routine,0.479
11606,17,B+,3,3,2022-03-23,Urgent,0.985
11607,66,B+,9,8,2023-08-03,Routine,0.859
11608,20,A+,3,3,2024-11-12,Emergency,0.918
11609,77,O+,4,4,2024-12-07,Routine,0.902
11610,62,A-,7,3,2023-10-03,Routine,0.406
11611,20,O+,8,5,2024-07-07,Urgent,0.674
11612,15,B+,6,5,2024-05-19,Urgent,0.801
11613,43,O+,10,8,2023-12-14,Urgent,0.762
11614,72,A+,2,1,2024-11-23,Urgent,0.733
11615,71,B+,8,7,2023-07-27,Routine,0.873
11616,47,O+,10,7,2023-11-13,Urgent,0.732
11617,36,O+,9,5,2023-12-23,Routine,0.61
11618,68,O+,8,7,2023-11-27,Routine,0.909
11619,66,AB+,1,1,2023-05-26,Routine,0.853
11620,38,B+,7,6,2024-01-19,Emergency,0.836
11621,61,B-,9,4,2024-04-03,Routine,0.464
11622,57,O+,9,5,2022-06-07,Routine,0.609
11623,6,A+,1,1,2022-04-11,Urgent,0.904
11624,13,O-,4,3,2023-10-31,Routine,0.646
11625,36,O-,5,1,2022-11-18,Urgent,0.266
11626,31,B+,9,6,2023-08-29,Urgent,0.671
11627,6,A+,2,1,2022-08-06,Emergency,0.727
11628,46,O+,6,5,2022-11-05,Emergency,0.851
11629,49,A+,4,3,2022-12-24,Routine,0.677
11630,37,O+,1,1,2023-06-27,Routine,0.932
11631,78,O+,3,2,2023-06-18,Routine,0.833
11632,80,A+,7,5,2024-03-04,Routine,0.644
11633,45,AB+,4,3,2022-02-07,Emergency,0.722
11634,76,O+,7,5,2022-02-18,Urgent,0.699
11635,64,O+,1,1,2023-12-08,Emergency,0.725
11636,63,O-,10,6,2022-08-06,Routine,0.585
11637,4,O+,4,2,2023-02-24,Routine,0.607
11638,13,AB+,7,6,2023-09-04,Emergency,0.905
11639,18,A-,9,4,2022-11-09,Routine,0.458
11640,17,B+,3,2,2022-11-15,Urgent,0.802
11641,63,AB+,8,6,2022-06-12,Emergency,0.779
11642,8,O+,3,3,2022-11-15,Routine,0.998
11643,38,B+,2,2,2022-08-08,Routine,0.973
11644,50,O+,5,4,2024-11-27,Urgent,0.769
11645,63,O+,6,4,2022-04-14,Urgent,0.609
11646,74,A+,6,5,2023-10-02,Urgent,0.904
11647,10,O+,1,1,2022-08-18,Urgent,0.778
11648,4,A+,7,7,2024-06-02,Routine,0.986
11649,75,O+,6,5,2024-11-06,Emergency,0.783
11650,35,A+,4,3,2024-09-02,Routine,0.661
11651,68,O+,9,9,2024-08-22,Routine,0.971
11652,43,AB+,7,5,2022-02-11,Routine,0.776
11653,26,AB+,8,6,2024-03-09,Routine,0.761
11654,36,A+,1,1,2024-01-03,Urgent,0.895
11655,17,A+,2,1,2023-12-06,Emergency,0.531
11656,41,A+,2,2,2023-04-14,Routine,0.933
11657,45,O+,5,5,2022-01-02,Routine,0.96
11658,10,O+,7,5,2024-04-12,Routine,0.647
11659,15,A+,7,7,2024-12-30,Urgent,0.941
11660,41,O+,7,5,2023-07-05,Routine,0.77
11661,18,B+,3,2,2022-07-22,Urgent,0.697
11662,65,A-,3,1,2023-03-14,Routine,0.226
11663,58,O+,6,6,2024-10-15,Routine,0.987
11664,55,A+,4,3,2023-03-22,Urgent,0.774
11665,3,O+,6,6,2024-10-10,Emergency,0.983
11666,33,B+,10,6,2022-01-20,Routine,0.634
11667,37,B+,7,6,2023-11-09,Urgent,0.804
11668,55,O-,8,2,2024-06-29,Routine,0.207
11669,3,A+,10,8,2023-05-07,Routine,0.786
11670,53,B-,9,5,2022-11-15,Emergency,0.589
11671,15,O+,2,1,2024-02-26,Urgent,0.605
11672,7,A+,8,5,2022-05-03,Routine,0.623
11673,2,B+,3,2,2022-07-06,Urgent,0.821
11674,10,B+,5,3,2024-09-21,Urgent,0.64
11675,70,B+,1,1,2024-06-28,Routine,0.887
11676,48,A+,3,2,2024-09-28,Routine,0.718
11677,41,O+,4,3,2023-09-01,Routine,0.757
11678,59,O+,8,8,2023-06-20,Routine,0.97
11679,1,A+,3,2,2023-12-27,Emergency,0.775
11680,28,B+,1,1,2024-07-11,Urgent,0.761
11681,43,A+,5,5,2023-02-28,Routine,0.924
11682,16,B+,10,8,2023-05-20,Urgent,0.789
11683,64,B+,2,2,2023-12-05,Routine,0.909
11684,46,O+,8,6,2023-07-03,Emergency,0.694
11685,68,O+,3,2,2024-11-01,Urgent,0.706
11686,40,A+,7,4,2023-03-07,Emergency,0.623
11687,10,A+,2,2,2023-07-19,Routine,0.926
11688,15,O+,4,3,2024-04-12,Routine,0.85
11689,37,B+,10,9,2022-10-06,Routine,0.937
11690,64,A+,10,10,2023-01-02,Routine,0.969
11691,28,A-,8,4,2024-10-06,Urgent,0.525
11692,1,A+,8,5,2024-12-02,Urgent,0.673
11693,38,B+,1,1,2023-06-27,Routine,0.964
11694,61,O+,2,2,2023-12-12,Routine,0.868
11695,58,A+,9,5,2023-03-27,Emergency,0.553
11696,47,A+,9,5,2024-01-08,Emergency,0.512
11697,35,AB+,4,3,2022-07-31,Emergency,0.627
11698,33,O+,10,8,2023-03-03,Urgent,0.764
11699,71,O+,1,1,2022-07-22,Urgent,0.872
11700,56,A+,5,3,2024-11-08,Urgent,0.677
11701,50,B+,10,9,2022-08-27,Emergency,0.868
11702,15,A+,1,1,2023-06-05,Routine,0.934
11703,66,A+,3,2,2023-10-02,Urgent,0.811
11704,55,O+,4,3,2024-12-21,Routine,0.794
11705,36,B+,5,4,2023-09-17,Urgent,0.84
11706,6,B+,5,4,2022-07-15,Routine,0.77
11707,46,O+,7,6,2024-11-24,Routine,0.886
11708,11,O+,10,6,2023-08-10,Urgent,0.635
11709,4,A+,4,4,2024-05-31,Urgent,0.997
11710,68,B+,6,4,2024-12-16,Emergency,0.637
11711,50,A+,2,2,2022-02-15,Emergency,0.827
11712,57,B+,8,8,2023-03-20,Urgent,0.972
11713,66,A+,2,1,2023-04-17,Urgent,0.65
11714,67,A+,8,4,2022-03-21,Emergency,0.519
11715,66,A-,10,3,2022-02-05,Emergency,0.342
11716,40,O+,4,3,2023-10-17,Routine,0.633
11717,51,O+,3,2,2023-04-08,Urgent,0.721
11718,78,O+,8,4,2024-02-04,Emergency,0.541
11719,12,AB+,3,3,2023-02-03,Routine,0.91
11720,68,B+,6,5,2024-04-25,Routine,0.875
11721,14,B+,9,8,2023-12-04,Routine,0.88
11722,69,A+,6,4,2023-08-05,Emergency,0.69
11723,46,O+,8,8,2023-07-12,Routine,0.972
11724,14,O+,2,1,2023-05-08,Routine,0.67
11725,80,O+,3,2,2023-06-01,Routine,0.71
11726,72,B+,8,5,2024-03-26,Urgent,0.635
11727,12,B+,9,9,2023-10-14,Urgent,0.949
11728,25,A+,9,7,2024-04-02,Routine,0.809
11729,61,O+,5,4,2023-04-19,Emergency,0.717
11730,34,A+,1,1,2024-02-10,Routine,0.905
11731,26,B+,9,9,2023-09-04,Routine,0.964
11732,6,O+,4,4,2023-02-01,Routine,0.964
11733,70,O+,5,3,2024-03-25,Routine,0.602
11734,42,A+,10,8,2022-02-13,Urgent,0.808
11735,40,AB+,1,1,2023-12-11,Emergency,0.73
11736,36,O+,6,6,2022-08-31,Urgent,0.928
11737,49,B+,5,4,2022-02-16,Routine,0.887
11738,38,A+,2,1,2023-05-23,Routine,0.626
11739,66,A+,4,4,2022-01-04,Urgent,0.946
11740,1,A+,4,4,2024-12-18,Routine,0.957
11741,10,A+,1,1,2024-02-18,Urgent,0.748
11742,22,B+,10,9,2022-06-27,Urgent,0.867
11743,63,A+,2,1,2023-05-15,Urgent,0.711
11744,7,B+,2,2,2024-02-09,Urgent,0.822
11745,48,B+,6,5,2024-04-15,Urgent,0.913
11746,13,O+,5,5,2023-07-31,Urgent,0.948
11747,26,AB+,2,2,2022-01-04,Routine,0.849
11748,44,O+,10,8,2022-04-20,Routine,0.808
11749,35,O+,3,2,2024-02-13,Emergency,0.732
11750,32,O+,3,3,2024-06-20,Routine,0.892
11751,71,O+,4,3,2022-06-27,Urgent,0.65
11752,46,AB+,7,4,2022-06-21,Emergency,0.559
11753,57,O+,3,3,2023-09-23,Emergency,0.914
11754,73,O-,9,6,2024-11-01,Routine,0.658
11755,27,O+,8,6,2023-10-25,Emergency,0.711
11756,62,O+,7,5,2022-08-22,Urgent,0.78
11757,59,O+,7,4,2024-08-22,Urgent,0.602
11758,71,AB+,8,6,2022-10-07,Routine,0.789
11759,44,O+,6,4,2024-08-18,Urgent,0.746
11760,30,O+,7,6,2023-10-03,Urgent,0.831
11761,3,O+,3,2,2022-03-06,Routine,0.682
11762,3,B+,3,2,2023-02-13,Routine,0.735
11763,5,AB+,2,1,2024-06-16,Routine,0.605
11764,67,A+,8,8,2022-02-02,Urgent,0.97
11765,12,B+,10,9,2022-07-14,Urgent,0.863
11766,45,O+,8,5,2024-03-17,Routine,0.606
11767,64,A+,2,1,2022-03-17,Routine,0.656
11768,22,A+,7,6,2023-05-07,Routine,0.873
11769,10,O+,10,6,2022-05-28,Routine,0.612
11770,64,O+,1,1,2022-05-28,Routine,0.774
11771,75,B+,4,4,2024-08-19,Routine,0.918
11772,52,AB+,3,3,2024-04-28,Routine,0.916
11773,10,A+,8,8,2023-04-14,Urgent,0.992
11774,17,B+,4,2,2024-05-03,Emergency,0.546
11775,24,O-,1,1,2022-09-17,Urgent,0.515
11776,33,AB+,2,1,2022-07-30,Urgent,0.739
11777,58,O+,6,5,2024-04-21,Routine,0.835
11778,2,B+,8,7,2024-09-15,Routine,0.862
11779,33,A+,8,7,2022-05-30,Urgent,0.918
11780,55,B+,2,2,2022-06-10,Routine,0.763
11781,69,O+,10,6,2022-07-13,Routine,0.616
11782,66,O+,4,3,2023-11-29,Urgent,0.671
11783,40,A-,7,2,2023-06-25,Emergency,0.344
11784,27,B+,7,6,2022-09-18,Urgent,0.916
11785,44,A+,5,5,2024-09-15,Routine,0.945
11786,67,O+,7,5,2024-07-09,Urgent,0.678
11787,46,A+,8,7,2022-06-11,Routine,0.85
11788,71,A+,4,3,2022-08-24,Urgent,0.74
11789,62,O+,3,2,2022-07-29,Routine,0.794
11790,59,B-,9,6,2022-03-18,Urgent,0.659
11791,72,O+,3,2,2023-02-01,Emergency,0.609
11792,9,O+,7,5,2022-04-29,Routine,0.7
11793,53,O-,10,6,2023-11-21,Urgent,0.648
11794,5,O+,10,8,2024-09-18,Urgent,0.814
11795,78,A+,7,7,2023-05-07,Routine,0.999
11796,63,O+,3,2,2024-09-16,Routine,0.646
11797,48,O+,9,7,2024-05-14,Routine,0.742
11798,80,B+,7,5,2023-12-02,Routine,0.646
11799,15,A+,8,6,2022-09-12,Routine,0.714
11800,18,O+,9,8,2024-03-19,Routine,0.906
11801,31,B+,10,6,2023-02-14,Emergency,0.578
11802,1,O+,7,7,2023-03-02,Routine,0.964
11803,57,A+,5,3,2022-01-17,Routine,0.686
11804,71,O+,3,3,2022-08-26,Routine,0.942
11805,33,B+,6,6,2022-08-05,Routine,0.967
11806,74,AB+,8,4,2023-12-27,Emergency,0.528
11807,37,O+,3,2,2022-01-10,Routine,0.789
11808,52,A+,3,2,2023-04-22,Routine,0.813
11809,53,O+,7,6,2024-11-22,Routine,0.868
11810,16,B+,6,5,2024-01-29,Routine,0.856
11811,46,A+,9,9,2023-05-05,Routine,0.977
11812,2,B+,4,3,2022-12-05,Emergency,0.708
11813,55,B+,2,2,2024-11-28,Routine,0.854
11814,66,O+,8,7,2024-04-17,Routine,0.836
11815,4,A+,6,6,2022-07-22,Emergency,0.924
11816,58,A+,1,1,2023-01-28,Urgent,0.679
11817,80,O+,1,1,2023-09-18,Urgent,0.935
11818,26,AB+,8,6,2022-11-25,Emergency,0.742
11819,55,O-,3,1,2022-09-10,Routine,0.379
11820,65,O+,3,3,2022-05-26,Routine,0.91
11821,52,O+,5,3,2024-12-10,Routine,0.669
11822,55,O+,8,5,2024-06-15,Emergency,0.585
11823,18,O+,5,3,2024-11-21,Urgent,0.659
11824,12,A+,6,4,2024-02-01,Urgent,0.74
11825,17,O+,6,4,2022-01-29,Urgent,0.634
11826,50,O+,8,8,2023-09-21,Routine,0.959
11827,15,A+,9,5,2023-02-27,Emergency,0.519
11828,50,A+,7,7,2023-06-02,Urgent,0.968
11829,76,B+,1,1,2023-02-25,Urgent,0.887
11830,38,O+,10,8,2024-06-11,Urgent,0.77
11831,40,O+,3,2,2022-05-02,Emergency,0.609
11832,24,O+,10,10,2022-10-10,Routine,0.982
11833,11,A+,7,5,2023-07-27,Routine,0.649
11834,66,B+,4,3,2022-11-14,Urgent,0.871
11835,64,O+,5,4,2022-08-15,Emergency,0.784
11836,1,O+,5,3,2023-11-03,Routine,0.61
11837,77,O+,10,7,2024-01-11,Urgent,0.683
11838,51,O+,10,6,2024-09-29,Routine,0.628
11839,45,B+,3,2,2022-07-24,Emergency,0.561
11840,51,O+,2,1,2022-01-10,Emergency,0.593
11841,40,A+,4,3,2022-06-09,Routine,0.71
11842,72,O+,2,1,2023-05-01,Urgent,0.701
11843,39,O+,3,3,2024-09-08,Routine,0.87
11844,12,A+,1,1,2022-01-08,Urgent,0.919
11845,44,A+,10,8,2023-05-25,Routine,0.85
11846,32,B+,8,6,2022-10-25,Urgent,0.801
11847,56,O+,8,5,2022-12-29,Routine,0.601
11848,68,A+,9,7,2022-02-14,Urgent,0.793
11849,80,O+,3,2,2023-12-15,Urgent,0.652
11850,26,O+,6,4,2023-11-10,Routine,0.686
11851,22,A+,3,3,2023-07-08,Urgent,0.848
11852,61,O+,7,5,2022-12-28,Routine,0.683
11853,76,O+,2,1,2024-10-23,Routine,0.711
11854,30,O+,8,8,2022-08-22,Routine,0.989
11855,38,A+,5,4,2024-05-24,Urgent,0.745
11856,42,O+,6,4,2022-10-07,Urgent,0.607
11857,63,B+,3,2,2022-04-01,Routine,0.687
11858,28,O+,4,3,2022-03-02,Urgent,0.841
11859,62,A+,6,5,2022-03-11,Routine,0.878
11860,77,O+,8,8,2023-09-20,Routine,0.939
11861,52,B+,6,4,2023-07-03,Urgent,0.705
11862,76,O+,1,1,2023-04-28,Routine,0.904
11863,71,O+,5,4,2022-07-25,Urgent,0.726
11864,13,B+,1,1,2023-03-11,Emergency,0.563
11865,1,O+,2,2,2024-10-21,Routine,0.759
11866,42,A+,10,9,2022-03-21,Urgent,0.908
11867,53,O+,7,6,2023-08-28,Emergency,0.891
11868,69,AB+,5,3,2022-02-10,Urgent,0.62
11869,12,B-,4,2,2022-02-16,Emergency,0.529
11870,13,O+,1,1,2022-04-14,Routine,0.635
11871,1,O+,2,2,2024-12-03,Urgent,0.928
11872,37,O+,8,8,2022-08-20,Routine,0.968
11873,10,B-,10,3,2023-10-08,Routine,0.269
11874,47,B+,5,5,2023-09-10,Urgent,0.94
11875,25,O-,4,3,2022-06-11,Routine,0.65
11876,22,O+,3,2,2022-12-31,Emergency,0.536
11877,40,B+,6,5,2022-02-23,Emergency,0.838
11878,19,A+,2,2,2024-10-17,Urgent,0.877
11879,21,B+,6,6,2022-07-04,Routine,0.985
11880,14,O+,10,9,2024-08-02,Routine,0.91
11881,38,O+,5,4,2022-10-31,Emergency,0.743
11882,52,O+,1,1,2023-11-07,Urgent,0.636
11883,68,O+,1,1,2024-03-28,Routine,1.0
11884,73,A+,6,5,2023-06-30,Urgent,0.897
11885,5,O+,9,6,2022-06-15,Routine,0.629
11886,61,A+,7,7,2023-02-28,Routine,1.0
11887,31,A+,10,7,2023-12-10,Routine,0.704
11888,22,AB+,10,7,2022-07-25,Routine,0.717
11889,31,B+,10,9,2022-04-20,Urgent,0.852
11890,80,A+,6,6,2023-01-10,Urgent,0.98
11891,51,O+,4,3,2022-08-18,Routine,0.815
11892,31,A-,3,2,2023-08-16,Routine,0.668
11893,2,B+,1,1,2022-05-13,Routine,0.665
11894,13,O+,5,3,2024-06-17,Urgent,0.602
11895,7,A+,9,7,2022-10-25,Urgent,0.828
11896,33,O-,3,2,2022-11-05,Urgent,0.69
11897,2,O+,4,3,2022-05-14,Routine,0.661
11898,40,O+,5,4,2023-03-15,Emergency,0.749
11899,15,O+,8,6,2023-09-26,Routine,0.75
11900,69,A+,3,3,2022-10-25,Urgent,0.899
11901,70,A+,1,1,2022-11-06,Urgent,0.715
11902,56,A+,10,6,2022-03-29,Urgent,0.634
11903,57,A+,10,8,2024-02-18,Routine,0.805
11904,66,O+,10,9,2022-12-20,Routine,0.913
11905,31,A+,1,1,2023-05-10,Routine,0.783
11906,9,A+,8,5,2024-04-17,Emergency,0.62
11907,5,A+,7,7,2024-01-16,Routine,0.989
11908,62,A+,7,5,2022-03-12,Urgent,0.775
11909,32,A+,2,2,2023-11-08,Emergency,0.88
11910,37,O+,1,1,2024-09-13,Urgent,0.801
11911,26,A+,9,8,2023-09-19,Routine,0.887
11912,33,O+,2,2,2022-12-21,Urgent,0.82
11913,29,B+,3,2,2022-11-19,Routine,0.735
11914,26,O+,4,3,2024-06-18,Urgent,0.726
11915,13,A+,1,1,2023-08-26,Urgent,0.906
11916,14,AB+,10,7,2022-03-28,Routine,0.65
11917,50,A+,4,4,2024-02-03,Emergency,0.971
11918,39,AB-,9,2,2022-04-21,Routine,0.252
11919,57,A+,9,7,2024-10-09,Routine,0.771
11920,73,O+,5,4,2023-02-12,Emergency,0.861
11921,13,B+,4,4,2023-10-11,Emergency,0.877
11922,40,O+,2,1,2023-09-18,Routine,0.716
11923,23,O+,4,3,2024-02-14,Emergency,0.813
11924,42,O+,5,3,2022-09-01,Emergency,0.562
11925,73,O+,5,3,2022-07-03,Urgent,0.636
11926,3,O+,9,7,2023-06-15,Routine,0.745
11927,33,O+,9,8,2024-12-04,Routine,0.861
11928,78,AB-,3,1,2023-06-05,Routine,0.27
11929,67,A+,5,3,2022-01-04,Routine,0.641
11930,67,A+,2,1,2023-03-19,Routine,0.614
11931,32,O+,5,5,2024-06-14,Routine,0.915
11932,41,O+,1,1,2024-07-04,Routine,0.8
11933,62,B+,1,1,2024-05-31,Routine,0.776
11934,47,O+,2,1,2022-05-02,Emergency,0.552
11935,65,AB+,3,3,2024-02-04,Urgent,0.974
11936,6,O+,5,3,2024-07-01,Urgent,0.665
11937,9,O+,1,1,2023-08-20,Urgent,0.825
11938,22,AB+,8,6,2024-05-07,Urgent,0.773
11939,15,B+,6,3,2022-11-15,Emergency,0.562
11940,44,O+,3,2,2023-07-01,Routine,0.707
11941,2,B+,8,5,2022-08-08,Routine,0.673
11942,22,O+,6,5,2023-07-18,Routine,0.84
11943,43,A+,3,3,2022-05-24,Routine,0.835
11944,45,O+,3,2,2022-02-27,Urgent,0.793
11945,5,O-,5,1,2024-12-18,Emergency,0.239
11946,56,A+,5,4,2024-08-04,Routine,0.711
11947,36,O+,10,10,2022-12-14,Emergency,0.958
11948,47,O+,1,1,2022-07-19,Routine,0.934
11949,74,A+,5,5,2023-06-21,Routine,0.93
11950,65,O+,5,4,2024-01-11,Urgent,0.886
11951,34,O+,8,7,2023-12-25,Routine,0.931
11952,40,B+,10,8,2023-04-11,Routine,0.764
11953,52,O+,4,3,2022-02-23,Routine,0.844
11954,60,A+,2,1,2024-09-30,Urgent,0.662
11955,17,A-,3,1,2024-06-05,Urgent,0.429
11956,69,B+,7,5,2023-12-23,Emergency,0.679
11957,21,A+,7,5,2022-06-30,Routine,0.778
11958,12,AB+,2,2,2024-05-16,Urgent,0.969
11959,39,O+,3,2,2022-06-30,Urgent,0.76
11960,18,AB+,1,1,2024-04-23,Routine,0.817
11961,6,A+,4,4,2024-08-15,Urgent,0.975
11962,30,B+,2,2,2024-10-08,Routine,0.84
11963,64,A+,4,4,2023-12-04,Routine,0.966
11964,76,O-,7,2,2023-06-03,Urgent,0.349
11965,68,B+,9,8,2023-09-25,Urgent,0.93
11966,15,O+,2,1,2022-04-07,Emergency,0.629
11967,64,A+,4,3,2024-05-16,Urgent,0.756
11968,16,O+,4,4,2024-11-06,Urgent,0.988
11969,59,AB+,1,1,2024-09-02,Emergency,0.987
11970,7,A-,9,3,2022-01-13,Routine,0.357
11971,77,A+,8,5,2022-10-08,Routine,0.613
11972,19,O+,10,6,2023-08-23,Urgent,0.607
11973,65,O+,1,1,2022-09-17,Urgent,0.631
11974,33,A-,3,2,2022-11-22,Urgent,0.685
11975,65,B+,6,6,2023-05-08,Routine,0.965
11976,77,B+,7,5,2023-07-21,Urgent,0.733
11977,6,O+,2,2,2023-12-26,Routine,0.882
11978,64,A+,5,4,2024-08-12,Routine,0.881
11979,62,O+,5,4,2024-01-19,Emergency,0.808
11980,44,O+,7,7,2023-11-01,Routine,0.989
11981,45,AB+,3,3,2022-01-03,Routine,0.894
11982,74,A+,3,2,2023-06-29,Routine,0.733
11983,56,B+,3,2,2022-12-02,Routine,0.798
11984,68,AB+,7,7,2022-12-14,Urgent,0.947
11985,51,A+,10,7,2024-12-06,Emergency,0.738
11986,43,O+,5,4,2023-12-18,Urgent,0.74
11987,46,A+,10,8,2022-10-19,Routine,0.802
11988,40,AB+,4,3,2022-02-07,Routine,0.832
11989,35,O+,1,1,2023-07-31,Emergency,0.742
11990,24,O+,1,1,2024-02-15,Emergency,0.709
11991,46,B+,5,3,2024-03-25,Routine,0.605
11992,76,O+,4,3,2022-02-04,Urgent,0.647
11993,44,O+,10,10,2024-01-28,Routine,0.98
11994,37,O+,2,2,2023-04-01,Routine,0.988
11995,75,A+,4,3,2024-11-15,Routine,0.645
11996,16,B+,1,1,2023-02-11,Urgent,0.718
11997,26,O+,8,7,2023-01-25,Routine,0.855
11998,43,O+,9,7,2023-07-03,Urgent,0.794
11999,16,O+,9,6,2023-04-25,Emergency,0.686
12000,43,A+,5,4,2023-03-02,Routine,0.815
